translator	document	Pali_key	reasons
bodhi	an10.12	an10.12:4.1	unreviewed-verse
bodhi	an10.12	an10.12:4.2	unreviewed-verse
bodhi	an10.12	an10.12:6.1	unreviewed-verse
bodhi	an10.12	an10.12:6.2	unreviewed-verse
bodhi	an10.12	an10.12:6.3	unreviewed-verse
bodhi	an10.12	an10.12:6.4	unreviewed-verse
bodhi	an10.39	an10.39:3.1	unreviewed-verse
bodhi	an10.39	an10.39:3.2	unreviewed-verse
bodhi	an10.39	an10.39:3.3	unreviewed-verse
bodhi	an10.39	an10.39:3.4	unreviewed-verse
bodhi	an10.39	an10.39:3.5	unreviewed-verse
bodhi	an10.39	an10.39:3.6	unreviewed-verse
bodhi	an10.40	an10.40:3.1	unreviewed-verse
bodhi	an10.40	an10.40:3.2	unreviewed-verse
bodhi	an10.40	an10.40:3.3	unreviewed-verse
bodhi	an10.40	an10.40:3.4	unreviewed-verse
bodhi	an10.40	an10.40:3.5	unreviewed-verse
bodhi	an10.40	an10.40:3.6	unreviewed-verse
bodhi	an3.26	an3.26:4.1	unreviewed-verse
bodhi	an3.26	an3.26:4.2	unreviewed-verse
bodhi	an3.26	an3.26:4.3	unreviewed-verse
bodhi	an3.26	an3.26:4.4	unreviewed-verse
bodhi	an3.27	an3.27:4.1	unreviewed-verse
bodhi	an3.27	an3.27:4.2	unreviewed-verse
bodhi	an3.27	an3.27:4.3	unreviewed-verse
bodhi	an3.27	an3.27:4.4	unreviewed-verse
bodhi	an3.29	an3.29:4.1	unreviewed-verse
bodhi	an3.29	an3.29:5.2	unreviewed-verse
bodhi	an3.29	an3.29:5.3	unreviewed-verse
bodhi	an3.29	an3.29:5.4	unreviewed-verse
bodhi	an3.29	an3.29:6.1	unreviewed-verse
bodhi	an3.29	an3.29:6.2	unreviewed-verse
bodhi	an3.29	an3.29:6.3	unreviewed-verse
bodhi	an3.29	an3.29:6.4	unreviewed-verse
bodhi	an3.29	an3.29:6.5	unreviewed-verse
bodhi	an3.29	an3.29:6.6	unreviewed-verse
bodhi	an3.29	an3.29:7.1	unreviewed-verse
bodhi	an3.29	an3.29:7.2	unreviewed-verse
bodhi	an3.29	an3.29:7.3	unreviewed-verse
bodhi	an3.29	an3.29:7.4	unreviewed-verse
bodhi	an3.29	an3.29:8.1	unreviewed-verse
bodhi	an3.29	an3.29:8.2	unreviewed-verse
bodhi	an3.29	an3.29:8.3	unreviewed-verse
bodhi	an3.30	an3.30:4.1	unreviewed-verse
bodhi	an3.30	an3.30:4.2	unreviewed-verse
bodhi	an3.30	an3.30:4.3	unreviewed-verse
bodhi	an3.30	an3.30:5.1	unreviewed-verse
bodhi	an3.30	an3.30:5.2	unreviewed-verse
bodhi	an3.30	an3.30:5.3	unreviewed-verse
bodhi	an3.30	an3.30:5.4	unreviewed-verse
bodhi	an3.30	an3.30:6.1	unreviewed-verse
bodhi	an3.30	an3.30:6.2	unreviewed-verse
bodhi	an3.30	an3.30:6.3	unreviewed-verse
bodhi	an3.30	an3.30:7.1	unreviewed-verse
bodhi	an3.30	an3.30:7.2	unreviewed-verse
bodhi	an3.30	an3.30:7.3	unreviewed-verse
bodhi	an3.30	an3.30:7.4	unreviewed-verse
bodhi	an3.30	an3.30:7.5	unreviewed-verse
bodhi	an3.30	an3.30:7.6	unreviewed-verse
bodhi	an3.30	an3.30:8.1	unreviewed-verse
bodhi	an3.30	an3.30:8.2	unreviewed-verse
bodhi	an3.30	an3.30:8.3	unreviewed-verse
bodhi	an3.30	an3.30:9.1	unreviewed-verse
bodhi	an3.30	an3.30:9.2	unreviewed-verse
bodhi	an3.30	an3.30:9.3	unreviewed-verse
bodhi	an3.30	an3.30:9.4	unreviewed-verse
bodhi	an3.30	an3.30:10.1	unreviewed-verse
bodhi	an3.30	an3.30:10.2	unreviewed-verse
bodhi	an3.30	an3.30:10.3	unreviewed-verse
bodhi	an3.30	an3.30:10.4	unreviewed-verse
bodhi	an3.31	an3.31:2.1	unreviewed-verse
bodhi	an3.31	an3.31:2.2	unreviewed-verse
bodhi	an3.31	an3.31:2.3	unreviewed-verse
bodhi	an3.31	an3.31:2.4	unreviewed-verse
bodhi	an3.31	an3.31:3.3	unreviewed-verse
bodhi	an3.31	an3.31:3.4	unreviewed-verse
bodhi	an3.31	an3.31:3.5	unreviewed-verse
bodhi	an3.31	an3.31:3.6	unreviewed-verse
bodhi	an3.31	an3.31:4.1	unreviewed-verse
bodhi	an3.31	an3.31:4.2	unreviewed-verse
bodhi	an3.31	an3.31:4.3	unreviewed-verse
bodhi	an3.31	an3.31:4.4	unreviewed-verse
bodhi	an3.32	an3.32:6.1	unreviewed-verse
bodhi	an3.32	an3.32:6.2	unreviewed-verse
bodhi	an3.32	an3.32:6.3	unreviewed-verse
bodhi	an3.32	an3.32:6.4	unreviewed-verse
bodhi	an3.33	an3.33:4.1	unreviewed-verse
bodhi	an3.33	an3.33:4.2	unreviewed-verse
bodhi	an3.33	an3.33:4.3	unreviewed-verse
bodhi	an3.33	an3.33:4.4	unreviewed-verse
bodhi	an3.33	an3.33:5.1	unreviewed-verse
bodhi	an3.33	an3.33:5.2	unreviewed-verse
bodhi	an3.33	an3.33:5.3	unreviewed-verse
bodhi	an3.33	an3.33:5.4	unreviewed-verse
bodhi	an3.34	an3.34:13.1	unreviewed-verse
bodhi	an3.35	an3.35:9.2	unreviewed-verse
bodhi	an3.35	an3.35:9.3	unreviewed-verse
bodhi	an3.35	an3.35:9.4	unreviewed-verse
bodhi	an3.36	an3.36:16.1	unreviewed-verse
bodhi	an3.36	an3.36:16.2	unreviewed-verse
bodhi	an3.36	an3.36:16.3	unreviewed-verse
bodhi	an3.36	an3.36:16.4	unreviewed-verse
bodhi	an3.36	an3.36:17.1	unreviewed-verse
bodhi	an3.36	an3.36:17.2	unreviewed-verse
bodhi	an3.36	an3.36:17.3	unreviewed-verse
bodhi	an3.36	an3.36:17.4	unreviewed-verse
bodhi	an3.36	an3.36:19.1	unreviewed-verse
bodhi	an3.36	an3.36:19.2	unreviewed-verse
bodhi	an3.36	an3.36:19.3	unreviewed-verse
bodhi	an3.36	an3.36:19.4	unreviewed-verse
bodhi	an3.36	an3.36:20.1	unreviewed-verse
bodhi	an3.36	an3.36:20.2	unreviewed-verse
bodhi	an3.36	an3.36:20.3	unreviewed-verse
bodhi	an3.36	an3.36:20.4	unreviewed-verse
bodhi	an3.36	an3.36:21.1	unreviewed-verse
bodhi	an3.36	an3.36:21.2	unreviewed-verse
bodhi	an3.36	an3.36:21.3	unreviewed-verse
bodhi	an3.36	an3.36:21.4	unreviewed-verse
bodhi	an3.36	an3.36:22.1	unreviewed-verse
bodhi	an3.36	an3.36:22.2	unreviewed-verse
bodhi	an3.36	an3.36:22.3	unreviewed-verse
bodhi	an3.36	an3.36:22.4	unreviewed-verse
bodhi	an3.37	an3.37:5.1	unreviewed-verse
bodhi	an3.37	an3.37:5.2	unreviewed-verse
bodhi	an3.37	an3.37:5.3	unreviewed-verse
bodhi	an3.37	an3.37:5.4	unreviewed-verse
bodhi	an3.37	an3.37:5.5	unreviewed-verse
bodhi	an3.37	an3.37:5.6	unreviewed-verse
bodhi	an3.37	an3.37:8.1	unreviewed-verse
bodhi	an3.37	an3.37:8.2	unreviewed-verse
bodhi	an3.37	an3.37:8.3	unreviewed-verse
bodhi	an3.37	an3.37:8.4	unreviewed-verse
bodhi	an3.37	an3.37:8.5	unreviewed-verse
bodhi	an3.37	an3.37:8.6	unreviewed-verse
bodhi	an3.38	an3.38:2.1	unreviewed-verse
bodhi	an3.38	an3.38:2.2	unreviewed-verse
bodhi	an3.38	an3.38:2.3	unreviewed-verse
bodhi	an3.38	an3.38:2.4	unreviewed-verse
bodhi	an3.38	an3.38:2.5	unreviewed-verse
bodhi	an3.38	an3.38:2.6	unreviewed-verse
bodhi	an3.38	an3.38:5.1	unreviewed-verse
bodhi	an3.38	an3.38:5.2	unreviewed-verse
bodhi	an3.38	an3.38:5.3	unreviewed-verse
bodhi	an3.38	an3.38:5.4	unreviewed-verse
bodhi	an3.38	an3.38:5.5	unreviewed-verse
bodhi	an3.38	an3.38:5.6	unreviewed-verse
bodhi	an3.39	an3.39:8.1	unreviewed-verse
bodhi	an3.39	an3.39:8.2	unreviewed-verse
bodhi	an3.39	an3.39:8.3	unreviewed-verse
bodhi	an3.39	an3.39:8.4	unreviewed-verse
bodhi	an3.39	an3.39:9.1	unreviewed-verse
bodhi	an3.39	an3.39:9.2	unreviewed-verse
bodhi	an3.39	an3.39:9.3	unreviewed-verse
bodhi	an3.39	an3.39:9.4	unreviewed-verse
bodhi	an3.39	an3.39:10.1	unreviewed-verse
bodhi	an3.39	an3.39:10.2	unreviewed-verse
bodhi	an3.39	an3.39:10.3	unreviewed-verse
bodhi	an3.39	an3.39:10.4	unreviewed-verse
bodhi	an3.39	an3.39:11.1	unreviewed-verse
bodhi	an3.39	an3.39:11.2	unreviewed-verse
bodhi	an3.39	an3.39:11.3	unreviewed-verse
bodhi	an3.39	an3.39:11.4	unreviewed-verse
bodhi	an3.39	an3.39:12.1	unreviewed-verse
bodhi	an3.39	an3.39:12.2	unreviewed-verse
bodhi	an3.39	an3.39:12.3	unreviewed-verse
bodhi	an3.39	an3.39:12.4	unreviewed-verse
bodhi	an3.40	an3.40:4.1	unreviewed-verse
bodhi	an3.40	an3.40:4.2	unreviewed-verse
bodhi	an3.40	an3.40:4.3	unreviewed-verse
bodhi	an3.40	an3.40:4.4	unreviewed-verse
bodhi	an3.40	an3.40:5.1	unreviewed-verse
bodhi	an3.40	an3.40:5.2	unreviewed-verse
bodhi	an3.40	an3.40:6.1	unreviewed-verse
bodhi	an3.40	an3.40:6.2	unreviewed-verse
bodhi	an3.40	an3.40:6.3	unreviewed-verse
bodhi	an3.40	an3.40:6.4	unreviewed-verse
bodhi	an3.40	an3.40:6.5	unreviewed-verse
bodhi	an3.40	an3.40:6.6	unreviewed-verse
bodhi	an3.40	an3.40:7.1	unreviewed-verse
bodhi	an3.40	an3.40:7.2	unreviewed-verse
bodhi	an3.40	an3.40:7.3	unreviewed-verse
bodhi	an3.40	an3.40:7.4	unreviewed-verse
bodhi	an3.42	an3.42:2.1	unreviewed-verse
bodhi	an3.42	an3.42:2.2	unreviewed-verse
bodhi	an3.42	an3.42:2.3	unreviewed-verse
bodhi	an3.42	an3.42:2.4	unreviewed-verse
bodhi	an3.45	an3.45:2.1	unreviewed-verse
bodhi	an3.45	an3.45:2.2	unreviewed-verse
bodhi	an3.45	an3.45:2.3	unreviewed-verse
bodhi	an3.45	an3.45:2.4	unreviewed-verse
bodhi	an3.45	an3.45:3.1	unreviewed-verse
bodhi	an3.45	an3.45:3.2	unreviewed-verse
bodhi	an3.45	an3.45:3.3	unreviewed-verse
bodhi	an3.45	an3.45:3.4	unreviewed-verse
bodhi	an3.48	an3.48:3.1	unreviewed-verse
bodhi	an3.48	an3.48:3.2	unreviewed-verse
bodhi	an3.48	an3.48:3.3	unreviewed-verse
bodhi	an3.48	an3.48:3.4	unreviewed-verse
bodhi	an3.48	an3.48:4.1	unreviewed-verse
bodhi	an3.48	an3.48:4.6	unreviewed-verse
bodhi	an3.48	an3.48:5.1	unreviewed-verse
bodhi	an3.48	an3.48:5.2	unreviewed-verse
bodhi	an3.48	an3.48:5.3	unreviewed-verse
bodhi	an3.48	an3.48:5.4	unreviewed-verse
bodhi	an3.48	an3.48:6.1	unreviewed-verse
bodhi	an3.48	an3.48:6.2	unreviewed-verse
bodhi	an3.48	an3.48:6.3	unreviewed-verse
bodhi	an3.51	an3.51:3.1	unreviewed-verse
bodhi	an3.51	an3.51:3.2	unreviewed-verse
bodhi	an3.51	an3.51:3.3	unreviewed-verse
bodhi	an3.51	an3.51:3.4	unreviewed-verse
bodhi	an3.51	an3.51:4.1	unreviewed-verse
bodhi	an3.51	an3.51:4.2	unreviewed-verse
bodhi	an3.51	an3.51:4.3	unreviewed-verse
bodhi	an3.51	an3.51:4.4	unreviewed-verse
bodhi	an3.52	an3.52:3.1	unreviewed-verse
bodhi	an3.52	an3.52:3.2	unreviewed-verse
bodhi	an3.52	an3.52:3.3	unreviewed-verse
bodhi	an3.52	an3.52:3.4	unreviewed-verse
bodhi	an3.52	an3.52:4.1	unreviewed-verse
bodhi	an3.52	an3.52:4.2	unreviewed-verse
bodhi	an3.52	an3.52:4.3	unreviewed-verse
bodhi	an3.52	an3.52:4.4	unreviewed-verse
bodhi	an3.52	an3.52:5.1	unreviewed-verse
bodhi	an3.52	an3.52:5.2	unreviewed-verse
bodhi	an3.52	an3.52:5.3	unreviewed-verse
bodhi	an3.52	an3.52:5.4	unreviewed-verse
bodhi	an3.57	an3.57:6.1	unreviewed-verse
bodhi	an3.57	an3.57:6.2	unreviewed-verse
bodhi	an3.57	an3.57:6.3	unreviewed-verse
bodhi	an3.57	an3.57:6.4	unreviewed-verse
bodhi	an3.57	an3.57:7.1	unreviewed-verse
bodhi	an3.57	an3.57:7.2	unreviewed-verse
bodhi	an3.57	an3.57:7.3	unreviewed-verse
bodhi	an3.57	an3.57:7.4	unreviewed-verse
bodhi	an3.57	an3.57:7.5	unreviewed-verse
bodhi	an3.57	an3.57:7.6	unreviewed-verse
bodhi	an3.57	an3.57:8.1	unreviewed-verse
bodhi	an3.57	an3.57:8.2	unreviewed-verse
bodhi	an3.57	an3.57:8.3	unreviewed-verse
bodhi	an3.57	an3.57:8.4	unreviewed-verse
bodhi	an3.57	an3.57:9.1	unreviewed-verse
bodhi	an3.57	an3.57:9.2	unreviewed-verse
bodhi	an3.57	an3.57:9.3	unreviewed-verse
bodhi	an3.57	an3.57:9.4	unreviewed-verse
bodhi	an3.57	an3.57:10.1	unreviewed-verse
bodhi	an3.57	an3.57:10.2	unreviewed-verse
bodhi	an3.57	an3.57:10.3	unreviewed-verse
bodhi	an3.57	an3.57:10.4	unreviewed-verse
bodhi	an3.57	an3.57:11.1	unreviewed-verse
bodhi	an3.57	an3.57:11.2	unreviewed-verse
bodhi	an3.57	an3.57:11.3	unreviewed-verse
bodhi	an3.57	an3.57:11.4	unreviewed-verse
bodhi	an3.57	an3.57:12.1	unreviewed-verse
bodhi	an3.57	an3.57:12.2	unreviewed-verse
bodhi	an3.57	an3.57:12.3	unreviewed-verse
bodhi	an3.57	an3.57:12.4	unreviewed-verse
bodhi	an3.57	an3.57:13.1	unreviewed-verse
bodhi	an3.57	an3.57:13.2	unreviewed-verse
bodhi	an3.57	an3.57:13.3	unreviewed-verse
bodhi	an3.57	an3.57:13.4	unreviewed-verse
bodhi	an3.57	an3.57:14.1	unreviewed-verse
bodhi	an3.57	an3.57:14.2	unreviewed-verse
bodhi	an3.57	an3.57:14.3	unreviewed-verse
bodhi	an3.57	an3.57:14.4	unreviewed-verse
bodhi	an4.10	an4.10:9.1	unreviewed-verse
bodhi	an4.10	an4.10:9.2	unreviewed-verse
bodhi	an4.10	an4.10:9.3	unreviewed-verse
bodhi	an4.10	an4.10:9.4	unreviewed-verse
bodhi	an4.10	an4.10:10.1	unreviewed-verse
bodhi	an4.10	an4.10:10.2	unreviewed-verse
bodhi	an4.10	an4.10:10.3	unreviewed-verse
bodhi	an4.10	an4.10:10.4	unreviewed-verse
bodhi	an4.10	an4.10:11.1	unreviewed-verse
bodhi	an4.10	an4.10:11.2	unreviewed-verse
bodhi	an4.10	an4.10:11.3	unreviewed-verse
bodhi	an4.10	an4.10:11.4	unreviewed-verse
bodhi	an4.11	an4.11:9.1	unreviewed-verse
bodhi	an4.11	an4.11:9.2	unreviewed-verse
bodhi	an4.11	an4.11:9.3	unreviewed-verse
bodhi	an4.11	an4.11:9.4	unreviewed-verse
bodhi	an4.11	an4.11:10.1	unreviewed-verse
bodhi	an4.11	an4.11:10.2	unreviewed-verse
bodhi	an4.11	an4.11:10.3	unreviewed-verse
bodhi	an4.11	an4.11:10.4	unreviewed-verse
bodhi	an4.11	an4.11:11.1	unreviewed-verse
bodhi	an4.11	an4.11:11.2	unreviewed-verse
bodhi	an4.11	an4.11:11.3	unreviewed-verse
bodhi	an4.11	an4.11:11.4	unreviewed-verse
bodhi	an4.11	an4.11:11.5	unreviewed-verse
bodhi	an4.11	an4.11:11.6	unreviewed-verse
bodhi	an4.12	an4.12:6.1	unreviewed-verse
bodhi	an4.12	an4.12:6.2	unreviewed-verse
bodhi	an4.12	an4.12:6.3	unreviewed-verse
bodhi	an4.12	an4.12:6.4	unreviewed-verse
bodhi	an4.12	an4.12:7.1	unreviewed-verse
bodhi	an4.12	an4.12:7.2	unreviewed-verse
bodhi	an4.12	an4.12:7.3	unreviewed-verse
bodhi	an4.12	an4.12:7.4	unreviewed-verse
bodhi	an4.12	an4.12:8.1	unreviewed-verse
bodhi	an4.12	an4.12:8.2	unreviewed-verse
bodhi	an4.12	an4.12:8.3	unreviewed-verse
bodhi	an4.12	an4.12:8.4	unreviewed-verse
bodhi	an4.13	an4.13:2.1	unreviewed-verse
bodhi	an4.13	an4.13:2.2	unreviewed-verse
bodhi	an4.13	an4.13:2.3	unreviewed-verse
bodhi	an4.13	an4.13:2.4	unreviewed-verse
bodhi	an4.14	an4.14:5.1	unreviewed-verse
bodhi	an4.14	an4.14:5.2	unreviewed-verse
bodhi	an4.14	an4.14:5.3	unreviewed-verse
bodhi	an4.14	an4.14:5.4	unreviewed-verse
bodhi	an4.14	an4.14:5.5	unreviewed-verse
bodhi	an4.14	an4.14:5.6	unreviewed-verse
bodhi	an4.15	an4.15:2.1	unreviewed-verse
bodhi	an4.15	an4.15:2.2	unreviewed-verse
bodhi	an4.15	an4.15:2.3	unreviewed-verse
bodhi	an4.15	an4.15:2.4	unreviewed-verse
bodhi	an4.15	an4.15:3.1	unreviewed-verse
bodhi	an4.15	an4.15:3.2	unreviewed-verse
bodhi	an4.15	an4.15:3.3	unreviewed-verse
bodhi	an4.15	an4.15:3.4	unreviewed-verse
bodhi	an4.16	an4.16:2.1	unreviewed-verse
bodhi	an4.16	an4.16:2.2	unreviewed-verse
bodhi	an4.16	an4.16:2.3	unreviewed-verse
bodhi	an4.16	an4.16:2.4	unreviewed-verse
bodhi	an4.16	an4.16:2.5	unreviewed-verse
bodhi	an4.16	an4.16:2.6	unreviewed-verse
bodhi	an4.16	an4.16:3.1	unreviewed-verse
bodhi	an4.16	an4.16:3.2	unreviewed-verse
bodhi	an4.16	an4.16:3.3	unreviewed-verse
bodhi	an4.16	an4.16:3.4	unreviewed-verse
bodhi	an4.17	an4.17:2.1	unreviewed-verse
bodhi	an4.17	an4.17:2.2	unreviewed-verse
bodhi	an4.17	an4.17:2.3	unreviewed-verse
bodhi	an4.17	an4.17:2.4	unreviewed-verse
bodhi	an4.18	an4.18:2.1	unreviewed-verse
bodhi	an4.18	an4.18:2.2	unreviewed-verse
bodhi	an4.18	an4.18:2.3	unreviewed-verse
bodhi	an4.18	an4.18:2.4	unreviewed-verse
bodhi	an4.19	an4.19:3.1	unreviewed-verse
bodhi	an4.19	an4.19:3.2	unreviewed-verse
bodhi	an4.19	an4.19:3.3	unreviewed-verse
bodhi	an4.19	an4.19:3.4	unreviewed-verse
bodhi	an4.19	an4.19:4.1	unreviewed-verse
bodhi	an4.19	an4.19:4.2	unreviewed-verse
bodhi	an4.19	an4.19:4.3	unreviewed-verse
bodhi	an4.19	an4.19:4.4	unreviewed-verse
bodhi	an4.1	an4.1:4.1	unreviewed-verse
bodhi	an4.1	an4.1:4.2	unreviewed-verse
bodhi	an4.1	an4.1:4.3	unreviewed-verse
bodhi	an4.1	an4.1:4.4	unreviewed-verse
bodhi	an4.1	an4.1:5.4	unreviewed-verse
bodhi	an4.20	an4.20:3.1	unreviewed-verse
bodhi	an4.20	an4.20:3.2	unreviewed-verse
bodhi	an4.20	an4.20:3.3	unreviewed-verse
bodhi	an4.20	an4.20:3.4	unreviewed-verse
bodhi	an4.20	an4.20:4.1	unreviewed-verse
bodhi	an4.20	an4.20:4.2	unreviewed-verse
bodhi	an4.20	an4.20:4.3	unreviewed-verse
bodhi	an4.20	an4.20:4.4	unreviewed-verse
bodhi	an4.20	an4.20:4.5	unreviewed-verse
bodhi	an4.20	an4.20:4.6	unreviewed-verse
bodhi	an4.21	an4.21:9.1	unreviewed-verse
bodhi	an4.21	an4.21:9.2	unreviewed-verse
bodhi	an4.21	an4.21:9.3	unreviewed-verse
bodhi	an4.21	an4.21:9.4	unreviewed-verse
bodhi	an4.21	an4.21:10.1	unreviewed-verse
bodhi	an4.21	an4.21:10.2	unreviewed-verse
bodhi	an4.21	an4.21:11.2	unreviewed-verse
bodhi	an4.21	an4.21:11.3	unreviewed-verse
bodhi	an4.21	an4.21:11.4	unreviewed-verse
bodhi	an4.22	an4.22:5.1	unreviewed-verse
bodhi	an4.22	an4.22:5.2	unreviewed-verse
bodhi	an4.22	an4.22:5.3	unreviewed-verse
bodhi	an4.22	an4.22:5.4	unreviewed-verse
bodhi	an4.22	an4.22:5.5	unreviewed-verse
bodhi	an4.22	an4.22:5.6	unreviewed-verse
bodhi	an4.22	an4.22:6.1	unreviewed-verse
bodhi	an4.22	an4.22:6.2	unreviewed-verse
bodhi	an4.22	an4.22:6.3	unreviewed-verse
bodhi	an4.22	an4.22:6.4	unreviewed-verse
bodhi	an4.22	an4.22:7.1	unreviewed-verse
bodhi	an4.22	an4.22:7.2	unreviewed-verse
bodhi	an4.22	an4.22:7.3	unreviewed-verse
bodhi	an4.24	an4.24:8.1	unreviewed-verse
bodhi	an4.24	an4.24:8.2	unreviewed-verse
bodhi	an4.24	an4.24:8.3	unreviewed-verse
bodhi	an4.24	an4.24:8.4	unreviewed-verse
bodhi	an4.24	an4.24:9.1	unreviewed-verse
bodhi	an4.24	an4.24:9.2	unreviewed-verse
bodhi	an4.24	an4.24:9.3	unreviewed-verse
bodhi	an4.24	an4.24:9.4	unreviewed-verse
bodhi	an4.25	an4.25:2.1	unreviewed-verse
bodhi	an4.25	an4.25:3.3	unreviewed-verse
bodhi	an4.26	an4.26:2.1	unreviewed-verse
bodhi	an4.26	an4.26:2.2	unreviewed-verse
bodhi	an4.26	an4.26:2.3	unreviewed-verse
bodhi	an4.26	an4.26:2.4	unreviewed-verse
bodhi	an4.26	an4.26:3.1	unreviewed-verse
bodhi	an4.26	an4.26:3.2	unreviewed-verse
bodhi	an4.26	an4.26:3.3	unreviewed-verse
bodhi	an4.26	an4.26:3.4	unreviewed-verse
bodhi	an4.27	an4.27:2.1	unreviewed-verse
bodhi	an4.27	an4.27:2.2	unreviewed-verse
bodhi	an4.27	an4.27:2.3	unreviewed-verse
bodhi	an4.27	an4.27:2.4	unreviewed-verse
bodhi	an4.27	an4.27:2.5	unreviewed-verse
bodhi	an4.27	an4.27:2.6	unreviewed-verse
bodhi	an4.27	an4.27:3.1	unreviewed-verse
bodhi	an4.27	an4.27:3.2	unreviewed-verse
bodhi	an4.27	an4.27:3.3	unreviewed-verse
bodhi	an4.27	an4.27:3.4	unreviewed-verse
bodhi	an4.28	an4.28:6.1	unreviewed-verse
bodhi	an4.28	an4.28:6.2	unreviewed-verse
bodhi	an4.28	an4.28:6.3	unreviewed-verse
bodhi	an4.28	an4.28:6.4	unreviewed-verse
bodhi	an4.28	an4.28:7.1	unreviewed-verse
bodhi	an4.28	an4.28:7.2	unreviewed-verse
bodhi	an4.28	an4.28:7.3	unreviewed-verse
bodhi	an4.28	an4.28:7.4	unreviewed-verse
bodhi	an4.28	an4.28:7.5	unreviewed-verse
bodhi	an4.28	an4.28:7.6	unreviewed-verse
bodhi	an4.29	an4.29:5.1	unreviewed-verse
bodhi	an4.29	an4.29:5.2	unreviewed-verse
bodhi	an4.29	an4.29:5.3	unreviewed-verse
bodhi	an4.29	an4.29:5.4	unreviewed-verse
bodhi	an4.2	an4.2:3.1	unreviewed-verse
bodhi	an4.2	an4.2:3.2	unreviewed-verse
bodhi	an4.2	an4.2:3.3	unreviewed-verse
bodhi	an4.2	an4.2:3.4	unreviewed-verse
bodhi	an4.30	an4.30:9.1	unreviewed-verse
bodhi	an4.30	an4.30:9.2	unreviewed-verse
bodhi	an4.30	an4.30:9.3	unreviewed-verse
bodhi	an4.30	an4.30:9.4	unreviewed-verse
bodhi	an4.31	an4.31:2.1	unreviewed-verse
bodhi	an4.31	an4.31:2.2	unreviewed-verse
bodhi	an4.31	an4.31:2.3	unreviewed-verse
bodhi	an4.31	an4.31:2.4	unreviewed-verse
bodhi	an4.31	an4.31:2.5	unreviewed-verse
bodhi	an4.31	an4.31:2.6	unreviewed-verse
bodhi	an4.32	an4.32:2.1	unreviewed-verse
bodhi	an4.32	an4.32:2.5	unreviewed-verse
bodhi	an4.32	an4.32:2.6	unreviewed-verse
bodhi	an4.32	an4.32:3.1	unreviewed-verse
bodhi	an4.32	an4.32:3.2	unreviewed-verse
bodhi	an4.32	an4.32:4.2	unreviewed-verse
bodhi	an4.32	an4.32:4.3	unreviewed-verse
bodhi	an4.32	an4.32:4.4	unreviewed-verse
bodhi	an4.33	an4.33:3.1	unreviewed-verse
bodhi	an4.33	an4.33:3.2	unreviewed-verse
bodhi	an4.33	an4.33:3.3	unreviewed-verse
bodhi	an4.33	an4.33:3.4	unreviewed-verse
bodhi	an4.33	an4.33:4.1	unreviewed-verse
bodhi	an4.33	an4.33:4.2	unreviewed-verse
bodhi	an4.33	an4.33:4.3	unreviewed-verse
bodhi	an4.33	an4.33:4.4	unreviewed-verse
bodhi	an4.33	an4.33:5.1	unreviewed-verse
bodhi	an4.33	an4.33:5.2	unreviewed-verse
bodhi	an4.33	an4.33:5.3	unreviewed-verse
bodhi	an4.33	an4.33:5.4	unreviewed-verse
bodhi	an4.33	an4.33:6.1	unreviewed-verse
bodhi	an4.33	an4.33:6.2	unreviewed-verse
bodhi	an4.33	an4.33:6.3	unreviewed-verse
bodhi	an4.33	an4.33:6.4	unreviewed-verse
bodhi	an4.34	an4.34:5.1	unreviewed-verse
bodhi	an4.34	an4.34:5.2	unreviewed-verse
bodhi	an4.34	an4.34:5.3	unreviewed-verse
bodhi	an4.34	an4.34:5.4	unreviewed-verse
bodhi	an4.34	an4.34:6.1	unreviewed-verse
bodhi	an4.34	an4.34:6.2	unreviewed-verse
bodhi	an4.34	an4.34:6.3	unreviewed-verse
bodhi	an4.34	an4.34:6.4	unreviewed-verse
bodhi	an4.34	an4.34:7.1	unreviewed-verse
bodhi	an4.34	an4.34:7.2	unreviewed-verse
bodhi	an4.34	an4.34:7.3	unreviewed-verse
bodhi	an4.34	an4.34:7.4	unreviewed-verse
bodhi	an4.34	an4.34:8.1	unreviewed-verse
bodhi	an4.34	an4.34:8.2	unreviewed-verse
bodhi	an4.34	an4.34:8.3	unreviewed-verse
bodhi	an4.34	an4.34:8.4	unreviewed-verse
bodhi	an4.35	an4.35:6.1	unreviewed-verse
bodhi	an4.35	an4.35:6.2	unreviewed-verse
bodhi	an4.35	an4.35:6.3	unreviewed-verse
bodhi	an4.35	an4.35:6.4	unreviewed-verse
bodhi	an4.35	an4.35:6.5	unreviewed-verse
bodhi	an4.35	an4.35:6.6	unreviewed-verse
bodhi	an4.35	an4.35:7.1	unreviewed-verse
bodhi	an4.35	an4.35:7.2	unreviewed-verse
bodhi	an4.35	an4.35:7.3	unreviewed-verse
bodhi	an4.35	an4.35:7.4	unreviewed-verse
bodhi	an4.36	an4.36:5.1	unreviewed-verse
bodhi	an4.36	an4.36:5.2	unreviewed-verse
bodhi	an4.36	an4.36:5.3	unreviewed-verse
bodhi	an4.36	an4.36:5.4	unreviewed-verse
bodhi	an4.36	an4.36:5.5	unreviewed-verse
bodhi	an4.36	an4.36:5.6	unreviewed-verse
bodhi	an4.36	an4.36:6.1	unreviewed-verse
bodhi	an4.36	an4.36:6.2	unreviewed-verse
bodhi	an4.36	an4.36:6.3	unreviewed-verse
bodhi	an4.36	an4.36:6.4	unreviewed-verse
bodhi	an4.37	an4.37:6.1	unreviewed-verse
bodhi	an4.37	an4.37:6.2	unreviewed-verse
bodhi	an4.37	an4.37:6.3	unreviewed-verse
bodhi	an4.37	an4.37:6.4	unreviewed-verse
bodhi	an4.37	an4.37:7.1	unreviewed-verse
bodhi	an4.37	an4.37:7.2	unreviewed-verse
bodhi	an4.37	an4.37:7.3	unreviewed-verse
bodhi	an4.37	an4.37:7.4	unreviewed-verse
bodhi	an4.37	an4.37:8.1	unreviewed-verse
bodhi	an4.37	an4.37:8.2	unreviewed-verse
bodhi	an4.37	an4.37:8.3	unreviewed-verse
bodhi	an4.37	an4.37:8.4	unreviewed-verse
bodhi	an4.38	an4.38:5.1	unreviewed-verse
bodhi	an4.38	an4.38:5.2	unreviewed-verse
bodhi	an4.38	an4.38:5.3	unreviewed-verse
bodhi	an4.38	an4.38:5.4	unreviewed-verse
bodhi	an4.38	an4.38:6.1	unreviewed-verse
bodhi	an4.38	an4.38:6.2	unreviewed-verse
bodhi	an4.38	an4.38:6.3	unreviewed-verse
bodhi	an4.38	an4.38:6.4	unreviewed-verse
bodhi	an4.38	an4.38:7.1	unreviewed-verse
bodhi	an4.38	an4.38:7.2	unreviewed-verse
bodhi	an4.38	an4.38:7.3	unreviewed-verse
bodhi	an4.38	an4.38:7.4	unreviewed-verse
bodhi	an4.39	an4.39:3.1	unreviewed-verse
bodhi	an4.39	an4.39:3.2	unreviewed-verse
bodhi	an4.39	an4.39:3.3	unreviewed-verse
bodhi	an4.39	an4.39:3.4	unreviewed-verse
bodhi	an4.39	an4.39:4.1	unreviewed-verse
bodhi	an4.39	an4.39:4.2	unreviewed-verse
bodhi	an4.39	an4.39:4.3	unreviewed-verse
bodhi	an4.39	an4.39:4.4	unreviewed-verse
bodhi	an4.39	an4.39:5.1	unreviewed-verse
bodhi	an4.39	an4.39:5.2	unreviewed-verse
bodhi	an4.39	an4.39:5.3	unreviewed-verse
bodhi	an4.39	an4.39:5.4	unreviewed-verse
bodhi	an4.39	an4.39:5.5	unreviewed-verse
bodhi	an4.39	an4.39:5.6	unreviewed-verse
bodhi	an4.39	an4.39:6.1	unreviewed-verse
bodhi	an4.39	an4.39:6.2	unreviewed-verse
bodhi	an4.39	an4.39:6.3	unreviewed-verse
bodhi	an4.39	an4.39:6.4	unreviewed-verse
bodhi	an4.39	an4.39:6.5	unreviewed-verse
bodhi	an4.39	an4.39:6.6	unreviewed-verse
bodhi	an4.3	an4.3:3.1	unreviewed-verse
bodhi	an4.3	an4.3:3.2	unreviewed-verse
bodhi	an4.3	an4.3:3.3	unreviewed-verse
bodhi	an4.3	an4.3:3.4	unreviewed-verse
bodhi	an4.3	an4.3:4.1	unreviewed-verse
bodhi	an4.3	an4.3:4.2	unreviewed-verse
bodhi	an4.3	an4.3:4.3	unreviewed-verse
bodhi	an4.3	an4.3:4.4	unreviewed-verse
bodhi	an4.3	an4.3:5.4	unreviewed-verse
bodhi	an4.40	an4.40:5.2	unreviewed-verse
bodhi	an4.40	an4.40:5.3	unreviewed-verse
bodhi	an4.40	an4.40:5.4	unreviewed-verse
bodhi	an4.40	an4.40:6.1	unreviewed-verse
bodhi	an4.40	an4.40:6.2	unreviewed-verse
bodhi	an4.40	an4.40:6.3	unreviewed-verse
bodhi	an4.40	an4.40:6.4	unreviewed-verse
bodhi	an4.40	an4.40:7.1	unreviewed-verse
bodhi	an4.40	an4.40:7.2	unreviewed-verse
bodhi	an4.40	an4.40:7.3	unreviewed-verse
bodhi	an4.40	an4.40:7.4	unreviewed-verse
bodhi	an4.4	an4.4:3.1	unreviewed-verse
bodhi	an4.4	an4.4:3.2	unreviewed-verse
bodhi	an4.4	an4.4:3.3	unreviewed-verse
bodhi	an4.4	an4.4:3.4	unreviewed-verse
bodhi	an4.4	an4.4:3.5	unreviewed-verse
bodhi	an4.4	an4.4:3.6	unreviewed-verse
bodhi	an4.4	an4.4:4.1	unreviewed-verse
bodhi	an4.4	an4.4:4.2	unreviewed-verse
bodhi	an4.4	an4.4:4.3	unreviewed-verse
bodhi	an4.4	an4.4:4.4	unreviewed-verse
bodhi	an4.4	an4.4:5.1	unreviewed-verse
bodhi	an4.4	an4.4:5.2	unreviewed-verse
bodhi	an4.4	an4.4:5.3	unreviewed-verse
bodhi	an4.4	an4.4:5.4	unreviewed-verse
bodhi	an4.4	an4.4:5.5	unreviewed-verse
bodhi	an4.4	an4.4:5.6	unreviewed-verse
bodhi	an4.4	an4.4:6.1	unreviewed-verse
bodhi	an4.4	an4.4:6.2	unreviewed-verse
bodhi	an4.4	an4.4:6.3	unreviewed-verse
bodhi	an4.4	an4.4:6.4	unreviewed-verse
bodhi	an4.51	an4.51:7.1	unreviewed-verse
bodhi	an4.51	an4.51:7.2	unreviewed-verse
bodhi	an4.51	an4.51:7.3	unreviewed-verse
bodhi	an4.51	an4.51:7.4	unreviewed-verse
bodhi	an4.51	an4.51:8.1	unreviewed-verse
bodhi	an4.51	an4.51:8.2	unreviewed-verse
bodhi	an4.51	an4.51:8.3	unreviewed-verse
bodhi	an4.51	an4.51:8.4	unreviewed-verse
bodhi	an4.52	an4.52:5.1	unreviewed-verse
bodhi	an4.52	an4.52:5.2	unreviewed-verse
bodhi	an4.52	an4.52:5.3	unreviewed-verse
bodhi	an4.52	an4.52:5.4	unreviewed-verse
bodhi	an4.52	an4.52:6.1	unreviewed-verse
bodhi	an4.52	an4.52:6.2	unreviewed-verse
bodhi	an4.52	an4.52:6.3	unreviewed-verse
bodhi	an4.52	an4.52:6.4	unreviewed-verse
bodhi	an4.53	an4.53:7.1	unreviewed-verse
bodhi	an4.53	an4.53:7.2	unreviewed-verse
bodhi	an4.53	an4.53:7.3	unreviewed-verse
bodhi	an4.53	an4.53:7.4	unreviewed-verse
bodhi	an4.53	an4.53:8.1	unreviewed-verse
bodhi	an4.53	an4.53:8.2	unreviewed-verse
bodhi	an4.53	an4.53:8.3	unreviewed-verse
bodhi	an4.53	an4.53:8.4	unreviewed-verse
bodhi	an4.53	an4.53:8.5	unreviewed-verse
bodhi	an4.53	an4.53:8.6	unreviewed-verse
bodhi	an4.53	an4.53:9.1	unreviewed-verse
bodhi	an4.53	an4.53:9.2	unreviewed-verse
bodhi	an4.53	an4.53:9.3	unreviewed-verse
bodhi	an4.53	an4.53:9.4	unreviewed-verse
bodhi	an4.53	an4.53:9.5	unreviewed-verse
bodhi	an4.53	an4.53:9.6	unreviewed-verse
bodhi	an4.53	an4.53:10.1	unreviewed-verse
bodhi	an4.53	an4.53:11.1	unreviewed-verse
bodhi	an4.53	an4.53:11.2	unreviewed-verse
bodhi	an4.53	an4.53:11.3	unreviewed-verse
bodhi	an4.53	an4.53:11.4	unreviewed-verse
bodhi	an4.53	an4.53:12.1	unreviewed-verse
bodhi	an4.53	an4.53:12.2	unreviewed-verse
bodhi	an4.53	an4.53:12.3	unreviewed-verse
bodhi	an4.53	an4.53:12.4	unreviewed-verse
bodhi	an4.54	an4.54:6.1	unreviewed-verse
bodhi	an4.54	an4.54:6.2	unreviewed-verse
bodhi	an4.54	an4.54:6.3	unreviewed-verse
bodhi	an4.54	an4.54:6.4	unreviewed-verse
bodhi	an4.54	an4.54:7.1	unreviewed-verse
bodhi	an4.54	an4.54:7.2	unreviewed-verse
bodhi	an4.54	an4.54:7.3	unreviewed-verse
bodhi	an4.54	an4.54:7.4	unreviewed-verse
bodhi	an4.54	an4.54:7.5	unreviewed-verse
bodhi	an4.54	an4.54:7.6	unreviewed-verse
bodhi	an4.54	an4.54:8.1	unreviewed-verse
bodhi	an4.54	an4.54:8.2	unreviewed-verse
bodhi	an4.54	an4.54:8.3	unreviewed-verse
bodhi	an4.54	an4.54:8.4	unreviewed-verse
bodhi	an4.54	an4.54:8.5	unreviewed-verse
bodhi	an4.54	an4.54:8.6	unreviewed-verse
bodhi	an4.54	an4.54:9.1	unreviewed-verse
bodhi	an4.54	an4.54:9.2	unreviewed-verse
bodhi	an4.54	an4.54:9.3	unreviewed-verse
bodhi	an4.54	an4.54:9.4	unreviewed-verse
bodhi	an4.54	an4.54:10.1	unreviewed-verse
bodhi	an4.54	an4.54:10.2	unreviewed-verse
bodhi	an4.54	an4.54:10.3	unreviewed-verse
bodhi	an4.54	an4.54:10.4	unreviewed-verse
bodhi	an4.54	an4.54:11.1	unreviewed-verse
bodhi	an4.54	an4.54:11.2	unreviewed-verse
bodhi	an4.54	an4.54:11.3	unreviewed-verse
bodhi	an4.54	an4.54:11.4	unreviewed-verse
bodhi	an4.55	an4.55:4.1	unreviewed-verse
bodhi	an4.55	an4.55:4.2	unreviewed-verse
bodhi	an4.55	an4.55:4.3	unreviewed-verse
bodhi	an4.55	an4.55:4.4	unreviewed-verse
bodhi	an4.55	an4.55:5.1	unreviewed-verse
bodhi	an4.55	an4.55:5.2	unreviewed-verse
bodhi	an4.55	an4.55:5.3	unreviewed-verse
bodhi	an4.55	an4.55:5.4	unreviewed-verse
bodhi	an4.55	an4.55:6.1	unreviewed-verse
bodhi	an4.55	an4.55:6.2	unreviewed-verse
bodhi	an4.55	an4.55:6.3	unreviewed-verse
bodhi	an4.55	an4.55:6.4	unreviewed-verse
bodhi	an4.56	an4.56:2.1	unreviewed-verse
bodhi	an4.56	an4.56:2.2	unreviewed-verse
bodhi	an4.56	an4.56:2.3	unreviewed-verse
bodhi	an4.56	an4.56:2.4	unreviewed-verse
bodhi	an4.56	an4.56:3.1	unreviewed-verse
bodhi	an4.56	an4.56:3.2	unreviewed-verse
bodhi	an4.56	an4.56:3.3	unreviewed-verse
bodhi	an4.56	an4.56:3.4	unreviewed-verse
bodhi	an4.56	an4.56:4.1	unreviewed-verse
bodhi	an4.56	an4.56:4.2	unreviewed-verse
bodhi	an4.56	an4.56:4.3	unreviewed-verse
bodhi	an4.56	an4.56:4.4	unreviewed-verse
bodhi	an4.57	an4.57:3.1	unreviewed-verse
bodhi	an4.57	an4.57:3.2	unreviewed-verse
bodhi	an4.57	an4.57:3.3	unreviewed-verse
bodhi	an4.57	an4.57:3.4	unreviewed-verse
bodhi	an4.57	an4.57:3.5	unreviewed-verse
bodhi	an4.57	an4.57:3.6	unreviewed-verse
bodhi	an4.57	an4.57:4.1	unreviewed-verse
bodhi	an4.57	an4.57:4.2	unreviewed-verse
bodhi	an4.57	an4.57:4.3	unreviewed-verse
bodhi	an4.57	an4.57:4.4	unreviewed-verse
bodhi	an4.58	an4.58:3.1	unreviewed-verse
bodhi	an4.58	an4.58:3.2	unreviewed-verse
bodhi	an4.58	an4.58:3.3	unreviewed-verse
bodhi	an4.58	an4.58:3.4	unreviewed-verse
bodhi	an4.58	an4.58:4.1	unreviewed-verse
bodhi	an4.58	an4.58:4.2	unreviewed-verse
bodhi	an4.58	an4.58:4.3	unreviewed-verse
bodhi	an4.58	an4.58:4.4	unreviewed-verse
bodhi	an4.59	an4.59:2.1	unreviewed-verse
bodhi	an4.59	an4.59:2.2	unreviewed-verse
bodhi	an4.59	an4.59:2.3	unreviewed-verse
bodhi	an4.59	an4.59:2.4	unreviewed-verse
bodhi	an4.59	an4.59:3.1	unreviewed-verse
bodhi	an4.59	an4.59:3.2	unreviewed-verse
bodhi	an4.59	an4.59:3.3	unreviewed-verse
bodhi	an4.59	an4.59:3.4	unreviewed-verse
bodhi	an4.5	an4.5:5.1	unreviewed-verse
bodhi	an4.5	an4.5:5.2	unreviewed-verse
bodhi	an4.5	an4.5:5.3	unreviewed-verse
bodhi	an4.5	an4.5:5.4	unreviewed-verse
bodhi	an4.5	an4.5:6.1	unreviewed-verse
bodhi	an4.5	an4.5:6.2	unreviewed-verse
bodhi	an4.5	an4.5:6.3	unreviewed-verse
bodhi	an4.5	an4.5:6.4	unreviewed-verse
bodhi	an4.5	an4.5:7.1	unreviewed-verse
bodhi	an4.5	an4.5:7.2	unreviewed-verse
bodhi	an4.5	an4.5:7.3	unreviewed-verse
bodhi	an4.5	an4.5:7.4	unreviewed-verse
bodhi	an4.5	an4.5:8.1	unreviewed-verse
bodhi	an4.5	an4.5:8.2	unreviewed-verse
bodhi	an4.5	an4.5:8.3	unreviewed-verse
bodhi	an4.5	an4.5:8.4	unreviewed-verse
bodhi	an4.60	an4.60:3.1	unreviewed-verse
bodhi	an4.60	an4.60:4.1	unreviewed-verse
bodhi	an4.60	an4.60:4.2	unreviewed-verse
bodhi	an4.60	an4.60:4.3	unreviewed-verse
bodhi	an4.60	an4.60:4.4	unreviewed-verse
bodhi	an4.60	an4.60:4.5	unreviewed-verse
bodhi	an4.60	an4.60:4.6	unreviewed-verse
bodhi	an4.61	an4.61:18.1	unreviewed-verse
bodhi	an4.61	an4.61:18.2	unreviewed-verse
bodhi	an4.61	an4.61:18.3	unreviewed-verse
bodhi	an4.61	an4.61:18.4	unreviewed-verse
bodhi	an4.61	an4.61:18.5	unreviewed-verse
bodhi	an4.61	an4.61:18.6	unreviewed-verse
bodhi	an4.61	an4.61:19.1	unreviewed-verse
bodhi	an4.61	an4.61:19.2	unreviewed-verse
bodhi	an4.61	an4.61:19.3	unreviewed-verse
bodhi	an4.61	an4.61:19.4	unreviewed-verse
bodhi	an4.61	an4.61:20.1	unreviewed-verse
bodhi	an4.61	an4.61:20.2	unreviewed-verse
bodhi	an4.61	an4.61:20.3	unreviewed-verse
bodhi	an4.61	an4.61:20.4	unreviewed-verse
bodhi	an4.62	an4.62:7.1	unreviewed-verse
bodhi	an4.62	an4.62:7.2	unreviewed-verse
bodhi	an4.62	an4.62:8.4	unreviewed-verse
bodhi	an4.6	an4.6:5.1	unreviewed-verse
bodhi	an4.6	an4.6:5.2	unreviewed-verse
bodhi	an4.6	an4.6:5.3	unreviewed-verse
bodhi	an4.6	an4.6:5.4	unreviewed-verse
bodhi	an4.6	an4.6:6.1	unreviewed-verse
bodhi	an4.6	an4.6:6.2	unreviewed-verse
bodhi	an4.6	an4.6:6.3	unreviewed-verse
bodhi	an4.6	an4.6:6.4	unreviewed-verse
bodhi	an4.6	an4.6:7.1	unreviewed-verse
bodhi	an4.6	an4.6:7.2	unreviewed-verse
bodhi	an4.6	an4.6:7.3	unreviewed-verse
bodhi	an4.6	an4.6:7.4	unreviewed-verse
bodhi	an4.6	an4.6:8.1	unreviewed-verse
bodhi	an4.6	an4.6:8.2	unreviewed-verse
bodhi	an4.6	an4.6:8.3	unreviewed-verse
bodhi	an4.6	an4.6:8.4	unreviewed-verse
bodhi	an4.6	an4.6:9.1	unreviewed-verse
bodhi	an4.6	an4.6:9.2	unreviewed-verse
bodhi	an4.6	an4.6:9.3	unreviewed-verse
bodhi	an4.6	an4.6:9.4	unreviewed-verse
bodhi	an4.6	an4.6:9.5	unreviewed-verse
bodhi	an4.6	an4.6:9.6	unreviewed-verse
bodhi	an4.7	an4.7:2.1	unreviewed-verse
bodhi	an4.7	an4.7:2.2	unreviewed-verse
bodhi	an4.7	an4.7:2.3	unreviewed-verse
bodhi	an4.7	an4.7:2.4	unreviewed-verse
bodhi	an4.7	an4.7:3.1	unreviewed-verse
bodhi	an4.7	an4.7:3.2	unreviewed-verse
bodhi	an4.7	an4.7:3.3	unreviewed-verse
bodhi	an4.7	an4.7:3.4	unreviewed-verse
bodhi	an4.7	an4.7:3.5	unreviewed-verse
bodhi	an4.7	an4.7:3.6	unreviewed-verse
bodhi	an4.8	an4.8:5.1	unreviewed-verse
bodhi	an4.8	an4.8:5.2	unreviewed-verse
bodhi	an4.8	an4.8:5.3	unreviewed-verse
bodhi	an4.8	an4.8:5.4	unreviewed-verse
bodhi	an4.8	an4.8:6.1	unreviewed-verse
bodhi	an4.8	an4.8:6.2	unreviewed-verse
bodhi	an4.8	an4.8:6.3	unreviewed-verse
bodhi	an4.8	an4.8:6.4	unreviewed-verse
bodhi	an4.9	an4.9:2.1	unreviewed-verse
bodhi	an4.9	an4.9:2.2	unreviewed-verse
bodhi	an4.9	an4.9:2.3	unreviewed-verse
bodhi	an4.9	an4.9:2.4	unreviewed-verse
bodhi	an4.9	an4.9:3.1	unreviewed-verse
bodhi	an4.9	an4.9:3.2	unreviewed-verse
bodhi	an4.9	an4.9:3.3	unreviewed-verse
bodhi	an4.9	an4.9:3.4	unreviewed-verse
bodhi	an5.31	an5.31:9.1	unreviewed-verse
bodhi	an5.31	an5.31:9.2	unreviewed-verse
bodhi	an5.31	an5.31:9.3	unreviewed-verse
bodhi	an5.31	an5.31:9.4	unreviewed-verse
bodhi	an5.31	an5.31:10.1	unreviewed-verse
bodhi	an5.31	an5.31:10.3	unreviewed-verse
bodhi	an5.31	an5.31:10.4	unreviewed-verse
bodhi	an5.31	an5.31:11.1	unreviewed-verse
bodhi	an5.31	an5.31:11.2	unreviewed-verse
bodhi	an5.31	an5.31:11.3	unreviewed-verse
bodhi	an5.31	an5.31:11.4	unreviewed-verse
bodhi	an5.31	an5.31:12.1	unreviewed-verse
bodhi	an5.31	an5.31:12.2	unreviewed-verse
bodhi	an5.31	an5.31:12.3	unreviewed-verse
bodhi	an5.31	an5.31:12.4	unreviewed-verse
bodhi	an5.31	an5.31:13.1	unreviewed-verse
bodhi	an5.31	an5.31:13.2	unreviewed-verse
bodhi	an5.31	an5.31:13.3	unreviewed-verse
bodhi	an5.31	an5.31:13.4	unreviewed-verse
bodhi	an5.32	an5.32:8.1	unreviewed-verse
bodhi	an5.32	an5.32:8.2	unreviewed-verse
bodhi	an5.32	an5.32:8.3	unreviewed-verse
bodhi	an5.32	an5.32:8.4	unreviewed-verse
bodhi	an5.32	an5.32:9.1	unreviewed-verse
bodhi	an5.32	an5.32:9.2	unreviewed-verse
bodhi	an5.32	an5.32:9.3	unreviewed-verse
bodhi	an5.32	an5.32:9.4	unreviewed-verse
bodhi	an5.32	an5.32:10.1	unreviewed-verse
bodhi	an5.32	an5.32:10.2	unreviewed-verse
bodhi	an5.32	an5.32:11.2	unreviewed-verse
bodhi	an5.32	an5.32:11.3	unreviewed-verse
bodhi	an5.32	an5.32:11.4	unreviewed-verse
bodhi	an5.33	an5.33:9.1	unreviewed-verse
bodhi	an5.33	an5.33:9.2	unreviewed-verse
bodhi	an5.33	an5.33:10.1	unreviewed-verse
bodhi	an5.33	an5.33:10.2	unreviewed-verse
bodhi	an5.33	an5.33:10.3	unreviewed-verse
bodhi	an5.33	an5.33:10.4	unreviewed-verse
bodhi	an5.33	an5.33:11.1	unreviewed-verse
bodhi	an5.33	an5.33:11.2	unreviewed-verse
bodhi	an5.33	an5.33:11.3	unreviewed-verse
bodhi	an5.33	an5.33:11.4	unreviewed-verse
bodhi	an5.33	an5.33:12.1	unreviewed-verse
bodhi	an5.33	an5.33:12.2	unreviewed-verse
bodhi	an5.33	an5.33:12.3	unreviewed-verse
bodhi	an5.33	an5.33:12.4	unreviewed-verse
bodhi	an5.34	an5.34:8.1	unreviewed-verse
bodhi	an5.34	an5.34:8.2	unreviewed-verse
bodhi	an5.34	an5.34:8.3	unreviewed-verse
bodhi	an5.34	an5.34:8.4	unreviewed-verse
bodhi	an5.34	an5.34:9.1	unreviewed-verse
bodhi	an5.34	an5.34:9.2	unreviewed-verse
bodhi	an5.34	an5.34:10.2	unreviewed-verse
bodhi	an5.34	an5.34:10.3	unreviewed-verse
bodhi	an5.34	an5.34:10.4	unreviewed-verse
bodhi	an5.34	an5.34:10.5	unreviewed-verse
bodhi	an5.34	an5.34:10.6	unreviewed-verse
bodhi	an5.35	an5.35:2.3	unreviewed-verse
bodhi	an5.36	an5.36:2.1	unreviewed-verse
bodhi	an5.36	an5.36:2.2	unreviewed-verse
bodhi	an5.36	an5.36:2.3	unreviewed-verse
bodhi	an5.36	an5.36:3.1	unreviewed-verse
bodhi	an5.36	an5.36:3.2	unreviewed-verse
bodhi	an5.36	an5.36:3.3	unreviewed-verse
bodhi	an5.36	an5.36:3.4	unreviewed-verse
bodhi	an5.36	an5.36:3.5	unreviewed-verse
bodhi	an5.36	an5.36:3.6	unreviewed-verse
bodhi	an5.36	an5.36:4.4	unreviewed-verse
bodhi	an5.38	an5.38:3.1	unreviewed-verse
bodhi	an5.38	an5.38:3.2	unreviewed-verse
bodhi	an5.38	an5.38:3.3	unreviewed-verse
bodhi	an5.38	an5.38:3.4	unreviewed-verse
bodhi	an5.38	an5.38:4.1	unreviewed-verse
bodhi	an5.38	an5.38:4.2	unreviewed-verse
bodhi	an5.38	an5.38:4.3	unreviewed-verse
bodhi	an5.38	an5.38:4.4	unreviewed-verse
bodhi	an5.38	an5.38:5.4	unreviewed-verse
bodhi	an5.38	an5.38:6.1	unreviewed-verse
bodhi	an5.38	an5.38:6.3	unreviewed-verse
bodhi	an5.38	an5.38:6.4	unreviewed-verse
bodhi	an5.38	an5.38:7.1	unreviewed-verse
bodhi	an5.38	an5.38:7.2	unreviewed-verse
bodhi	an5.38	an5.38:7.3	unreviewed-verse
bodhi	an5.38	an5.38:7.4	unreviewed-verse
bodhi	an5.39	an5.39:2.1	unreviewed-verse
bodhi	an5.39	an5.39:2.2	unreviewed-verse
bodhi	an5.39	an5.39:2.3	unreviewed-verse
bodhi	an5.39	an5.39:2.4	unreviewed-verse
bodhi	an5.39	an5.39:3.1	unreviewed-verse
bodhi	an5.39	an5.39:3.2	unreviewed-verse
bodhi	an5.39	an5.39:3.3	unreviewed-verse
bodhi	an5.39	an5.39:3.4	unreviewed-verse
bodhi	an5.39	an5.39:4.1	unreviewed-verse
bodhi	an5.39	an5.39:4.2	unreviewed-verse
bodhi	an5.39	an5.39:4.3	unreviewed-verse
bodhi	an5.39	an5.39:4.4	unreviewed-verse
bodhi	an5.39	an5.39:5.1	unreviewed-verse
bodhi	an5.39	an5.39:5.2	unreviewed-verse
bodhi	an5.39	an5.39:5.3	unreviewed-verse
bodhi	an5.39	an5.39:5.4	unreviewed-verse
bodhi	an5.39	an5.39:6.1	unreviewed-verse
bodhi	an5.39	an5.39:6.2	unreviewed-verse
bodhi	an5.39	an5.39:6.3	unreviewed-verse
bodhi	an5.39	an5.39:6.4	unreviewed-verse
bodhi	an5.40	an5.40:2.1	unreviewed-verse
bodhi	an5.40	an5.40:2.2	unreviewed-verse
bodhi	an5.40	an5.40:2.3	unreviewed-verse
bodhi	an5.40	an5.40:2.4	unreviewed-verse
bodhi	an5.40	an5.40:3.1	unreviewed-verse
bodhi	an5.40	an5.40:3.6	unreviewed-verse
bodhi	an5.40	an5.40:4.1	unreviewed-verse
bodhi	an5.40	an5.40:4.2	unreviewed-verse
bodhi	an5.40	an5.40:4.3	unreviewed-verse
bodhi	an5.40	an5.40:4.4	unreviewed-verse
bodhi	an5.40	an5.40:5.1	unreviewed-verse
bodhi	an5.41	an5.41:7.1	unreviewed-verse
bodhi	an5.41	an5.41:7.2	unreviewed-verse
bodhi	an5.41	an5.41:7.3	unreviewed-verse
bodhi	an5.41	an5.41:7.4	unreviewed-verse
bodhi	an5.41	an5.41:7.5	unreviewed-verse
bodhi	an5.41	an5.41:7.6	unreviewed-verse
bodhi	an5.41	an5.41:8.1	unreviewed-verse
bodhi	an5.41	an5.41:8.2	unreviewed-verse
bodhi	an5.41	an5.41:8.3	unreviewed-verse
bodhi	an5.41	an5.41:8.4	unreviewed-verse
bodhi	an5.41	an5.41:9.1	unreviewed-verse
bodhi	an5.41	an5.41:9.2	unreviewed-verse
bodhi	an5.41	an5.41:9.3	unreviewed-verse
bodhi	an5.41	an5.41:9.4	unreviewed-verse
bodhi	an5.42	an5.42:3.1	unreviewed-verse
bodhi	an5.42	an5.42:3.2	unreviewed-verse
bodhi	an5.42	an5.42:3.3	unreviewed-verse
bodhi	an5.42	an5.42:3.4	unreviewed-verse
bodhi	an5.42	an5.42:4.1	unreviewed-verse
bodhi	an5.42	an5.42:4.2	unreviewed-verse
bodhi	an5.42	an5.42:4.3	unreviewed-verse
bodhi	an5.42	an5.42:4.4	unreviewed-verse
bodhi	an5.42	an5.42:4.5	unreviewed-verse
bodhi	an5.42	an5.42:4.6	unreviewed-verse
bodhi	an5.43	an5.43:10.1	unreviewed-verse
bodhi	an5.43	an5.43:10.2	unreviewed-verse
bodhi	an5.43	an5.43:10.3	unreviewed-verse
bodhi	an5.43	an5.43:10.4	unreviewed-verse
bodhi	an5.43	an5.43:11.1	unreviewed-verse
bodhi	an5.43	an5.43:11.2	unreviewed-verse
bodhi	an5.43	an5.43:11.3	unreviewed-verse
bodhi	an5.43	an5.43:11.4	unreviewed-verse
bodhi	an5.44	an5.44:8.1	unreviewed-verse
bodhi	an5.44	an5.44:8.2	unreviewed-verse
bodhi	an5.44	an5.44:8.3	unreviewed-verse
bodhi	an5.44	an5.44:8.4	unreviewed-verse
bodhi	an5.44	an5.44:9.1	unreviewed-verse
bodhi	an5.44	an5.44:9.2	unreviewed-verse
bodhi	an5.44	an5.44:9.3	unreviewed-verse
bodhi	an5.44	an5.44:9.4	unreviewed-verse
bodhi	an5.44	an5.44:12.1	unreviewed-verse
bodhi	an5.44	an5.44:12.2	unreviewed-verse
bodhi	an5.44	an5.44:12.3	unreviewed-verse
bodhi	an5.44	an5.44:12.4	unreviewed-verse
bodhi	an5.44	an5.44:13.1	unreviewed-verse
bodhi	an5.44	an5.44:13.2	unreviewed-verse
bodhi	an5.44	an5.44:13.3	unreviewed-verse
bodhi	an5.44	an5.44:13.4	unreviewed-verse
bodhi	an5.45	an5.45:7.1	unreviewed-verse
bodhi	an5.45	an5.45:7.2	unreviewed-verse
bodhi	an5.45	an5.45:7.3	unreviewed-verse
bodhi	an5.45	an5.45:7.4	unreviewed-verse
bodhi	an5.45	an5.45:8.1	unreviewed-verse
bodhi	an5.45	an5.45:8.2	unreviewed-verse
bodhi	an5.45	an5.45:8.3	unreviewed-verse
bodhi	an5.45	an5.45:8.4	unreviewed-verse
bodhi	an5.47	an5.47:7.1	unreviewed-verse
bodhi	an5.47	an5.47:7.2	unreviewed-verse
bodhi	an5.47	an5.47:7.3	unreviewed-verse
bodhi	an5.47	an5.47:7.4	unreviewed-verse
bodhi	an5.47	an5.47:8.1	unreviewed-verse
bodhi	an5.47	an5.47:8.2	unreviewed-verse
bodhi	an5.47	an5.47:8.3	unreviewed-verse
bodhi	an5.47	an5.47:8.4	unreviewed-verse
bodhi	an5.47	an5.47:9.1	unreviewed-verse
bodhi	an5.47	an5.47:9.2	unreviewed-verse
bodhi	an5.47	an5.47:9.3	unreviewed-verse
bodhi	an5.47	an5.47:9.4	unreviewed-verse
bodhi	an5.48	an5.48:7.1	unreviewed-verse
bodhi	an5.48	an5.48:7.2	unreviewed-verse
bodhi	an5.48	an5.48:7.3	unreviewed-verse
bodhi	an5.48	an5.48:7.4	unreviewed-verse
bodhi	an5.48	an5.48:8.1	unreviewed-verse
bodhi	an5.48	an5.48:8.2	unreviewed-verse
bodhi	an5.48	an5.48:8.3	unreviewed-verse
bodhi	an5.48	an5.48:8.4	unreviewed-verse
bodhi	an5.48	an5.48:10.2	unreviewed-verse
bodhi	an5.48	an5.48:10.3	unreviewed-verse
bodhi	an5.48	an5.48:10.4	unreviewed-verse
bodhi	an5.50	an5.50:14.1	unreviewed-verse
bodhi	an5.50	an5.50:14.2	unreviewed-verse
bodhi	an5.50	an5.50:14.3	unreviewed-verse
bodhi	an5.50	an5.50:14.4	unreviewed-verse
bodhi	an5.50	an5.50:15.1	unreviewed-verse
bodhi	an5.50	an5.50:15.2	unreviewed-verse
bodhi	an5.50	an5.50:15.3	unreviewed-verse
bodhi	an5.50	an5.50:15.4	unreviewed-verse
bodhi	an5.50	an5.50:16.1	unreviewed-verse
bodhi	an5.50	an5.50:16.2	unreviewed-verse
bodhi	an5.50	an5.50:16.3	unreviewed-verse
bodhi	an5.50	an5.50:16.4	unreviewed-verse
bodhi	an5.50	an5.50:17.1	unreviewed-verse
bodhi	an5.50	an5.50:17.2	unreviewed-verse
bodhi	an5.50	an5.50:17.3	unreviewed-verse
bodhi	an5.50	an5.50:17.4	unreviewed-verse
bodhi	an5.55	an5.55:6.1	unreviewed-verse
bodhi	an5.55	an5.55:6.2	unreviewed-verse
bodhi	an5.55	an5.55:6.3	unreviewed-verse
bodhi	an5.55	an5.55:6.4	unreviewed-verse
bodhi	an5.55	an5.55:6.5	unreviewed-verse
bodhi	an5.55	an5.55:7.1	unreviewed-verse
bodhi	an5.55	an5.55:7.2	unreviewed-verse
bodhi	an5.55	an5.55:7.3	unreviewed-verse
bodhi	an5.55	an5.55:7.4	unreviewed-verse
bodhi	an5.55	an5.55:7.5	unreviewed-verse
bodhi	an5.55	an5.55:7.6	unreviewed-verse
bodhi	an5.55	an5.55:8.1	unreviewed-verse
bodhi	an5.55	an5.55:8.2	unreviewed-verse
bodhi	an5.55	an5.55:8.3	unreviewed-verse
bodhi	an5.55	an5.55:8.4	unreviewed-verse
bodhi	an5.55	an5.55:9.1	unreviewed-verse
bodhi	an5.55	an5.55:9.2	unreviewed-verse
bodhi	an5.55	an5.55:9.3	unreviewed-verse
bodhi	an5.55	an5.55:9.4	unreviewed-verse
bodhi	an5.55	an5.55:10.1	unreviewed-verse
bodhi	an5.57	an5.57:12.1	unreviewed-verse
bodhi	an5.57	an5.57:13.1	unreviewed-verse
bodhi	an5.57	an5.57:13.2	unreviewed-verse
bodhi	an5.57	an5.57:13.3	unreviewed-verse
bodhi	an5.57	an5.57:13.4	unreviewed-verse
bodhi	an5.57	an5.57:14.1	unreviewed-verse
bodhi	an5.57	an5.57:14.2	unreviewed-verse
bodhi	an5.57	an5.57:14.3	unreviewed-verse
bodhi	an5.57	an5.57:14.4	unreviewed-verse
bodhi	an5.57	an5.57:15.1	unreviewed-verse
bodhi	an5.57	an5.57:15.2	unreviewed-verse
bodhi	an5.57	an5.57:15.3	unreviewed-verse
bodhi	an5.57	an5.57:15.4	unreviewed-verse
bodhi	an5.57	an5.57:16.1	unreviewed-verse
bodhi	an5.57	an5.57:16.2	unreviewed-verse
bodhi	an5.57	an5.57:16.3	unreviewed-verse
bodhi	an5.57	an5.57:16.4	unreviewed-verse
bodhi	an5.58	an5.58:12.1	unreviewed-verse
bodhi	an5.58	an5.58:12.2	unreviewed-verse
bodhi	an5.58	an5.58:12.3	unreviewed-verse
bodhi	an5.58	an5.58:12.4	unreviewed-verse
bodhi	an5.58	an5.58:13.1	unreviewed-verse
bodhi	an5.58	an5.58:13.2	unreviewed-verse
bodhi	an5.58	an5.58:13.3	unreviewed-verse
bodhi	an5.58	an5.58:13.4	unreviewed-verse
bodhi	an5.58	an5.58:14.1	unreviewed-verse
bodhi	an5.58	an5.58:15.2	unreviewed-verse
bodhi	an5.58	an5.58:15.3	unreviewed-verse
bodhi	an5.58	an5.58:15.4	unreviewed-verse
bodhi	an5.63	an5.63:2.1	unreviewed-verse
bodhi	an5.63	an5.63:2.2	unreviewed-verse
bodhi	an5.63	an5.63:2.3	unreviewed-verse
bodhi	an5.63	an5.63:2.4	unreviewed-verse
bodhi	an5.64	an5.64:2.1	unreviewed-verse
bodhi	an5.64	an5.64:2.2	unreviewed-verse
bodhi	an5.64	an5.64:2.3	unreviewed-verse
bodhi	an5.64	an5.64:2.4	unreviewed-verse
bodhi	an5.6	an5.6:3.3	historical-uncertainty
bodhi	an8.10	an8.10:7.1	unreviewed-verse
bodhi	an8.10	an8.10:7.2	unreviewed-verse
bodhi	an8.10	an8.10:7.3	unreviewed-verse
bodhi	an8.10	an8.10:7.4	unreviewed-verse
bodhi	an8.10	an8.10:8.4	unreviewed-verse
bodhi	an8.10	an8.10:9.1	unreviewed-verse
bodhi	an8.10	an8.10:9.2	unreviewed-verse
bodhi	an8.10	an8.10:9.3	unreviewed-verse
bodhi	an8.10	an8.10:9.4	unreviewed-verse
bodhi	an8.10	an8.10:10.1	unreviewed-verse
bodhi	an8.10	an8.10:10.2	unreviewed-verse
bodhi	an8.10	an8.10:10.3	unreviewed-verse
bodhi	an8.10	an8.10:10.4	unreviewed-verse
bodhi	an8.10	an8.10:11.1	unreviewed-verse
bodhi	an8.10	an8.10:11.2	unreviewed-verse
bodhi	an8.10	an8.10:11.3	unreviewed-verse
bodhi	an8.10	an8.10:11.4	unreviewed-verse
bodhi	an8.10	an8.10:11.5	unreviewed-verse
bodhi	an8.10	an8.10:11.6	unreviewed-verse
bodhi	an8.15	an8.15:2.1	unreviewed-verse
bodhi	an8.15	an8.15:2.2	unreviewed-verse
bodhi	an8.15	an8.15:2.3	unreviewed-verse
bodhi	an8.15	an8.15:2.4	unreviewed-verse
bodhi	an8.15	an8.15:3.1	unreviewed-verse
bodhi	an8.15	an8.15:3.2	unreviewed-verse
bodhi	an8.15	an8.15:3.3	unreviewed-verse
bodhi	an8.15	an8.15:3.4	unreviewed-verse
bodhi	an8.15	an8.15:3.5	unreviewed-verse
bodhi	an8.15	an8.15:3.6	unreviewed-verse
bodhi	an8.17	an8.17:1.1	edition-variant
bodhi	an8.17	an8.17:1.2	edition-variant
bodhi	an8.17	an8.17:1.3	edition-variant
bodhi	an8.17	an8.17:1.4	edition-variant
bodhi	an8.17	an8.17:1.5	edition-variant
bodhi	an8.17	an8.17:1.6	edition-variant
bodhi	an8.17	an8.17:1.7	edition-variant
bodhi	an8.17	an8.17:1.8	edition-variant
bodhi	an8.17	an8.17:1.9	edition-variant
bodhi	an8.17	an8.17:1.10	edition-variant
bodhi	an8.17	an8.17:1.11	edition-variant
bodhi	an8.17	an8.17:1.12	edition-variant
bodhi	an8.18	an8.18:1.1	edition-variant
bodhi	an8.18	an8.18:1.2	edition-variant
bodhi	an8.18	an8.18:1.3	edition-variant
bodhi	an8.18	an8.18:1.4	edition-variant
bodhi	an8.18	an8.18:1.5	edition-variant
bodhi	an8.18	an8.18:1.6	edition-variant
bodhi	an8.18	an8.18:1.7	edition-variant
bodhi	an8.18	an8.18:1.8	edition-variant
bodhi	an8.18	an8.18:1.9	edition-variant
bodhi	an8.18	an8.18:1.10	edition-variant
bodhi	an8.18	an8.18:1.11	edition-variant
bodhi	an8.18	an8.18:1.12	edition-variant
bodhi	an8.1	an8.1:3.1	unreviewed-verse
bodhi	an8.1	an8.1:3.2	unreviewed-verse
bodhi	an8.1	an8.1:4.2	unreviewed-verse
bodhi	an8.1	an8.1:4.3	unreviewed-verse
bodhi	an8.1	an8.1:4.4	unreviewed-verse
bodhi	an8.1	an8.1:5.1	unreviewed-verse
bodhi	an8.1	an8.1:5.2	unreviewed-verse
bodhi	an8.1	an8.1:5.3	unreviewed-verse
bodhi	an8.1	an8.1:5.4	unreviewed-verse
bodhi	an8.1	an8.1:6.1	unreviewed-verse
bodhi	an8.1	an8.1:6.2	unreviewed-verse
bodhi	an8.1	an8.1:7.2	unreviewed-verse
bodhi	an8.1	an8.1:7.3	unreviewed-verse
bodhi	an8.1	an8.1:7.4	unreviewed-verse
bodhi	an8.29	an8.29:11.1	unreviewed-verse
bodhi	an8.29	an8.29:11.2	unreviewed-verse
bodhi	an8.29	an8.29:11.3	unreviewed-verse
bodhi	an8.29	an8.29:11.4	unreviewed-verse
bodhi	an8.29	an8.29:12.1	unreviewed-verse
bodhi	an8.29	an8.29:12.2	unreviewed-verse
bodhi	an8.29	an8.29:12.3	unreviewed-verse
bodhi	an8.29	an8.29:12.4	unreviewed-verse
bodhi	an8.29	an8.29:13.1	unreviewed-verse
bodhi	an8.29	an8.29:13.2	unreviewed-verse
bodhi	an8.29	an8.29:13.3	unreviewed-verse
bodhi	an8.29	an8.29:14.2	unreviewed-verse
bodhi	an8.29	an8.29:14.3	unreviewed-verse
bodhi	an8.29	an8.29:14.4	unreviewed-verse
bodhi	an8.29	an8.29:15.1	unreviewed-verse
bodhi	an8.29	an8.29:15.2	unreviewed-verse
bodhi	an8.29	an8.29:15.3	unreviewed-verse
bodhi	an8.29	an8.29:15.4	unreviewed-verse
bodhi	an8.29	an8.29:16.1	unreviewed-verse
bodhi	an8.29	an8.29:16.2	unreviewed-verse
bodhi	an8.29	an8.29:16.3	unreviewed-verse
bodhi	an8.29	an8.29:16.4	unreviewed-verse
bodhi	an8.29	an8.29:17.1	unreviewed-verse
bodhi	an8.29	an8.29:17.2	unreviewed-verse
bodhi	an8.29	an8.29:17.3	unreviewed-verse
bodhi	an8.29	an8.29:17.4	unreviewed-verse
bodhi	an8.29	an8.29:18.1	unreviewed-verse
bodhi	an8.29	an8.29:18.2	unreviewed-verse
bodhi	an8.29	an8.29:18.3	unreviewed-verse
bodhi	an8.29	an8.29:18.4	unreviewed-verse
bodhi	an8.29	an8.29:19.1	unreviewed-verse
bodhi	an8.29	an8.29:19.2	unreviewed-verse
bodhi	an8.29	an8.29:19.3	unreviewed-verse
bodhi	an8.29	an8.29:19.4	unreviewed-verse
bodhi	an8.29	an8.29:20.1	unreviewed-verse
bodhi	an8.29	an8.29:20.2	unreviewed-verse
bodhi	an8.29	an8.29:20.3	unreviewed-verse
bodhi	an8.29	an8.29:20.4	unreviewed-verse
bodhi	an8.30	an8.30:24.1	unreviewed-verse
bodhi	an8.32	an8.32:1.1	unreviewed-verse
bodhi	an8.32	an8.32:1.2	unreviewed-verse
bodhi	an8.32	an8.32:1.3	unreviewed-verse
bodhi	an8.32	an8.32:1.4	unreviewed-verse
bodhi	an8.34	an8.34:5.1	unreviewed-verse
bodhi	an8.34	an8.34:5.2	unreviewed-verse
bodhi	an8.34	an8.34:5.3	unreviewed-verse
bodhi	an8.34	an8.34:5.4	unreviewed-verse
bodhi	an8.34	an8.34:6.1	unreviewed-verse
bodhi	an8.34	an8.34:6.2	unreviewed-verse
bodhi	an8.34	an8.34:6.3	unreviewed-verse
bodhi	an8.34	an8.34:6.4	unreviewed-verse
bodhi	an8.34	an8.34:7.1	unreviewed-verse
bodhi	an8.34	an8.34:7.2	unreviewed-verse
bodhi	an8.34	an8.34:7.3	unreviewed-verse
bodhi	an8.34	an8.34:7.4	unreviewed-verse
bodhi	an8.34	an8.34:8.1	unreviewed-verse
bodhi	an8.34	an8.34:8.2	unreviewed-verse
bodhi	an8.34	an8.34:8.3	unreviewed-verse
bodhi	an8.34	an8.34:8.4	unreviewed-verse
bodhi	an8.34	an8.34:9.1	unreviewed-verse
bodhi	an8.34	an8.34:9.2	unreviewed-verse
bodhi	an8.34	an8.34:9.3	unreviewed-verse
bodhi	an8.34	an8.34:9.4	unreviewed-verse
bodhi	an8.34	an8.34:10.1	unreviewed-verse
bodhi	an8.34	an8.34:10.2	unreviewed-verse
bodhi	an8.34	an8.34:10.3	unreviewed-verse
bodhi	an8.34	an8.34:10.4	unreviewed-verse
bodhi	an8.34	an8.34:11.1	unreviewed-verse
bodhi	an8.34	an8.34:11.2	unreviewed-verse
bodhi	an8.34	an8.34:11.3	unreviewed-verse
bodhi	an8.34	an8.34:11.4	unreviewed-verse
bodhi	an8.37	an8.37:2.1	unreviewed-verse
bodhi	an8.37	an8.37:3.2	unreviewed-verse
bodhi	an8.37	an8.37:3.3	unreviewed-verse
bodhi	an8.37	an8.37:3.4	unreviewed-verse
bodhi	an8.37	an8.37:4.1	unreviewed-verse
bodhi	an8.37	an8.37:4.2	unreviewed-verse
bodhi	an8.37	an8.37:4.3	unreviewed-verse
bodhi	an8.37	an8.37:4.4	unreviewed-verse
bodhi	an8.38	an8.38:3.1	unreviewed-verse
bodhi	an8.38	an8.38:3.2	unreviewed-verse
bodhi	an8.38	an8.38:3.3	unreviewed-verse
bodhi	an8.38	an8.38:3.4	unreviewed-verse
bodhi	an8.38	an8.38:4.1	unreviewed-verse
bodhi	an8.38	an8.38:4.2	unreviewed-verse
bodhi	an8.38	an8.38:4.3	unreviewed-verse
bodhi	an8.38	an8.38:4.4	unreviewed-verse
bodhi	an8.38	an8.38:5.1	unreviewed-verse
bodhi	an8.38	an8.38:5.2	unreviewed-verse
bodhi	an8.38	an8.38:5.3	unreviewed-verse
bodhi	an8.38	an8.38:5.4	unreviewed-verse
bodhi	an8.38	an8.38:6.1	unreviewed-verse
bodhi	an8.38	an8.38:6.2	unreviewed-verse
bodhi	an8.38	an8.38:6.3	unreviewed-verse
bodhi	an8.38	an8.38:6.4	unreviewed-verse
bodhi	an8.42	an8.42:10.1	unreviewed-verse
bodhi	an8.42	an8.42:10.2	unreviewed-verse
bodhi	an8.42	an8.42:10.3	unreviewed-verse
bodhi	an8.42	an8.42:10.4	unreviewed-verse
bodhi	an8.42	an8.42:11.1	unreviewed-verse
bodhi	an8.42	an8.42:11.2	unreviewed-verse
bodhi	an8.42	an8.42:11.3	unreviewed-verse
bodhi	an8.42	an8.42:11.4	unreviewed-verse
bodhi	an8.42	an8.42:12.1	unreviewed-verse
bodhi	an8.42	an8.42:12.2	unreviewed-verse
bodhi	an8.42	an8.42:12.3	unreviewed-verse
bodhi	an8.42	an8.42:12.4	unreviewed-verse
bodhi	an8.42	an8.42:13.1	unreviewed-verse
bodhi	an8.42	an8.42:13.2	unreviewed-verse
bodhi	an8.42	an8.42:13.3	unreviewed-verse
bodhi	an8.42	an8.42:13.4	unreviewed-verse
bodhi	an8.42	an8.42:14.1	unreviewed-verse
bodhi	an8.42	an8.42:14.2	unreviewed-verse
bodhi	an8.42	an8.42:14.3	unreviewed-verse
bodhi	an8.42	an8.42:15.1	unreviewed-verse
bodhi	an8.42	an8.42:15.2	unreviewed-verse
bodhi	an8.42	an8.42:15.3	unreviewed-verse
bodhi	an8.42	an8.42:15.4	unreviewed-verse
bodhi	an8.43	an8.43:7.1	unreviewed-verse
bodhi	an8.43	an8.43:7.2	unreviewed-verse
bodhi	an8.43	an8.43:7.3	unreviewed-verse
bodhi	an8.43	an8.43:7.4	unreviewed-verse
bodhi	an8.43	an8.43:8.1	unreviewed-verse
bodhi	an8.43	an8.43:8.2	unreviewed-verse
bodhi	an8.43	an8.43:8.3	unreviewed-verse
bodhi	an8.43	an8.43:8.4	unreviewed-verse
bodhi	an8.43	an8.43:9.1	unreviewed-verse
bodhi	an8.43	an8.43:9.2	unreviewed-verse
bodhi	an8.43	an8.43:9.3	unreviewed-verse
bodhi	an8.43	an8.43:9.4	unreviewed-verse
bodhi	an8.43	an8.43:10.1	unreviewed-verse
bodhi	an8.43	an8.43:10.2	unreviewed-verse
bodhi	an8.43	an8.43:10.3	unreviewed-verse
bodhi	an8.43	an8.43:10.4	unreviewed-verse
bodhi	an8.43	an8.43:11.1	unreviewed-verse
bodhi	an8.43	an8.43:11.2	unreviewed-verse
bodhi	an8.43	an8.43:11.3	unreviewed-verse
bodhi	an8.43	an8.43:12.1	unreviewed-verse
bodhi	an8.43	an8.43:12.2	unreviewed-verse
bodhi	an8.43	an8.43:12.3	unreviewed-verse
bodhi	an8.43	an8.43:12.4	unreviewed-verse
bodhi	an8.45	an8.45:7.1	unreviewed-verse
bodhi	an8.45	an8.45:7.2	unreviewed-verse
bodhi	an8.45	an8.45:7.3	unreviewed-verse
bodhi	an8.45	an8.45:7.4	unreviewed-verse
bodhi	an8.45	an8.45:8.1	unreviewed-verse
bodhi	an8.45	an8.45:8.2	unreviewed-verse
bodhi	an8.45	an8.45:8.3	unreviewed-verse
bodhi	an8.45	an8.45:8.4	unreviewed-verse
bodhi	an8.45	an8.45:9.1	unreviewed-verse
bodhi	an8.45	an8.45:9.2	unreviewed-verse
bodhi	an8.45	an8.45:9.3	unreviewed-verse
bodhi	an8.45	an8.45:9.4	unreviewed-verse
bodhi	an8.45	an8.45:10.1	unreviewed-verse
bodhi	an8.45	an8.45:10.2	unreviewed-verse
bodhi	an8.45	an8.45:10.3	unreviewed-verse
bodhi	an8.45	an8.45:10.4	unreviewed-verse
bodhi	an8.45	an8.45:11.1	unreviewed-verse
bodhi	an8.45	an8.45:11.2	unreviewed-verse
bodhi	an8.45	an8.45:11.3	unreviewed-verse
bodhi	an8.45	an8.45:12.1	unreviewed-verse
bodhi	an8.45	an8.45:12.2	unreviewed-verse
bodhi	an8.45	an8.45:12.3	unreviewed-verse
bodhi	an8.45	an8.45:12.4	unreviewed-verse
bodhi	an8.46	an8.46:19.1	unreviewed-verse
bodhi	an8.46	an8.46:19.2	unreviewed-verse
bodhi	an8.46	an8.46:20.1	unreviewed-verse
bodhi	an8.46	an8.46:20.2	unreviewed-verse
bodhi	an8.46	an8.46:20.3	unreviewed-verse
bodhi	an8.46	an8.46:20.4	unreviewed-verse
bodhi	an8.46	an8.46:21.1	unreviewed-verse
bodhi	an8.46	an8.46:21.2	unreviewed-verse
bodhi	an8.46	an8.46:21.3	unreviewed-verse
bodhi	an8.46	an8.46:21.4	unreviewed-verse
bodhi	an8.46	an8.46:22.1	unreviewed-verse
bodhi	an8.46	an8.46:22.2	unreviewed-verse
bodhi	an8.46	an8.46:22.3	unreviewed-verse
bodhi	an8.46	an8.46:22.4	unreviewed-verse
bodhi	an8.47	an8.47:4.1	unreviewed-verse
bodhi	an8.47	an8.47:4.2	unreviewed-verse
bodhi	an8.47	an8.47:4.3	unreviewed-verse
bodhi	an8.47	an8.47:4.4	unreviewed-verse
bodhi	an8.47	an8.47:5.1	unreviewed-verse
bodhi	an8.47	an8.47:5.2	unreviewed-verse
bodhi	an8.47	an8.47:5.3	unreviewed-verse
bodhi	an8.47	an8.47:5.4	unreviewed-verse
bodhi	an8.47	an8.47:6.1	unreviewed-verse
bodhi	an8.47	an8.47:6.2	unreviewed-verse
bodhi	an8.47	an8.47:6.3	unreviewed-verse
bodhi	an8.47	an8.47:6.4	unreviewed-verse
bodhi	an8.47	an8.47:7.1	unreviewed-verse
bodhi	an8.47	an8.47:7.2	unreviewed-verse
bodhi	an8.47	an8.47:7.3	unreviewed-verse
bodhi	an8.47	an8.47:7.4	unreviewed-verse
bodhi	an8.48	an8.48:11.1	unreviewed-verse
bodhi	an8.48	an8.48:11.2	unreviewed-verse
bodhi	an8.48	an8.48:11.3	unreviewed-verse
bodhi	an8.48	an8.48:11.4	unreviewed-verse
bodhi	an8.48	an8.48:12.1	unreviewed-verse
bodhi	an8.48	an8.48:12.2	unreviewed-verse
bodhi	an8.48	an8.48:12.3	unreviewed-verse
bodhi	an8.48	an8.48:12.4	unreviewed-verse
bodhi	an8.48	an8.48:13.1	unreviewed-verse
bodhi	an8.48	an8.48:13.2	unreviewed-verse
bodhi	an8.48	an8.48:13.3	unreviewed-verse
bodhi	an8.48	an8.48:13.4	unreviewed-verse
bodhi	an8.48	an8.48:14.1	unreviewed-verse
bodhi	an8.48	an8.48:14.2	unreviewed-verse
bodhi	an8.48	an8.48:14.3	unreviewed-verse
bodhi	an8.48	an8.48:14.4	unreviewed-verse
bodhi	an8.49	an8.49:13.1	unreviewed-verse
bodhi	an8.49	an8.49:13.2	unreviewed-verse
bodhi	an8.49	an8.49:13.3	unreviewed-verse
bodhi	an8.49	an8.49:13.4	unreviewed-verse
bodhi	an8.49	an8.49:14.1	unreviewed-verse
bodhi	an8.49	an8.49:14.2	unreviewed-verse
bodhi	an8.49	an8.49:14.3	unreviewed-verse
bodhi	an8.49	an8.49:14.4	unreviewed-verse
bodhi	an8.49	an8.49:15.1	unreviewed-verse
bodhi	an8.49	an8.49:15.2	unreviewed-verse
bodhi	an8.49	an8.49:15.3	unreviewed-verse
bodhi	an8.49	an8.49:15.4	unreviewed-verse
bodhi	an8.49	an8.49:16.1	unreviewed-verse
bodhi	an8.49	an8.49:16.2	unreviewed-verse
bodhi	an8.49	an8.49:16.3	unreviewed-verse
bodhi	an8.49	an8.49:16.4	unreviewed-verse
bodhi	an8.50	an8.50:11.1	unreviewed-verse
bodhi	an8.50	an8.50:11.2	unreviewed-verse
bodhi	an8.50	an8.50:11.3	unreviewed-verse
bodhi	an8.50	an8.50:11.4	unreviewed-verse
bodhi	an8.50	an8.50:12.1	unreviewed-verse
bodhi	an8.50	an8.50:12.2	unreviewed-verse
bodhi	an8.50	an8.50:12.3	unreviewed-verse
bodhi	an8.50	an8.50:12.4	unreviewed-verse
bodhi	an8.50	an8.50:13.1	unreviewed-verse
bodhi	an8.50	an8.50:13.2	unreviewed-verse
bodhi	an8.50	an8.50:13.3	unreviewed-verse
bodhi	an8.50	an8.50:13.4	unreviewed-verse
bodhi	an8.50	an8.50:14.1	unreviewed-verse
bodhi	an8.50	an8.50:14.2	unreviewed-verse
bodhi	an8.50	an8.50:14.3	unreviewed-verse
bodhi	an8.50	an8.50:14.4	unreviewed-verse
bodhi	an8.5	an8.5:2.1	unreviewed-verse
bodhi	an8.5	an8.5:2.2	unreviewed-verse
bodhi	an8.5	an8.5:2.3	unreviewed-verse
bodhi	an8.5	an8.5:2.4	unreviewed-verse
bodhi	an8.5	an8.5:3.1	unreviewed-verse
bodhi	an8.5	an8.5:3.2	unreviewed-verse
bodhi	an8.5	an8.5:3.3	unreviewed-verse
bodhi	an8.5	an8.5:4.4	unreviewed-verse
bodhi	an8.6	an8.6:7.1	unreviewed-verse
bodhi	an8.6	an8.6:7.2	unreviewed-verse
bodhi	an8.6	an8.6:7.3	unreviewed-verse
bodhi	an8.6	an8.6:7.4	unreviewed-verse
bodhi	an8.6	an8.6:8.1	unreviewed-verse
bodhi	an8.6	an8.6:8.2	unreviewed-verse
bodhi	an8.6	an8.6:8.3	unreviewed-verse
bodhi	an8.6	an8.6:8.4	unreviewed-verse
bodhi	an8.6	an8.6:9.1	unreviewed-verse
bodhi	an8.6	an8.6:9.2	unreviewed-verse
bodhi	an8.6	an8.6:9.3	unreviewed-verse
bodhi	an8.6	an8.6:9.4	unreviewed-verse
bodhi	thag8.1	thag8.1:1.1	unreviewed-verse
bodhi	thag8.1	thag8.1:1.2	unreviewed-verse
bodhi	thag8.1	thag8.1:1.3	unreviewed-verse
bodhi	thag8.1	thag8.1:1.4	unreviewed-verse
bodhi	thag8.1	thag8.1:2.1	unreviewed-verse
bodhi	thag8.1	thag8.1:2.3	unreviewed-verse
bodhi	thag8.1	thag8.1:3.1	unreviewed-verse
bodhi	thag8.1	thag8.1:3.2	unreviewed-verse
bodhi	thag8.1	thag8.1:3.3	unreviewed-verse
bodhi	thag8.1	thag8.1:3.4	unreviewed-verse
bodhi	thag8.1	thag8.1:4.1	unreviewed-verse
bodhi	thag8.1	thag8.1:4.2	unreviewed-verse
bodhi	thag8.1	thag8.1:4.3	unreviewed-verse
bodhi	thag8.1	thag8.1:4.4	unreviewed-verse
bodhi	thag8.1	thag8.1:5.1	unreviewed-verse
bodhi	thag8.1	thag8.1:5.2	unreviewed-verse
bodhi	thag8.1	thag8.1:5.3	unreviewed-verse
bodhi	thag8.1	thag8.1:5.4	unreviewed-verse
bodhi	thag8.1	thag8.1:6.1	unreviewed-verse
bodhi	thag8.1	thag8.1:6.2	unreviewed-verse
bodhi	thag8.1	thag8.1:6.3	unreviewed-verse
bodhi	thag8.1	thag8.1:6.4	unreviewed-verse
bodhi	thag8.1	thag8.1:7.1	unreviewed-verse
bodhi	thag8.1	thag8.1:7.2	unreviewed-verse
bodhi	thag8.1	thag8.1:7.3	unreviewed-verse
bodhi	thag8.1	thag8.1:7.4	unreviewed-verse,pending-recovered-candidate
bodhi	thag8.1	thag8.1:8.1	unreviewed-verse
bodhi	thag8.1	thag8.1:8.2	unreviewed-verse
bodhi	thag8.1	thag8.1:8.3	unreviewed-verse
bodhi	thag8.1	thag8.1:8.4	unreviewed-verse
bodhi	thag8.1	thag8.1:8.5	unreviewed-verse
bodhi	thag8.1	thag8.1:8.6	unreviewed-verse
bodhi	sn1.10	sn1.10:2.1	unreviewed-verse
bodhi	sn1.10	sn1.10:2.2	unreviewed-verse
bodhi	sn1.10	sn1.10:2.3	unreviewed-verse
bodhi	sn1.10	sn1.10:2.4	unreviewed-verse
bodhi	sn1.10	sn1.10:3.1	unreviewed-verse
bodhi	sn1.10	sn1.10:3.2	unreviewed-verse
bodhi	sn1.10	sn1.10:3.3	unreviewed-verse
bodhi	sn1.10	sn1.10:3.4	unreviewed-verse
bodhi	sn1.10	sn1.10:4.1	unreviewed-verse
bodhi	sn1.10	sn1.10:4.2	unreviewed-verse
bodhi	sn1.10	sn1.10:4.3	unreviewed-verse
bodhi	sn1.10	sn1.10:4.4	unreviewed-verse
bodhi	sn1.11	sn1.11:3.1	unreviewed-verse
bodhi	sn1.11	sn1.11:3.2	unreviewed-verse
bodhi	sn1.11	sn1.11:3.3	unreviewed-verse
bodhi	sn1.11	sn1.11:3.4	unreviewed-verse
bodhi	sn1.11	sn1.11:5.1	unreviewed-verse
bodhi	sn1.11	sn1.11:5.2	unreviewed-verse
bodhi	sn1.11	sn1.11:5.3	unreviewed-verse
bodhi	sn1.11	sn1.11:5.4	unreviewed-verse
bodhi	sn1.11	sn1.11:5.5	unreviewed-verse
bodhi	sn1.11	sn1.11:5.6	unreviewed-verse
bodhi	sn1.12	sn1.12:2.1	unreviewed-verse
bodhi	sn1.12	sn1.12:2.2	unreviewed-verse
bodhi	sn1.12	sn1.12:2.3	unreviewed-verse
bodhi	sn1.12	sn1.12:2.4	unreviewed-verse
bodhi	sn1.12	sn1.12:3.1	unreviewed-verse
bodhi	sn1.12	sn1.12:3.2	unreviewed-verse
bodhi	sn1.12	sn1.12:3.3	unreviewed-verse
bodhi	sn1.12	sn1.12:3.4	unreviewed-verse
bodhi	sn1.13	sn1.13:2.1	unreviewed-verse
bodhi	sn1.13	sn1.13:2.2	unreviewed-verse
bodhi	sn1.13	sn1.13:2.3	unreviewed-verse
bodhi	sn1.13	sn1.13:2.4	unreviewed-verse
bodhi	sn1.13	sn1.13:3.1	unreviewed-verse
bodhi	sn1.13	sn1.13:3.2	unreviewed-verse
bodhi	sn1.13	sn1.13:3.3	unreviewed-verse
bodhi	sn1.13	sn1.13:3.4	unreviewed-verse
bodhi	sn1.14	sn1.14:1.1	unreviewed-verse
bodhi	sn1.14	sn1.14:1.2	unreviewed-verse
bodhi	sn1.14	sn1.14:1.3	unreviewed-verse
bodhi	sn1.14	sn1.14:1.4	unreviewed-verse
bodhi	sn1.14	sn1.14:2.1	unreviewed-verse
bodhi	sn1.14	sn1.14:2.2	unreviewed-verse
bodhi	sn1.14	sn1.14:2.3	unreviewed-verse
bodhi	sn1.14	sn1.14:2.4	unreviewed-verse
bodhi	sn1.15	sn1.15:1.1	unreviewed-verse
bodhi	sn1.15	sn1.15:1.2	unreviewed-verse
bodhi	sn1.15	sn1.15:1.3	unreviewed-verse
bodhi	sn1.15	sn1.15:1.4	unreviewed-verse
bodhi	sn1.15	sn1.15:2.1	unreviewed-verse
bodhi	sn1.15	sn1.15:2.2	unreviewed-verse
bodhi	sn1.15	sn1.15:2.3	unreviewed-verse
bodhi	sn1.15	sn1.15:2.4	unreviewed-verse
bodhi	sn1.16	sn1.16:1.1	unreviewed-verse
bodhi	sn1.16	sn1.16:1.2	unreviewed-verse
bodhi	sn1.16	sn1.16:1.3	unreviewed-verse
bodhi	sn1.16	sn1.16:1.4	unreviewed-verse
bodhi	sn1.16	sn1.16:2.1	unreviewed-verse
bodhi	sn1.16	sn1.16:2.2	unreviewed-verse
bodhi	sn1.16	sn1.16:2.3	unreviewed-verse
bodhi	sn1.16	sn1.16:2.4	unreviewed-verse
bodhi	sn1.17	sn1.17:1.1	unreviewed-verse
bodhi	sn1.17	sn1.17:1.2	unreviewed-verse
bodhi	sn1.17	sn1.17:1.3	unreviewed-verse
bodhi	sn1.17	sn1.17:1.4	unreviewed-verse
bodhi	sn1.17	sn1.17:2.1	unreviewed-verse
bodhi	sn1.17	sn1.17:2.2	unreviewed-verse
bodhi	sn1.17	sn1.17:2.3	unreviewed-verse
bodhi	sn1.17	sn1.17:2.4	unreviewed-verse
bodhi	sn1.17	sn1.17:3.1	unreviewed-verse
bodhi	sn1.17	sn1.17:3.2	unreviewed-verse
bodhi	sn1.17	sn1.17:3.3	unreviewed-verse
bodhi	sn1.17	sn1.17:3.4	unreviewed-verse
bodhi	sn1.18	sn1.18:1.1	unreviewed-verse
bodhi	sn1.18	sn1.18:1.2	unreviewed-verse
bodhi	sn1.18	sn1.18:1.3	unreviewed-verse
bodhi	sn1.18	sn1.18:1.4	unreviewed-verse
bodhi	sn1.18	sn1.18:2.1	unreviewed-verse
bodhi	sn1.18	sn1.18:2.2	unreviewed-verse
bodhi	sn1.18	sn1.18:2.3	unreviewed-verse
bodhi	sn1.18	sn1.18:2.4	unreviewed-verse
bodhi	sn1.19	sn1.19:1.1	unreviewed-verse
bodhi	sn1.19	sn1.19:1.2	unreviewed-verse
bodhi	sn1.19	sn1.19:1.3	unreviewed-verse
bodhi	sn1.19	sn1.19:1.4	unreviewed-verse
bodhi	sn1.19	sn1.19:2.1	unreviewed-verse
bodhi	sn1.19	sn1.19:2.2	unreviewed-verse
bodhi	sn1.19	sn1.19:2.3	unreviewed-verse
bodhi	sn1.19	sn1.19:2.4	unreviewed-verse
bodhi	sn1.19	sn1.19:3.1	unreviewed-verse
bodhi	sn1.19	sn1.19:3.2	unreviewed-verse
bodhi	sn1.19	sn1.19:3.3	unreviewed-verse
bodhi	sn1.19	sn1.19:3.4	unreviewed-verse
bodhi	sn1.19	sn1.19:4.1	unreviewed-verse
bodhi	sn1.19	sn1.19:4.2	unreviewed-verse
bodhi	sn1.19	sn1.19:4.3	unreviewed-verse
bodhi	sn1.19	sn1.19:4.4	unreviewed-verse
bodhi	sn1.19	sn1.19:5.1	unreviewed-verse
bodhi	sn1.19	sn1.19:5.2	unreviewed-verse
bodhi	sn1.19	sn1.19:5.3	unreviewed-verse
bodhi	sn1.19	sn1.19:5.4	unreviewed-verse
bodhi	sn1.1	sn1.1:2.1	unreviewed-verse
bodhi	sn1.1	sn1.1:2.2	unreviewed-verse
bodhi	sn1.1	sn1.1:2.3	unreviewed-verse
bodhi	sn1.1	sn1.1:2.4	unreviewed-verse
bodhi	sn1.20	sn1.20:2.1	unreviewed-verse
bodhi	sn1.20	sn1.20:2.2	unreviewed-verse
bodhi	sn1.20	sn1.20:2.3	unreviewed-verse
bodhi	sn1.20	sn1.20:2.4	unreviewed-verse
bodhi	sn1.20	sn1.20:3.1	unreviewed-verse
bodhi	sn1.20	sn1.20:3.2	unreviewed-verse
bodhi	sn1.20	sn1.20:3.3	unreviewed-verse
bodhi	sn1.20	sn1.20:3.4	unreviewed-verse
bodhi	sn1.20	sn1.20:10.1	unreviewed-verse
bodhi	sn1.20	sn1.20:10.2	unreviewed-verse
bodhi	sn1.20	sn1.20:10.3	unreviewed-verse
bodhi	sn1.20	sn1.20:10.4	unreviewed-verse
bodhi	sn1.20	sn1.20:12.1	unreviewed-verse
bodhi	sn1.20	sn1.20:12.2	unreviewed-verse
bodhi	sn1.20	sn1.20:12.3	unreviewed-verse
bodhi	sn1.20	sn1.20:12.4	unreviewed-verse
bodhi	sn1.20	sn1.20:20.1	unreviewed-verse
bodhi	sn1.20	sn1.20:20.2	unreviewed-verse
bodhi	sn1.20	sn1.20:20.3	unreviewed-verse
bodhi	sn1.20	sn1.20:20.4	unreviewed-verse
bodhi	sn1.20	sn1.20:21.1	unreviewed-verse
bodhi	sn1.20	sn1.20:21.2	unreviewed-verse
bodhi	sn1.20	sn1.20:21.3	unreviewed-verse
bodhi	sn1.20	sn1.20:21.4	unreviewed-verse
bodhi	sn1.20	sn1.20:23.1	unreviewed-verse
bodhi	sn1.20	sn1.20:23.3	unreviewed-verse
bodhi	sn1.20	sn1.20:23.4	unreviewed-verse
bodhi	sn1.20	sn1.20:25.1	unreviewed-verse
bodhi	sn1.20	sn1.20:25.2	unreviewed-verse
bodhi	sn1.20	sn1.20:25.3	unreviewed-verse
bodhi	sn1.20	sn1.20:25.4	unreviewed-verse
bodhi	sn1.20	sn1.20:25.5	unreviewed-verse
bodhi	sn1.20	sn1.20:25.6	unreviewed-verse
bodhi	sn1.20	sn1.20:28.1	unreviewed-verse
bodhi	sn1.20	sn1.20:28.2	unreviewed-verse
bodhi	sn1.20	sn1.20:28.3	unreviewed-verse
bodhi	sn1.20	sn1.20:28.4	unreviewed-verse
bodhi	sn1.21	sn1.21:2.1	unreviewed-verse
bodhi	sn1.21	sn1.21:2.2	unreviewed-verse
bodhi	sn1.21	sn1.21:2.3	unreviewed-verse
bodhi	sn1.21	sn1.21:2.4	unreviewed-verse
bodhi	sn1.21	sn1.21:3.1	unreviewed-verse
bodhi	sn1.21	sn1.21:3.2	unreviewed-verse
bodhi	sn1.21	sn1.21:3.3	unreviewed-verse
bodhi	sn1.21	sn1.21:3.4	unreviewed-verse
bodhi	sn1.22	sn1.22:1.1	unreviewed-verse
bodhi	sn1.22	sn1.22:1.2	unreviewed-verse
bodhi	sn1.22	sn1.22:1.3	unreviewed-verse
bodhi	sn1.22	sn1.22:1.4	unreviewed-verse
bodhi	sn1.22	sn1.22:2.1	unreviewed-verse
bodhi	sn1.22	sn1.22:2.2	unreviewed-verse
bodhi	sn1.22	sn1.22:2.3	unreviewed-verse
bodhi	sn1.22	sn1.22:2.4	unreviewed-verse
bodhi	sn1.23	sn1.23:1.1	unreviewed-verse
bodhi	sn1.23	sn1.23:1.2	unreviewed-verse
bodhi	sn1.23	sn1.23:1.3	unreviewed-verse
bodhi	sn1.23	sn1.23:1.4	unreviewed-verse
bodhi	sn1.23	sn1.23:2.1	unreviewed-verse
bodhi	sn1.23	sn1.23:2.2	unreviewed-verse
bodhi	sn1.23	sn1.23:2.3	unreviewed-verse
bodhi	sn1.23	sn1.23:2.4	unreviewed-verse
bodhi	sn1.23	sn1.23:3.1	unreviewed-verse
bodhi	sn1.23	sn1.23:3.2	unreviewed-verse
bodhi	sn1.23	sn1.23:3.3	unreviewed-verse
bodhi	sn1.23	sn1.23:3.4	unreviewed-verse
bodhi	sn1.23	sn1.23:4.1	unreviewed-verse
bodhi	sn1.23	sn1.23:4.2	unreviewed-verse
bodhi	sn1.23	sn1.23:4.3	unreviewed-verse
bodhi	sn1.23	sn1.23:4.4	unreviewed-verse
bodhi	sn1.24	sn1.24:1.1	unreviewed-verse
bodhi	sn1.24	sn1.24:1.2	unreviewed-verse
bodhi	sn1.24	sn1.24:1.3	unreviewed-verse
bodhi	sn1.24	sn1.24:1.4	unreviewed-verse
bodhi	sn1.24	sn1.24:2.1	unreviewed-verse
bodhi	sn1.24	sn1.24:2.2	unreviewed-verse
bodhi	sn1.24	sn1.24:2.3	unreviewed-verse
bodhi	sn1.25	sn1.25:1.1	unreviewed-verse
bodhi	sn1.25	sn1.25:1.2	unreviewed-verse
bodhi	sn1.25	sn1.25:1.3	unreviewed-verse
bodhi	sn1.25	sn1.25:1.4	unreviewed-verse
bodhi	sn1.25	sn1.25:2.1	unreviewed-verse
bodhi	sn1.25	sn1.25:2.2	unreviewed-verse
bodhi	sn1.25	sn1.25:2.3	unreviewed-verse
bodhi	sn1.25	sn1.25:2.4	unreviewed-verse
bodhi	sn1.25	sn1.25:2.5	unreviewed-verse
bodhi	sn1.25	sn1.25:2.6	unreviewed-verse
bodhi	sn1.25	sn1.25:3.1	unreviewed-verse
bodhi	sn1.25	sn1.25:3.2	unreviewed-verse
bodhi	sn1.25	sn1.25:3.3	unreviewed-verse
bodhi	sn1.25	sn1.25:3.4	unreviewed-verse
bodhi	sn1.25	sn1.25:3.5	unreviewed-verse
bodhi	sn1.25	sn1.25:4.1	unreviewed-verse
bodhi	sn1.25	sn1.25:4.2	unreviewed-verse
bodhi	sn1.25	sn1.25:4.3	unreviewed-verse
bodhi	sn1.25	sn1.25:4.4	unreviewed-verse
bodhi	sn1.25	sn1.25:5.1	unreviewed-verse
bodhi	sn1.25	sn1.25:5.2	unreviewed-verse
bodhi	sn1.25	sn1.25:5.3	unreviewed-verse
bodhi	sn1.26	sn1.26:1.1	unreviewed-verse
bodhi	sn1.26	sn1.26:1.2	unreviewed-verse
bodhi	sn1.26	sn1.26:1.3	unreviewed-verse
bodhi	sn1.26	sn1.26:1.4	unreviewed-verse
bodhi	sn1.26	sn1.26:2.1	unreviewed-verse
bodhi	sn1.26	sn1.26:2.2	unreviewed-verse
bodhi	sn1.26	sn1.26:2.3	unreviewed-verse
bodhi	sn1.26	sn1.26:2.4	unreviewed-verse
bodhi	sn1.26	sn1.26:3.1	unreviewed-verse
bodhi	sn1.26	sn1.26:3.2	unreviewed-verse
bodhi	sn1.26	sn1.26:3.3	unreviewed-verse
bodhi	sn1.26	sn1.26:3.4	unreviewed-verse
bodhi	sn1.27	sn1.27:1.1	unreviewed-verse
bodhi	sn1.27	sn1.27:1.2	unreviewed-verse
bodhi	sn1.27	sn1.27:1.3	unreviewed-verse
bodhi	sn1.27	sn1.27:1.4	unreviewed-verse
bodhi	sn1.27	sn1.27:2.1	unreviewed-verse
bodhi	sn1.27	sn1.27:2.2	unreviewed-verse
bodhi	sn1.27	sn1.27:2.3	unreviewed-verse
bodhi	sn1.27	sn1.27:2.4	unreviewed-verse
bodhi	sn1.27	sn1.27:2.5	unreviewed-verse
bodhi	sn1.27	sn1.27:2.6	unreviewed-verse
bodhi	sn1.28	sn1.28:1.1	unreviewed-verse
bodhi	sn1.28	sn1.28:1.2	unreviewed-verse
bodhi	sn1.28	sn1.28:1.3	unreviewed-verse
bodhi	sn1.28	sn1.28:1.4	unreviewed-verse
bodhi	sn1.28	sn1.28:2.1	unreviewed-verse
bodhi	sn1.28	sn1.28:2.2	unreviewed-verse
bodhi	sn1.28	sn1.28:2.3	unreviewed-verse
bodhi	sn1.28	sn1.28:2.4	unreviewed-verse
bodhi	sn1.28	sn1.28:3.1	unreviewed-verse
bodhi	sn1.28	sn1.28:3.2	unreviewed-verse
bodhi	sn1.28	sn1.28:3.3	unreviewed-verse
bodhi	sn1.28	sn1.28:3.4	unreviewed-verse
bodhi	sn1.28	sn1.28:3.5	unreviewed-verse
bodhi	sn1.28	sn1.28:3.6	unreviewed-verse
bodhi	sn1.29	sn1.29:1.1	unreviewed-verse
bodhi	sn1.29	sn1.29:1.2	unreviewed-verse
bodhi	sn1.29	sn1.29:1.3	unreviewed-verse
bodhi	sn1.29	sn1.29:1.4	unreviewed-verse
bodhi	sn1.29	sn1.29:2.1	unreviewed-verse
bodhi	sn1.29	sn1.29:2.2	unreviewed-verse
bodhi	sn1.29	sn1.29:2.3	unreviewed-verse
bodhi	sn1.29	sn1.29:2.4	unreviewed-verse
bodhi	sn1.30	sn1.30:1.1	unreviewed-verse
bodhi	sn1.30	sn1.30:1.2	unreviewed-verse
bodhi	sn1.30	sn1.30:1.3	unreviewed-verse
bodhi	sn1.30	sn1.30:1.4	unreviewed-verse
bodhi	sn1.30	sn1.30:1.5	unreviewed-verse
bodhi	sn1.30	sn1.30:1.6	unreviewed-verse
bodhi	sn1.30	sn1.30:2.1	unreviewed-verse
bodhi	sn1.30	sn1.30:2.2	unreviewed-verse
bodhi	sn1.30	sn1.30:2.3	unreviewed-verse
bodhi	sn1.30	sn1.30:2.4	unreviewed-verse
bodhi	sn1.31	sn1.31:2.1	unreviewed-verse
bodhi	sn1.31	sn1.31:2.2	unreviewed-verse
bodhi	sn1.31	sn1.31:2.3	unreviewed-verse
bodhi	sn1.31	sn1.31:2.4	unreviewed-verse
bodhi	sn1.31	sn1.31:4.1	unreviewed-verse
bodhi	sn1.31	sn1.31:4.2	unreviewed-verse
bodhi	sn1.31	sn1.31:4.3	unreviewed-verse
bodhi	sn1.31	sn1.31:4.4	unreviewed-verse
bodhi	sn1.31	sn1.31:6.1	unreviewed-verse
bodhi	sn1.31	sn1.31:6.2	unreviewed-verse
bodhi	sn1.31	sn1.31:6.3	unreviewed-verse
bodhi	sn1.31	sn1.31:6.4	unreviewed-verse
bodhi	sn1.31	sn1.31:8.1	unreviewed-verse
bodhi	sn1.31	sn1.31:8.2	unreviewed-verse
bodhi	sn1.31	sn1.31:8.3	unreviewed-verse
bodhi	sn1.31	sn1.31:8.4	unreviewed-verse
bodhi	sn1.31	sn1.31:10.1	unreviewed-verse
bodhi	sn1.31	sn1.31:10.2	unreviewed-verse
bodhi	sn1.31	sn1.31:10.3	unreviewed-verse
bodhi	sn1.31	sn1.31:10.4	unreviewed-verse
bodhi	sn1.31	sn1.31:12.1	unreviewed-verse
bodhi	sn1.31	sn1.31:12.2	unreviewed-verse
bodhi	sn1.31	sn1.31:12.3	unreviewed-verse
bodhi	sn1.31	sn1.31:12.4	unreviewed-verse
bodhi	sn1.31	sn1.31:15.1	unreviewed-verse
bodhi	sn1.31	sn1.31:15.2	unreviewed-verse
bodhi	sn1.31	sn1.31:15.3	unreviewed-verse
bodhi	sn1.31	sn1.31:15.4	unreviewed-verse
bodhi	sn1.32	sn1.32:2.1	unreviewed-verse
bodhi	sn1.32	sn1.32:2.2	unreviewed-verse
bodhi	sn1.32	sn1.32:2.3	unreviewed-verse
bodhi	sn1.32	sn1.32:2.4	unreviewed-verse
bodhi	sn1.32	sn1.32:4.1	unreviewed-verse
bodhi	sn1.32	sn1.32:4.2	unreviewed-verse
bodhi	sn1.32	sn1.32:4.3	unreviewed-verse
bodhi	sn1.32	sn1.32:4.4	unreviewed-verse
bodhi	sn1.32	sn1.32:4.5	unreviewed-verse
bodhi	sn1.32	sn1.32:4.6	unreviewed-verse
bodhi	sn1.32	sn1.32:5.1	unreviewed-verse
bodhi	sn1.32	sn1.32:5.2	unreviewed-verse
bodhi	sn1.32	sn1.32:5.3	unreviewed-verse
bodhi	sn1.32	sn1.32:5.4	unreviewed-verse
bodhi	sn1.32	sn1.32:7.1	unreviewed-verse
bodhi	sn1.32	sn1.32:7.2	unreviewed-verse
bodhi	sn1.32	sn1.32:7.3	unreviewed-verse
bodhi	sn1.32	sn1.32:7.4	unreviewed-verse
bodhi	sn1.32	sn1.32:8.1	unreviewed-verse
bodhi	sn1.32	sn1.32:8.2	unreviewed-verse
bodhi	sn1.32	sn1.32:8.3	unreviewed-verse
bodhi	sn1.32	sn1.32:8.4	unreviewed-verse
bodhi	sn1.32	sn1.32:10.1	unreviewed-verse
bodhi	sn1.32	sn1.32:10.2	unreviewed-verse
bodhi	sn1.32	sn1.32:10.3	unreviewed-verse
bodhi	sn1.32	sn1.32:10.4	unreviewed-verse
bodhi	sn1.32	sn1.32:11.1	unreviewed-verse
bodhi	sn1.32	sn1.32:11.2	unreviewed-verse
bodhi	sn1.32	sn1.32:11.3	unreviewed-verse
bodhi	sn1.32	sn1.32:11.4	unreviewed-verse
bodhi	sn1.32	sn1.32:14.1	unreviewed-verse
bodhi	sn1.32	sn1.32:14.2	unreviewed-verse
bodhi	sn1.32	sn1.32:14.3	unreviewed-verse
bodhi	sn1.32	sn1.32:14.4	unreviewed-verse
bodhi	sn1.32	sn1.32:16.1	unreviewed-verse
bodhi	sn1.32	sn1.32:16.2	unreviewed-verse
bodhi	sn1.32	sn1.32:16.3	unreviewed-verse
bodhi	sn1.32	sn1.32:16.4	unreviewed-verse
bodhi	sn1.32	sn1.32:17.1	unreviewed-verse
bodhi	sn1.32	sn1.32:17.2	unreviewed-verse
bodhi	sn1.32	sn1.32:17.3	unreviewed-verse
bodhi	sn1.32	sn1.32:17.4	unreviewed-verse
bodhi	sn1.32	sn1.32:18.1	unreviewed-verse
bodhi	sn1.32	sn1.32:18.2	unreviewed-verse
bodhi	sn1.33	sn1.33:2.1	unreviewed-verse
bodhi	sn1.33	sn1.33:2.2	unreviewed-verse
bodhi	sn1.33	sn1.33:2.3	unreviewed-verse
bodhi	sn1.33	sn1.33:2.4	unreviewed-verse
bodhi	sn1.33	sn1.33:2.5	unreviewed-verse
bodhi	sn1.33	sn1.33:4.1	unreviewed-verse
bodhi	sn1.33	sn1.33:4.2	unreviewed-verse
bodhi	sn1.33	sn1.33:5.1	unreviewed-verse
bodhi	sn1.33	sn1.33:5.2	unreviewed-verse
bodhi	sn1.33	sn1.33:5.3	unreviewed-verse
bodhi	sn1.33	sn1.33:5.4	unreviewed-verse
bodhi	sn1.33	sn1.33:7.1	unreviewed-verse
bodhi	sn1.33	sn1.33:7.2	unreviewed-verse
bodhi	sn1.33	sn1.33:7.3	unreviewed-verse
bodhi	sn1.33	sn1.33:7.4	unreviewed-verse
bodhi	sn1.33	sn1.33:7.5	unreviewed-verse
bodhi	sn1.33	sn1.33:7.6	unreviewed-verse
bodhi	sn1.33	sn1.33:7.7	unreviewed-verse
bodhi	sn1.33	sn1.33:9.1	unreviewed-verse
bodhi	sn1.33	sn1.33:9.2	unreviewed-verse
bodhi	sn1.33	sn1.33:9.3	unreviewed-verse
bodhi	sn1.33	sn1.33:9.4	unreviewed-verse
bodhi	sn1.33	sn1.33:10.1	unreviewed-verse
bodhi	sn1.33	sn1.33:10.2	unreviewed-verse
bodhi	sn1.33	sn1.33:10.3	unreviewed-verse
bodhi	sn1.33	sn1.33:10.4	unreviewed-verse
bodhi	sn1.33	sn1.33:12.1	unreviewed-verse
bodhi	sn1.33	sn1.33:12.2	unreviewed-verse
bodhi	sn1.33	sn1.33:12.3	unreviewed-verse
bodhi	sn1.33	sn1.33:12.4	unreviewed-verse
bodhi	sn1.33	sn1.33:12.5	unreviewed-verse
bodhi	sn1.33	sn1.33:13.1	unreviewed-verse
bodhi	sn1.33	sn1.33:13.2	unreviewed-verse
bodhi	sn1.33	sn1.33:13.3	unreviewed-verse
bodhi	sn1.33	sn1.33:13.4	unreviewed-verse
bodhi	sn1.33	sn1.33:15.1	unreviewed-verse
bodhi	sn1.33	sn1.33:15.2	unreviewed-verse
bodhi	sn1.33	sn1.33:15.3	unreviewed-verse
bodhi	sn1.33	sn1.33:15.4	unreviewed-verse
bodhi	sn1.33	sn1.33:15.5	unreviewed-verse
bodhi	sn1.33	sn1.33:15.6	unreviewed-verse
bodhi	sn1.33	sn1.33:16.1	unreviewed-verse
bodhi	sn1.33	sn1.33:16.2	unreviewed-verse
bodhi	sn1.33	sn1.33:16.3	unreviewed-verse
bodhi	sn1.33	sn1.33:16.4	unreviewed-verse
bodhi	sn1.33	sn1.33:19.1	unreviewed-verse
bodhi	sn1.33	sn1.33:19.2	unreviewed-verse
bodhi	sn1.33	sn1.33:19.3	unreviewed-verse
bodhi	sn1.33	sn1.33:19.4	unreviewed-verse
bodhi	sn1.34	sn1.34:2.1	unreviewed-verse
bodhi	sn1.34	sn1.34:2.2	unreviewed-verse
bodhi	sn1.34	sn1.34:2.3	unreviewed-verse
bodhi	sn1.34	sn1.34:2.4	unreviewed-verse
bodhi	sn1.34	sn1.34:4.1	unreviewed-verse
bodhi	sn1.34	sn1.34:4.2	unreviewed-verse
bodhi	sn1.34	sn1.34:4.3	unreviewed-verse
bodhi	sn1.34	sn1.34:4.4	unreviewed-verse
bodhi	sn1.34	sn1.34:5.1	unreviewed-verse
bodhi	sn1.34	sn1.34:5.2	unreviewed-verse
bodhi	sn1.34	sn1.34:5.3	unreviewed-verse
bodhi	sn1.34	sn1.34:5.4	unreviewed-verse
bodhi	sn1.34	sn1.34:6.1	unreviewed-verse
bodhi	sn1.34	sn1.34:6.2	unreviewed-verse
bodhi	sn1.34	sn1.34:6.3	unreviewed-verse
bodhi	sn1.34	sn1.34:6.4	unreviewed-verse
bodhi	sn1.34	sn1.34:6.5	unreviewed-verse
bodhi	sn1.34	sn1.34:6.6	unreviewed-verse
bodhi	sn1.34	sn1.34:7.1	unreviewed-verse
bodhi	sn1.34	sn1.34:7.3	unreviewed-verse
bodhi	sn1.34	sn1.34:7.4	unreviewed-verse
bodhi	sn1.34	sn1.34:7.5	unreviewed-verse
bodhi	sn1.34	sn1.34:8.1	unreviewed-verse
bodhi	sn1.34	sn1.34:8.3	unreviewed-verse
bodhi	sn1.34	sn1.34:8.4	unreviewed-verse
bodhi	sn1.34	sn1.34:8.5	unreviewed-verse
bodhi	sn1.35	sn1.35:2.1	unreviewed-verse
bodhi	sn1.35	sn1.35:3.3	unreviewed-verse
bodhi	sn1.35	sn1.35:4.5	unreviewed-verse
bodhi	sn1.35	sn1.35:7.1	unreviewed-verse
bodhi	sn1.35	sn1.35:11.1	unreviewed-verse
bodhi	sn1.36	sn1.36:2.1	unreviewed-verse
bodhi	sn1.36	sn1.36:2.2	unreviewed-verse
bodhi	sn1.36	sn1.36:2.3	unreviewed-verse
bodhi	sn1.36	sn1.36:2.4	unreviewed-verse
bodhi	sn1.36	sn1.36:4.1	unreviewed-verse
bodhi	sn1.36	sn1.36:4.2	unreviewed-verse
bodhi	sn1.36	sn1.36:4.3	unreviewed-verse
bodhi	sn1.36	sn1.36:4.4	unreviewed-verse
bodhi	sn1.36	sn1.36:5.1	unreviewed-verse
bodhi	sn1.36	sn1.36:5.2	unreviewed-verse
bodhi	sn1.36	sn1.36:5.3	unreviewed-verse
bodhi	sn1.36	sn1.36:5.4	unreviewed-verse
bodhi	sn1.36	sn1.36:6.1	unreviewed-verse
bodhi	sn1.36	sn1.36:6.2	unreviewed-verse
bodhi	sn1.36	sn1.36:6.3	unreviewed-verse
bodhi	sn1.36	sn1.36:6.4	unreviewed-verse
bodhi	sn1.37	sn1.37:3.1	unreviewed-verse
bodhi	sn1.37	sn1.37:3.2	unreviewed-verse
bodhi	sn1.37	sn1.37:3.3	unreviewed-verse
bodhi	sn1.37	sn1.37:3.4	unreviewed-verse
bodhi	sn1.37	sn1.37:5.1	unreviewed-verse
bodhi	sn1.37	sn1.37:5.2	unreviewed-verse
bodhi	sn1.37	sn1.37:5.3	unreviewed-verse
bodhi	sn1.37	sn1.37:5.4	unreviewed-verse
bodhi	sn1.37	sn1.37:7.1	unreviewed-verse
bodhi	sn1.37	sn1.37:7.2	unreviewed-verse
bodhi	sn1.37	sn1.37:7.3	unreviewed-verse
bodhi	sn1.37	sn1.37:7.4	unreviewed-verse
bodhi	sn1.37	sn1.37:9.1	unreviewed-verse
bodhi	sn1.37	sn1.37:9.2	unreviewed-verse
bodhi	sn1.37	sn1.37:9.3	unreviewed-verse
bodhi	sn1.37	sn1.37:9.4	unreviewed-verse
bodhi	sn1.38	sn1.38:9.1	unreviewed-verse
bodhi	sn1.38	sn1.38:9.2	unreviewed-verse
bodhi	sn1.38	sn1.38:9.3	unreviewed-verse
bodhi	sn1.38	sn1.38:9.4	unreviewed-verse
bodhi	sn1.38	sn1.38:10.1	unreviewed-verse
bodhi	sn1.38	sn1.38:10.2	unreviewed-verse
bodhi	sn1.38	sn1.38:10.3	unreviewed-verse
bodhi	sn1.38	sn1.38:10.4	unreviewed-verse
bodhi	sn1.38	sn1.38:11.1	unreviewed-verse
bodhi	sn1.38	sn1.38:11.2	unreviewed-verse
bodhi	sn1.38	sn1.38:11.3	unreviewed-verse
bodhi	sn1.38	sn1.38:11.4	unreviewed-verse
bodhi	sn1.38	sn1.38:12.1	unreviewed-verse
bodhi	sn1.38	sn1.38:12.2	unreviewed-verse
bodhi	sn1.38	sn1.38:12.3	unreviewed-verse
bodhi	sn1.38	sn1.38:12.4	unreviewed-verse
bodhi	sn1.39	sn1.39:2.1	unreviewed-verse
bodhi	sn1.39	sn1.39:4.1	unreviewed-verse
bodhi	sn1.39	sn1.39:5.1	unreviewed-verse
bodhi	sn1.3	sn1.3:2.1	unreviewed-verse
bodhi	sn1.3	sn1.3:2.2	unreviewed-verse
bodhi	sn1.3	sn1.3:2.3	unreviewed-verse
bodhi	sn1.3	sn1.3:2.4	unreviewed-verse
bodhi	sn1.3	sn1.3:3.1	unreviewed-verse
bodhi	sn1.3	sn1.3:3.2	unreviewed-verse
bodhi	sn1.3	sn1.3:3.3	unreviewed-verse
bodhi	sn1.3	sn1.3:3.4	unreviewed-verse
bodhi	sn1.40	sn1.40:2.1	unreviewed-verse
bodhi	sn1.40	sn1.40:2.2	unreviewed-verse
bodhi	sn1.40	sn1.40:2.3	unreviewed-verse
bodhi	sn1.40	sn1.40:2.4	unreviewed-verse
bodhi	sn1.40	sn1.40:3.1	unreviewed-verse
bodhi	sn1.40	sn1.40:3.2	unreviewed-verse
bodhi	sn1.40	sn1.40:3.3	unreviewed-verse
bodhi	sn1.40	sn1.40:3.4	unreviewed-verse
bodhi	sn1.40	sn1.40:4.1	unreviewed-verse
bodhi	sn1.40	sn1.40:4.2	unreviewed-verse
bodhi	sn1.40	sn1.40:4.3	unreviewed-verse
bodhi	sn1.40	sn1.40:4.4	unreviewed-verse
bodhi	sn1.41	sn1.41:5.1	unreviewed-verse
bodhi	sn1.42	sn1.42:1.1	unreviewed-verse
bodhi	sn1.42	sn1.42:1.2	unreviewed-verse
bodhi	sn1.42	sn1.42:1.3	unreviewed-verse
bodhi	sn1.42	sn1.42:1.4	unreviewed-verse
bodhi	sn1.42	sn1.42:1.5	unreviewed-verse
bodhi	sn1.42	sn1.42:1.6	unreviewed-verse
bodhi	sn1.42	sn1.42:2.1	unreviewed-verse
bodhi	sn1.42	sn1.42:2.2	unreviewed-verse
bodhi	sn1.42	sn1.42:2.3	unreviewed-verse
bodhi	sn1.42	sn1.42:2.4	unreviewed-verse
bodhi	sn1.42	sn1.42:3.1	unreviewed-verse
bodhi	sn1.42	sn1.42:3.2	unreviewed-verse
bodhi	sn1.42	sn1.42:3.3	unreviewed-verse
bodhi	sn1.42	sn1.42:3.4	unreviewed-verse
bodhi	sn1.43	sn1.43:3.3	unreviewed-verse
bodhi	sn1.44	sn1.44:1.1	unreviewed-verse
bodhi	sn1.44	sn1.44:1.2	unreviewed-verse
bodhi	sn1.44	sn1.44:1.3	unreviewed-verse
bodhi	sn1.44	sn1.44:1.4	unreviewed-verse
bodhi	sn1.45	sn1.45:1.1	unreviewed-verse
bodhi	sn1.45	sn1.45:1.2	unreviewed-verse
bodhi	sn1.45	sn1.45:1.3	unreviewed-verse
bodhi	sn1.45	sn1.45:1.4	unreviewed-verse
bodhi	sn1.46	sn1.46:1.1	unreviewed-verse
bodhi	sn1.46	sn1.46:1.2	unreviewed-verse
bodhi	sn1.46	sn1.46:1.3	unreviewed-verse
bodhi	sn1.46	sn1.46:1.4	unreviewed-verse
bodhi	sn1.46	sn1.46:2.1	unreviewed-verse
bodhi	sn1.46	sn1.46:2.2	unreviewed-verse
bodhi	sn1.46	sn1.46:2.3	unreviewed-verse
bodhi	sn1.46	sn1.46:2.4	unreviewed-verse
bodhi	sn1.46	sn1.46:3.1	unreviewed-verse
bodhi	sn1.46	sn1.46:3.2	unreviewed-verse
bodhi	sn1.46	sn1.46:3.3	unreviewed-verse
bodhi	sn1.46	sn1.46:3.4	unreviewed-verse
bodhi	sn1.46	sn1.46:4.1	unreviewed-verse
bodhi	sn1.46	sn1.46:4.2	unreviewed-verse
bodhi	sn1.46	sn1.46:4.3	unreviewed-verse
bodhi	sn1.46	sn1.46:4.4	unreviewed-verse
bodhi	sn1.47	sn1.47:1.1	unreviewed-verse
bodhi	sn1.47	sn1.47:1.2	unreviewed-verse
bodhi	sn1.47	sn1.47:1.3	unreviewed-verse
bodhi	sn1.47	sn1.47:1.4	unreviewed-verse
bodhi	sn1.47	sn1.47:2.1	unreviewed-verse
bodhi	sn1.47	sn1.47:2.2	unreviewed-verse
bodhi	sn1.47	sn1.47:2.3	unreviewed-verse
bodhi	sn1.47	sn1.47:2.4	unreviewed-verse
bodhi	sn1.47	sn1.47:3.1	unreviewed-verse
bodhi	sn1.47	sn1.47:3.2	unreviewed-verse
bodhi	sn1.47	sn1.47:3.3	unreviewed-verse
bodhi	sn1.47	sn1.47:3.4	unreviewed-verse
bodhi	sn1.48	sn1.48:1.1	unreviewed-verse
bodhi	sn1.48	sn1.48:1.2	unreviewed-verse
bodhi	sn1.48	sn1.48:1.3	unreviewed-verse
bodhi	sn1.48	sn1.48:1.4	unreviewed-verse
bodhi	sn1.48	sn1.48:2.1	unreviewed-verse
bodhi	sn1.48	sn1.48:2.2	unreviewed-verse
bodhi	sn1.48	sn1.48:2.3	unreviewed-verse
bodhi	sn1.48	sn1.48:2.4	unreviewed-verse
bodhi	sn1.48	sn1.48:3.1	unreviewed-verse
bodhi	sn1.48	sn1.48:3.2	unreviewed-verse
bodhi	sn1.48	sn1.48:3.3	unreviewed-verse
bodhi	sn1.48	sn1.48:3.4	unreviewed-verse
bodhi	sn1.48	sn1.48:4.1	unreviewed-verse
bodhi	sn1.48	sn1.48:4.2	unreviewed-verse
bodhi	sn1.48	sn1.48:4.3	unreviewed-verse
bodhi	sn1.48	sn1.48:4.4	unreviewed-verse
bodhi	sn1.49	sn1.49:1.1	unreviewed-verse
bodhi	sn1.49	sn1.49:1.2	unreviewed-verse
bodhi	sn1.49	sn1.49:1.3	unreviewed-verse
bodhi	sn1.49	sn1.49:1.4	unreviewed-verse
bodhi	sn1.49	sn1.49:2.1	unreviewed-verse
bodhi	sn1.49	sn1.49:2.2	unreviewed-verse
bodhi	sn1.49	sn1.49:2.3	unreviewed-verse
bodhi	sn1.49	sn1.49:2.4	unreviewed-verse
bodhi	sn1.49	sn1.49:3.1	unreviewed-verse
bodhi	sn1.49	sn1.49:3.2	unreviewed-verse
bodhi	sn1.49	sn1.49:3.3	unreviewed-verse
bodhi	sn1.49	sn1.49:3.4	unreviewed-verse
bodhi	sn1.49	sn1.49:4.1	unreviewed-verse
bodhi	sn1.49	sn1.49:4.2	unreviewed-verse
bodhi	sn1.49	sn1.49:4.3	unreviewed-verse
bodhi	sn1.49	sn1.49:4.4	unreviewed-verse
bodhi	sn1.49	sn1.49:5.1	unreviewed-verse
bodhi	sn1.49	sn1.49:5.2	unreviewed-verse
bodhi	sn1.49	sn1.49:5.3	unreviewed-verse
bodhi	sn1.49	sn1.49:5.4	unreviewed-verse
bodhi	sn1.49	sn1.49:5.5	unreviewed-verse
bodhi	sn1.49	sn1.49:5.6	unreviewed-verse
bodhi	sn1.49	sn1.49:6.1	unreviewed-verse
bodhi	sn1.49	sn1.49:6.2	unreviewed-verse
bodhi	sn1.49	sn1.49:6.3	unreviewed-verse
bodhi	sn1.49	sn1.49:6.4	unreviewed-verse
bodhi	sn1.49	sn1.49:7.1	unreviewed-verse
bodhi	sn1.49	sn1.49:7.2	unreviewed-verse
bodhi	sn1.49	sn1.49:7.3	unreviewed-verse
bodhi	sn1.49	sn1.49:7.4	unreviewed-verse
bodhi	sn1.49	sn1.49:7.5	unreviewed-verse
bodhi	sn1.49	sn1.49:7.6	unreviewed-verse
bodhi	sn1.49	sn1.49:8.1	unreviewed-verse
bodhi	sn1.49	sn1.49:8.2	unreviewed-verse
bodhi	sn1.49	sn1.49:8.3	unreviewed-verse
bodhi	sn1.49	sn1.49:8.4	unreviewed-verse
bodhi	sn1.49	sn1.49:8.5	unreviewed-verse
bodhi	sn1.49	sn1.49:8.6	unreviewed-verse
bodhi	sn1.49	sn1.49:9.1	unreviewed-verse
bodhi	sn1.49	sn1.49:9.2	unreviewed-verse
bodhi	sn1.49	sn1.49:9.3	unreviewed-verse
bodhi	sn1.49	sn1.49:9.4	unreviewed-verse
bodhi	sn1.49	sn1.49:10.1	unreviewed-verse
bodhi	sn1.49	sn1.49:10.3	unreviewed-verse
bodhi	sn1.49	sn1.49:10.4	unreviewed-verse
bodhi	sn1.4	sn1.4:2.1	unreviewed-verse
bodhi	sn1.4	sn1.4:2.2	unreviewed-verse
bodhi	sn1.4	sn1.4:2.3	unreviewed-verse
bodhi	sn1.4	sn1.4:2.4	unreviewed-verse
bodhi	sn1.4	sn1.4:3.1	unreviewed-verse
bodhi	sn1.4	sn1.4:3.2	unreviewed-verse
bodhi	sn1.4	sn1.4:3.3	unreviewed-verse
bodhi	sn1.4	sn1.4:3.4	unreviewed-verse
bodhi	sn1.50	sn1.50:1.1	unreviewed-verse
bodhi	sn1.50	sn1.50:1.2	unreviewed-verse
bodhi	sn1.50	sn1.50:1.3	unreviewed-verse
bodhi	sn1.50	sn1.50:1.4	unreviewed-verse
bodhi	sn1.50	sn1.50:2.1	unreviewed-verse
bodhi	sn1.50	sn1.50:2.2	unreviewed-verse
bodhi	sn1.50	sn1.50:2.3	unreviewed-verse
bodhi	sn1.50	sn1.50:2.4	unreviewed-verse
bodhi	sn1.50	sn1.50:3.1	unreviewed-verse
bodhi	sn1.50	sn1.50:3.2	unreviewed-verse
bodhi	sn1.50	sn1.50:3.3	unreviewed-verse
bodhi	sn1.50	sn1.50:3.4	unreviewed-verse
bodhi	sn1.50	sn1.50:3.5	unreviewed-verse
bodhi	sn1.50	sn1.50:3.6	unreviewed-verse
bodhi	sn1.50	sn1.50:4.1	unreviewed-verse
bodhi	sn1.50	sn1.50:4.2	unreviewed-verse
bodhi	sn1.50	sn1.50:4.3	unreviewed-verse
bodhi	sn1.50	sn1.50:4.4	unreviewed-verse
bodhi	sn1.50	sn1.50:5.1	unreviewed-verse
bodhi	sn1.50	sn1.50:5.2	unreviewed-verse
bodhi	sn1.50	sn1.50:5.3	unreviewed-verse
bodhi	sn1.50	sn1.50:5.4	unreviewed-verse
bodhi	sn1.50	sn1.50:6.1	unreviewed-verse
bodhi	sn1.50	sn1.50:6.2	unreviewed-verse
bodhi	sn1.50	sn1.50:6.3	unreviewed-verse
bodhi	sn1.50	sn1.50:6.4	unreviewed-verse
bodhi	sn1.50	sn1.50:7.1	unreviewed-verse
bodhi	sn1.50	sn1.50:7.2	unreviewed-verse
bodhi	sn1.50	sn1.50:7.3	unreviewed-verse
bodhi	sn1.50	sn1.50:7.4	unreviewed-verse
bodhi	sn1.50	sn1.50:8.1	unreviewed-verse
bodhi	sn1.50	sn1.50:8.2	unreviewed-verse
bodhi	sn1.50	sn1.50:8.3	unreviewed-verse
bodhi	sn1.50	sn1.50:8.4	unreviewed-verse
bodhi	sn1.50	sn1.50:9.1	unreviewed-verse
bodhi	sn1.50	sn1.50:9.2	unreviewed-verse
bodhi	sn1.50	sn1.50:9.3	unreviewed-verse
bodhi	sn1.50	sn1.50:9.4	unreviewed-verse
bodhi	sn1.50	sn1.50:10.1	unreviewed-verse
bodhi	sn1.50	sn1.50:10.2	unreviewed-verse
bodhi	sn1.50	sn1.50:10.3	unreviewed-verse
bodhi	sn1.50	sn1.50:10.4	unreviewed-verse
bodhi	sn1.50	sn1.50:11.1	unreviewed-verse
bodhi	sn1.50	sn1.50:11.2	unreviewed-verse
bodhi	sn1.50	sn1.50:11.3	unreviewed-verse
bodhi	sn1.50	sn1.50:11.4	unreviewed-verse
bodhi	sn1.50	sn1.50:11.5	unreviewed-verse
bodhi	sn1.50	sn1.50:11.6	unreviewed-verse
bodhi	sn1.50	sn1.50:12.1	unreviewed-verse
bodhi	sn1.50	sn1.50:12.2	unreviewed-verse
bodhi	sn1.50	sn1.50:12.3	unreviewed-verse
bodhi	sn1.50	sn1.50:12.4	unreviewed-verse
bodhi	sn1.50	sn1.50:13.1	unreviewed-verse
bodhi	sn1.50	sn1.50:13.2	unreviewed-verse
bodhi	sn1.50	sn1.50:13.3	unreviewed-verse
bodhi	sn1.50	sn1.50:13.4	unreviewed-verse
bodhi	sn1.51	sn1.51:1.1	unreviewed-verse
bodhi	sn1.51	sn1.51:1.2	unreviewed-verse
bodhi	sn1.51	sn1.51:1.3	unreviewed-verse
bodhi	sn1.51	sn1.51:1.4	unreviewed-verse
bodhi	sn1.51	sn1.51:2.1	unreviewed-verse
bodhi	sn1.51	sn1.51:2.2	unreviewed-verse
bodhi	sn1.51	sn1.51:2.3	unreviewed-verse
bodhi	sn1.51	sn1.51:2.4	unreviewed-verse
bodhi	sn1.52	sn1.52:1.1	unreviewed-verse
bodhi	sn1.52	sn1.52:1.2	unreviewed-verse
bodhi	sn1.52	sn1.52:1.3	unreviewed-verse
bodhi	sn1.52	sn1.52:1.4	unreviewed-verse
bodhi	sn1.52	sn1.52:2.1	unreviewed-verse
bodhi	sn1.52	sn1.52:2.2	unreviewed-verse
bodhi	sn1.52	sn1.52:2.3	unreviewed-verse
bodhi	sn1.52	sn1.52:2.4	unreviewed-verse
bodhi	sn1.53	sn1.53:1.1	unreviewed-verse
bodhi	sn1.53	sn1.53:1.2	unreviewed-verse
bodhi	sn1.53	sn1.53:1.3	unreviewed-verse
bodhi	sn1.53	sn1.53:1.4	unreviewed-verse
bodhi	sn1.53	sn1.53:2.1	unreviewed-verse
bodhi	sn1.53	sn1.53:2.2	unreviewed-verse
bodhi	sn1.53	sn1.53:2.3	unreviewed-verse
bodhi	sn1.53	sn1.53:2.4	unreviewed-verse
bodhi	sn1.53	sn1.53:2.5	unreviewed-verse
bodhi	sn1.53	sn1.53:2.6	unreviewed-verse
bodhi	sn1.54	sn1.54:1.1	unreviewed-verse
bodhi	sn1.54	sn1.54:1.2	unreviewed-verse
bodhi	sn1.54	sn1.54:1.3	unreviewed-verse
bodhi	sn1.54	sn1.54:1.4	unreviewed-verse
bodhi	sn1.54	sn1.54:2.1	unreviewed-verse
bodhi	sn1.54	sn1.54:2.2	unreviewed-verse
bodhi	sn1.54	sn1.54:2.3	unreviewed-verse
bodhi	sn1.54	sn1.54:2.4	unreviewed-verse
bodhi	sn1.55	sn1.55:1.1	unreviewed-verse
bodhi	sn1.55	sn1.55:1.2	unreviewed-verse
bodhi	sn1.55	sn1.55:1.3	unreviewed-verse
bodhi	sn1.55	sn1.55:1.4	unreviewed-verse
bodhi	sn1.55	sn1.55:2.1	unreviewed-verse
bodhi	sn1.55	sn1.55:2.2	unreviewed-verse
bodhi	sn1.55	sn1.55:2.3	unreviewed-verse
bodhi	sn1.55	sn1.55:2.4	unreviewed-verse
bodhi	sn1.56	sn1.56:1.1	unreviewed-verse
bodhi	sn1.56	sn1.56:1.2	unreviewed-verse
bodhi	sn1.56	sn1.56:1.3	unreviewed-verse
bodhi	sn1.56	sn1.56:1.4	unreviewed-verse
bodhi	sn1.56	sn1.56:2.1	unreviewed-verse
bodhi	sn1.56	sn1.56:2.2	unreviewed-verse
bodhi	sn1.56	sn1.56:2.3	unreviewed-verse
bodhi	sn1.56	sn1.56:2.4	unreviewed-verse
bodhi	sn1.57	sn1.57:1.1	unreviewed-verse
bodhi	sn1.57	sn1.57:1.2	unreviewed-verse
bodhi	sn1.57	sn1.57:1.3	unreviewed-verse
bodhi	sn1.57	sn1.57:1.4	unreviewed-verse
bodhi	sn1.57	sn1.57:2.1	unreviewed-verse
bodhi	sn1.57	sn1.57:2.2	unreviewed-verse
bodhi	sn1.57	sn1.57:2.3	unreviewed-verse
bodhi	sn1.57	sn1.57:2.4	unreviewed-verse
bodhi	sn1.58	sn1.58:1.1	unreviewed-verse
bodhi	sn1.58	sn1.58:1.2	unreviewed-verse
bodhi	sn1.58	sn1.58:1.3	unreviewed-verse
bodhi	sn1.58	sn1.58:1.4	unreviewed-verse
bodhi	sn1.58	sn1.58:2.1	unreviewed-verse
bodhi	sn1.58	sn1.58:2.2	unreviewed-verse
bodhi	sn1.58	sn1.58:2.3	unreviewed-verse
bodhi	sn1.58	sn1.58:2.4	unreviewed-verse
bodhi	sn1.58	sn1.58:2.5	unreviewed-verse
bodhi	sn1.58	sn1.58:2.6	unreviewed-verse
bodhi	sn1.59	sn1.59:1.1	unreviewed-verse
bodhi	sn1.59	sn1.59:1.2	unreviewed-verse
bodhi	sn1.59	sn1.59:1.3	unreviewed-verse
bodhi	sn1.59	sn1.59:1.4	unreviewed-verse
bodhi	sn1.59	sn1.59:2.1	unreviewed-verse
bodhi	sn1.59	sn1.59:2.2	unreviewed-verse
bodhi	sn1.59	sn1.59:2.3	unreviewed-verse
bodhi	sn1.59	sn1.59:2.4	unreviewed-verse
bodhi	sn1.5	sn1.5:2.1	unreviewed-verse
bodhi	sn1.5	sn1.5:2.2	unreviewed-verse
bodhi	sn1.5	sn1.5:2.3	unreviewed-verse
bodhi	sn1.5	sn1.5:2.4	unreviewed-verse
bodhi	sn1.5	sn1.5:3.1	unreviewed-verse
bodhi	sn1.5	sn1.5:3.2	unreviewed-verse
bodhi	sn1.5	sn1.5:3.3	unreviewed-verse
bodhi	sn1.5	sn1.5:3.4	unreviewed-verse
bodhi	sn1.60	sn1.60:1.1	unreviewed-verse
bodhi	sn1.60	sn1.60:1.2	unreviewed-verse
bodhi	sn1.60	sn1.60:1.3	unreviewed-verse
bodhi	sn1.60	sn1.60:1.4	unreviewed-verse
bodhi	sn1.60	sn1.60:2.1	unreviewed-verse
bodhi	sn1.60	sn1.60:2.2	unreviewed-verse
bodhi	sn1.60	sn1.60:2.3	unreviewed-verse
bodhi	sn1.60	sn1.60:2.4	unreviewed-verse
bodhi	sn1.61	sn1.61:1.1	unreviewed-verse
bodhi	sn1.61	sn1.61:1.2	unreviewed-verse
bodhi	sn1.61	sn1.61:1.3	unreviewed-verse
bodhi	sn1.61	sn1.61:1.4	unreviewed-verse
bodhi	sn1.61	sn1.61:2.1	unreviewed-verse
bodhi	sn1.61	sn1.61:2.2	unreviewed-verse
bodhi	sn1.61	sn1.61:2.3	unreviewed-verse
bodhi	sn1.61	sn1.61:2.4	unreviewed-verse
bodhi	sn1.62	sn1.62:1.1	unreviewed-verse
bodhi	sn1.62	sn1.62:1.2	unreviewed-verse
bodhi	sn1.62	sn1.62:1.3	unreviewed-verse
bodhi	sn1.62	sn1.62:1.4	unreviewed-verse
bodhi	sn1.62	sn1.62:2.1	unreviewed-verse
bodhi	sn1.62	sn1.62:2.2	unreviewed-verse
bodhi	sn1.62	sn1.62:2.3	unreviewed-verse
bodhi	sn1.62	sn1.62:2.4	unreviewed-verse
bodhi	sn1.63	sn1.63:1.1	unreviewed-verse
bodhi	sn1.63	sn1.63:1.2	unreviewed-verse
bodhi	sn1.63	sn1.63:1.3	unreviewed-verse
bodhi	sn1.63	sn1.63:1.4	unreviewed-verse
bodhi	sn1.63	sn1.63:2.1	unreviewed-verse
bodhi	sn1.63	sn1.63:2.2	unreviewed-verse
bodhi	sn1.63	sn1.63:2.3	unreviewed-verse
bodhi	sn1.63	sn1.63:2.4	unreviewed-verse
bodhi	sn1.64	sn1.64:1.1	unreviewed-verse
bodhi	sn1.64	sn1.64:1.2	unreviewed-verse
bodhi	sn1.64	sn1.64:1.3	unreviewed-verse
bodhi	sn1.64	sn1.64:1.4	unreviewed-verse
bodhi	sn1.64	sn1.64:2.1	unreviewed-verse
bodhi	sn1.64	sn1.64:2.2	unreviewed-verse
bodhi	sn1.64	sn1.64:2.3	unreviewed-verse
bodhi	sn1.64	sn1.64:2.4	unreviewed-verse
bodhi	sn1.65	sn1.65:1.1	unreviewed-verse
bodhi	sn1.65	sn1.65:1.2	unreviewed-verse
bodhi	sn1.65	sn1.65:1.3	unreviewed-verse
bodhi	sn1.65	sn1.65:1.4	unreviewed-verse
bodhi	sn1.65	sn1.65:2.1	unreviewed-verse
bodhi	sn1.65	sn1.65:2.2	unreviewed-verse
bodhi	sn1.65	sn1.65:2.3	unreviewed-verse
bodhi	sn1.65	sn1.65:2.4	unreviewed-verse
bodhi	sn1.66	sn1.66:1.1	unreviewed-verse
bodhi	sn1.66	sn1.66:1.2	unreviewed-verse
bodhi	sn1.66	sn1.66:1.3	unreviewed-verse
bodhi	sn1.66	sn1.66:1.4	unreviewed-verse
bodhi	sn1.66	sn1.66:2.1	unreviewed-verse
bodhi	sn1.66	sn1.66:2.2	unreviewed-verse
bodhi	sn1.66	sn1.66:2.3	unreviewed-verse
bodhi	sn1.66	sn1.66:2.4	unreviewed-verse
bodhi	sn1.67	sn1.67:1.1	unreviewed-verse
bodhi	sn1.67	sn1.67:1.2	unreviewed-verse
bodhi	sn1.67	sn1.67:1.3	unreviewed-verse
bodhi	sn1.67	sn1.67:1.4	unreviewed-verse
bodhi	sn1.67	sn1.67:2.1	unreviewed-verse
bodhi	sn1.67	sn1.67:2.2	unreviewed-verse
bodhi	sn1.67	sn1.67:2.3	unreviewed-verse
bodhi	sn1.67	sn1.67:2.4	unreviewed-verse
bodhi	sn1.68	sn1.68:1.1	unreviewed-verse
bodhi	sn1.68	sn1.68:1.2	unreviewed-verse
bodhi	sn1.68	sn1.68:1.3	unreviewed-verse
bodhi	sn1.68	sn1.68:1.4	unreviewed-verse
bodhi	sn1.68	sn1.68:2.1	unreviewed-verse
bodhi	sn1.68	sn1.68:2.2	unreviewed-verse
bodhi	sn1.68	sn1.68:2.3	unreviewed-verse
bodhi	sn1.68	sn1.68:2.4	unreviewed-verse
bodhi	sn1.69	sn1.69:1.1	unreviewed-verse
bodhi	sn1.69	sn1.69:1.2	unreviewed-verse
bodhi	sn1.69	sn1.69:1.3	unreviewed-verse
bodhi	sn1.69	sn1.69:1.4	unreviewed-verse
bodhi	sn1.69	sn1.69:2.1	unreviewed-verse
bodhi	sn1.69	sn1.69:2.2	unreviewed-verse
bodhi	sn1.69	sn1.69:2.3	unreviewed-verse
bodhi	sn1.69	sn1.69:2.4	unreviewed-verse
bodhi	sn1.6	sn1.6:2.1	unreviewed-verse
bodhi	sn1.6	sn1.6:2.2	unreviewed-verse
bodhi	sn1.6	sn1.6:2.3	unreviewed-verse
bodhi	sn1.6	sn1.6:2.4	unreviewed-verse
bodhi	sn1.6	sn1.6:3.1	unreviewed-verse
bodhi	sn1.6	sn1.6:3.2	unreviewed-verse
bodhi	sn1.6	sn1.6:3.3	unreviewed-verse
bodhi	sn1.6	sn1.6:3.4	unreviewed-verse
bodhi	sn1.70	sn1.70:1.1	unreviewed-verse
bodhi	sn1.70	sn1.70:1.2	unreviewed-verse
bodhi	sn1.70	sn1.70:1.3	unreviewed-verse
bodhi	sn1.70	sn1.70:1.4	unreviewed-verse
bodhi	sn1.70	sn1.70:2.1	unreviewed-verse
bodhi	sn1.70	sn1.70:2.2	unreviewed-verse
bodhi	sn1.70	sn1.70:2.3	unreviewed-verse
bodhi	sn1.70	sn1.70:2.4	unreviewed-verse
bodhi	sn1.71	sn1.71:3.3	unreviewed-verse
bodhi	sn1.72	sn1.72:1.1	unreviewed-verse
bodhi	sn1.72	sn1.72:1.2	unreviewed-verse
bodhi	sn1.72	sn1.72:1.3	unreviewed-verse
bodhi	sn1.72	sn1.72:1.4	unreviewed-verse
bodhi	sn1.72	sn1.72:2.1	unreviewed-verse
bodhi	sn1.72	sn1.72:2.2	unreviewed-verse
bodhi	sn1.72	sn1.72:2.3	unreviewed-verse
bodhi	sn1.72	sn1.72:2.4	unreviewed-verse
bodhi	sn1.73	sn1.73:1.1	unreviewed-verse
bodhi	sn1.73	sn1.73:1.2	unreviewed-verse
bodhi	sn1.73	sn1.73:1.3	unreviewed-verse
bodhi	sn1.73	sn1.73:1.4	unreviewed-verse
bodhi	sn1.73	sn1.73:2.1	unreviewed-verse
bodhi	sn1.73	sn1.73:2.2	unreviewed-verse
bodhi	sn1.73	sn1.73:2.3	unreviewed-verse
bodhi	sn1.73	sn1.73:2.4	unreviewed-verse
bodhi	sn1.74	sn1.74:1.1	unreviewed-verse
bodhi	sn1.74	sn1.74:1.2	unreviewed-verse
bodhi	sn1.74	sn1.74:1.3	unreviewed-verse
bodhi	sn1.74	sn1.74:1.4	unreviewed-verse
bodhi	sn1.74	sn1.74:2.1	unreviewed-verse
bodhi	sn1.74	sn1.74:2.2	unreviewed-verse
bodhi	sn1.74	sn1.74:2.3	unreviewed-verse
bodhi	sn1.74	sn1.74:2.4	unreviewed-verse
bodhi	sn1.74	sn1.74:3.1	unreviewed-verse
bodhi	sn1.74	sn1.74:3.2	unreviewed-verse
bodhi	sn1.74	sn1.74:3.3	unreviewed-verse
bodhi	sn1.74	sn1.74:3.4	unreviewed-verse
bodhi	sn1.76	sn1.76:1.1	unreviewed-verse
bodhi	sn1.76	sn1.76:1.2	unreviewed-verse
bodhi	sn1.76	sn1.76:1.3	unreviewed-verse
bodhi	sn1.76	sn1.76:1.4	unreviewed-verse
bodhi	sn1.76	sn1.76:1.5	unreviewed-verse
bodhi	sn1.76	sn1.76:1.6	unreviewed-verse
bodhi	sn1.76	sn1.76:2.1	unreviewed-verse
bodhi	sn1.76	sn1.76:2.2	unreviewed-verse
bodhi	sn1.76	sn1.76:2.3	unreviewed-verse
bodhi	sn1.76	sn1.76:2.4	unreviewed-verse
bodhi	sn1.76	sn1.76:3.1	unreviewed-verse
bodhi	sn1.76	sn1.76:3.2	unreviewed-verse
bodhi	sn1.76	sn1.76:3.3	unreviewed-verse
bodhi	sn1.76	sn1.76:4.1	unreviewed-verse
bodhi	sn1.76	sn1.76:4.2	unreviewed-verse
bodhi	sn1.76	sn1.76:4.3	unreviewed-verse
bodhi	sn1.76	sn1.76:4.4	unreviewed-verse
bodhi	sn1.76	sn1.76:4.5	unreviewed-verse
bodhi	sn1.76	sn1.76:4.6	unreviewed-verse
bodhi	sn1.76	sn1.76:5.1	unreviewed-verse
bodhi	sn1.76	sn1.76:5.2	unreviewed-verse
bodhi	sn1.76	sn1.76:5.3	unreviewed-verse
bodhi	sn1.76	sn1.76:5.4	unreviewed-verse
bodhi	sn1.76	sn1.76:5.5	unreviewed-verse
bodhi	sn1.76	sn1.76:5.6	unreviewed-verse
bodhi	sn1.77	sn1.77:1.1	unreviewed-verse
bodhi	sn1.77	sn1.77:1.2	unreviewed-verse
bodhi	sn1.77	sn1.77:1.3	unreviewed-verse
bodhi	sn1.77	sn1.77:1.4	unreviewed-verse
bodhi	sn1.77	sn1.77:2.1	unreviewed-verse
bodhi	sn1.77	sn1.77:2.2	unreviewed-verse
bodhi	sn1.77	sn1.77:2.3	unreviewed-verse
bodhi	sn1.77	sn1.77:2.4	unreviewed-verse
bodhi	sn1.77	sn1.77:3.1	unreviewed-verse
bodhi	sn1.77	sn1.77:3.2	unreviewed-verse
bodhi	sn1.77	sn1.77:3.3	unreviewed-verse
bodhi	sn1.77	sn1.77:3.4	unreviewed-verse
bodhi	sn1.77	sn1.77:4.1	unreviewed-verse
bodhi	sn1.77	sn1.77:4.2	unreviewed-verse
bodhi	sn1.77	sn1.77:4.3	unreviewed-verse
bodhi	sn1.77	sn1.77:4.4	unreviewed-verse
bodhi	sn1.78	sn1.78:1.1	unreviewed-verse
bodhi	sn1.78	sn1.78:1.2	unreviewed-verse
bodhi	sn1.78	sn1.78:1.3	unreviewed-verse
bodhi	sn1.78	sn1.78:1.4	unreviewed-verse
bodhi	sn1.78	sn1.78:2.1	unreviewed-verse
bodhi	sn1.78	sn1.78:2.2	unreviewed-verse
bodhi	sn1.78	sn1.78:2.3	unreviewed-verse
bodhi	sn1.78	sn1.78:2.4	unreviewed-verse
bodhi	sn1.79	sn1.79:1.1	unreviewed-verse
bodhi	sn1.79	sn1.79:1.2	unreviewed-verse
bodhi	sn1.79	sn1.79:1.3	unreviewed-verse
bodhi	sn1.79	sn1.79:1.4	unreviewed-verse
bodhi	sn1.79	sn1.79:1.5	unreviewed-verse
bodhi	sn1.79	sn1.79:1.6	unreviewed-verse
bodhi	sn1.79	sn1.79:2.1	unreviewed-verse
bodhi	sn1.79	sn1.79:2.2	unreviewed-verse
bodhi	sn1.79	sn1.79:2.3	unreviewed-verse
bodhi	sn1.79	sn1.79:2.4	unreviewed-verse
bodhi	sn1.79	sn1.79:2.5	unreviewed-verse
bodhi	sn1.79	sn1.79:2.6	unreviewed-verse
bodhi	sn1.7	sn1.7:2.1	unreviewed-verse
bodhi	sn1.7	sn1.7:2.2	unreviewed-verse
bodhi	sn1.7	sn1.7:2.3	unreviewed-verse
bodhi	sn1.7	sn1.7:2.4	unreviewed-verse
bodhi	sn1.7	sn1.7:3.1	unreviewed-verse
bodhi	sn1.7	sn1.7:3.2	unreviewed-verse
bodhi	sn1.7	sn1.7:3.3	unreviewed-verse
bodhi	sn1.7	sn1.7:3.4	unreviewed-verse
bodhi	sn1.80	sn1.80:1.1	unreviewed-verse
bodhi	sn1.80	sn1.80:1.2	unreviewed-verse
bodhi	sn1.80	sn1.80:1.3	unreviewed-verse
bodhi	sn1.80	sn1.80:1.4	unreviewed-verse
bodhi	sn1.80	sn1.80:2.1	unreviewed-verse
bodhi	sn1.80	sn1.80:2.2	unreviewed-verse
bodhi	sn1.80	sn1.80:2.3	unreviewed-verse
bodhi	sn1.80	sn1.80:2.4	unreviewed-verse
bodhi	sn1.80	sn1.80:3.1	unreviewed-verse
bodhi	sn1.80	sn1.80:3.2	unreviewed-verse
bodhi	sn1.80	sn1.80:3.3	unreviewed-verse
bodhi	sn1.80	sn1.80:3.4	unreviewed-verse
bodhi	sn1.80	sn1.80:4.1	unreviewed-verse
bodhi	sn1.80	sn1.80:4.2	unreviewed-verse
bodhi	sn1.80	sn1.80:4.3	unreviewed-verse
bodhi	sn1.80	sn1.80:4.4	unreviewed-verse
bodhi	sn1.81	sn1.81:1.1	unreviewed-verse
bodhi	sn1.81	sn1.81:1.2	unreviewed-verse
bodhi	sn1.81	sn1.81:1.3	unreviewed-verse
bodhi	sn1.81	sn1.81:1.4	unreviewed-verse
bodhi	sn1.81	sn1.81:2.1	unreviewed-verse
bodhi	sn1.81	sn1.81:2.2	unreviewed-verse
bodhi	sn1.81	sn1.81:2.3	unreviewed-verse
bodhi	sn1.81	sn1.81:2.4	unreviewed-verse
bodhi	sn1.81	sn1.81:3.1	unreviewed-verse
bodhi	sn1.81	sn1.81:3.2	unreviewed-verse
bodhi	sn1.81	sn1.81:3.3	unreviewed-verse
bodhi	sn1.81	sn1.81:3.4	unreviewed-verse
bodhi	sn1.81	sn1.81:4.1	unreviewed-verse
bodhi	sn1.81	sn1.81:4.2	unreviewed-verse
bodhi	sn1.81	sn1.81:4.3	unreviewed-verse
bodhi	sn1.81	sn1.81:4.4	unreviewed-verse
bodhi	sn1.8	sn1.8:2.1	unreviewed-verse
bodhi	sn1.8	sn1.8:2.2	unreviewed-verse
bodhi	sn1.8	sn1.8:2.3	unreviewed-verse
bodhi	sn1.8	sn1.8:2.4	unreviewed-verse
bodhi	sn1.8	sn1.8:3.1	unreviewed-verse
bodhi	sn1.8	sn1.8:3.2	unreviewed-verse
bodhi	sn1.8	sn1.8:3.3	unreviewed-verse
bodhi	sn1.8	sn1.8:3.4	unreviewed-verse
bodhi	sn1.9	sn1.9:2.1	unreviewed-verse
bodhi	sn1.9	sn1.9:2.2	unreviewed-verse
bodhi	sn1.9	sn1.9:2.3	unreviewed-verse
bodhi	sn1.9	sn1.9:2.4	unreviewed-verse
bodhi	sn1.9	sn1.9:3.1	unreviewed-verse
bodhi	sn1.9	sn1.9:3.2	unreviewed-verse
bodhi	sn1.9	sn1.9:3.3	unreviewed-verse
bodhi	sn1.9	sn1.9:3.4	unreviewed-verse
bodhi	sn11.10	sn11.10:2.1	unreviewed-verse
bodhi	sn11.10	sn11.10:2.2	unreviewed-verse
bodhi	sn11.10	sn11.10:2.3	unreviewed-verse
bodhi	sn11.10	sn11.10:2.4	unreviewed-verse
bodhi	sn11.10	sn11.10:3.1	unreviewed-verse
bodhi	sn11.10	sn11.10:3.2	unreviewed-verse
bodhi	sn11.10	sn11.10:3.3	unreviewed-verse
bodhi	sn11.10	sn11.10:3.4	unreviewed-verse
bodhi	sn11.10	sn11.10:4.1	unreviewed-verse
bodhi	sn11.10	sn11.10:4.2	unreviewed-verse
bodhi	sn11.10	sn11.10:4.3	unreviewed-verse
bodhi	sn11.10	sn11.10:4.4	unreviewed-verse
bodhi	sn11.10	sn11.10:5.1	unreviewed-verse
bodhi	sn11.10	sn11.10:5.2	unreviewed-verse
bodhi	sn11.10	sn11.10:5.3	unreviewed-verse
bodhi	sn11.10	sn11.10:5.4	unreviewed-verse
bodhi	sn11.10	sn11.10:5.5	unreviewed-verse
bodhi	sn11.10	sn11.10:5.6	unreviewed-verse
bodhi	sn11.11	sn11.11:2.1	unreviewed-verse
bodhi	sn11.11	sn11.11:2.2	unreviewed-verse
bodhi	sn11.11	sn11.11:2.3	unreviewed-verse
bodhi	sn11.11	sn11.11:2.4	unreviewed-verse
bodhi	sn11.11	sn11.11:3.1	unreviewed-verse
bodhi	sn11.11	sn11.11:3.2	unreviewed-verse
bodhi	sn11.11	sn11.11:3.3	unreviewed-verse
bodhi	sn11.11	sn11.11:3.4	unreviewed-verse
bodhi	sn11.12	sn11.12:9.1	unreviewed-verse
bodhi	sn11.12	sn11.12:9.2	unreviewed-verse
bodhi	sn11.12	sn11.12:9.3	unreviewed-verse
bodhi	sn11.12	sn11.12:9.4	unreviewed-verse
bodhi	sn11.12	sn11.12:10.1	unreviewed-verse
bodhi	sn11.12	sn11.12:10.2	unreviewed-verse
bodhi	sn11.12	sn11.12:10.3	unreviewed-verse
bodhi	sn11.12	sn11.12:10.4	unreviewed-verse
bodhi	sn11.13	sn11.13:14.1	unreviewed-verse
bodhi	sn11.13	sn11.13:14.2	unreviewed-verse
bodhi	sn11.13	sn11.13:14.3	unreviewed-verse
bodhi	sn11.13	sn11.13:14.4	unreviewed-verse
bodhi	sn11.13	sn11.13:15.1	unreviewed-verse
bodhi	sn11.13	sn11.13:15.2	unreviewed-verse
bodhi	sn11.13	sn11.13:15.3	unreviewed-verse
bodhi	sn11.13	sn11.13:15.4	unreviewed-verse
bodhi	sn11.14	sn11.14:4.1	unreviewed-verse
bodhi	sn11.14	sn11.14:4.2	unreviewed-verse
bodhi	sn11.14	sn11.14:4.3	unreviewed-verse
bodhi	sn11.14	sn11.14:4.4	unreviewed-verse
bodhi	sn11.14	sn11.14:5.1	unreviewed-verse
bodhi	sn11.14	sn11.14:5.2	unreviewed-verse
bodhi	sn11.14	sn11.14:5.3	unreviewed-verse
bodhi	sn11.14	sn11.14:5.4	unreviewed-verse
bodhi	sn11.14	sn11.14:6.1	unreviewed-verse
bodhi	sn11.14	sn11.14:6.2	unreviewed-verse
bodhi	sn11.14	sn11.14:6.3	unreviewed-verse
bodhi	sn11.14	sn11.14:6.4	unreviewed-verse
bodhi	sn11.15	sn11.15:2.3	unreviewed-verse
bodhi	sn11.16	sn11.16:2.1	unreviewed-verse
bodhi	sn11.16	sn11.16:2.2	unreviewed-verse
bodhi	sn11.16	sn11.16:2.3	unreviewed-verse
bodhi	sn11.16	sn11.16:2.4	unreviewed-verse
bodhi	sn11.16	sn11.16:3.1	unreviewed-verse
bodhi	sn11.16	sn11.16:3.2	unreviewed-verse
bodhi	sn11.16	sn11.16:3.3	unreviewed-verse
bodhi	sn11.16	sn11.16:3.4	unreviewed-verse
bodhi	sn11.16	sn11.16:4.1	unreviewed-verse
bodhi	sn11.16	sn11.16:4.2	unreviewed-verse
bodhi	sn11.16	sn11.16:4.3	unreviewed-verse
bodhi	sn11.16	sn11.16:4.4	unreviewed-verse
bodhi	sn11.17	sn11.17:2.1	unreviewed-verse
bodhi	sn11.17	sn11.17:2.2	unreviewed-verse
bodhi	sn11.17	sn11.17:2.3	unreviewed-verse
bodhi	sn11.17	sn11.17:2.4	unreviewed-verse
bodhi	sn11.17	sn11.17:4.1	unreviewed-verse
bodhi	sn11.17	sn11.17:4.2	unreviewed-verse
bodhi	sn11.17	sn11.17:4.3	unreviewed-verse
bodhi	sn11.17	sn11.17:4.4	unreviewed-verse
bodhi	sn11.18	sn11.18:5.1	unreviewed-verse
bodhi	sn11.18	sn11.18:6.1	unreviewed-verse
bodhi	sn11.18	sn11.18:7.1	unreviewed-verse
bodhi	sn11.19	sn11.19:2.1	unreviewed-verse
bodhi	sn11.19	sn11.19:2.2	unreviewed-verse
bodhi	sn11.19	sn11.19:2.3	unreviewed-verse
bodhi	sn11.19	sn11.19:2.4	unreviewed-verse
bodhi	sn11.19	sn11.19:3.1	unreviewed-verse
bodhi	sn11.19	sn11.19:3.2	unreviewed-verse
bodhi	sn11.19	sn11.19:3.3	unreviewed-verse
bodhi	sn11.19	sn11.19:3.4	unreviewed-verse
bodhi	sn11.19	sn11.19:4.1	unreviewed-verse
bodhi	sn11.19	sn11.19:4.2	unreviewed-verse
bodhi	sn11.19	sn11.19:4.3	unreviewed-verse
bodhi	sn11.19	sn11.19:4.4	unreviewed-verse
bodhi	sn11.19	sn11.19:5.1	unreviewed-verse
bodhi	sn11.19	sn11.19:5.2	unreviewed-verse
bodhi	sn11.19	sn11.19:5.3	unreviewed-verse
bodhi	sn11.19	sn11.19:5.4	unreviewed-verse
bodhi	sn11.19	sn11.19:5.5	unreviewed-verse
bodhi	sn11.19	sn11.19:6.1	unreviewed-verse
bodhi	sn11.19	sn11.19:6.2	unreviewed-verse
bodhi	sn11.19	sn11.19:6.3	unreviewed-verse
bodhi	sn11.19	sn11.19:6.4	unreviewed-verse
bodhi	sn11.19	sn11.19:7.1	unreviewed-verse
bodhi	sn11.19	sn11.19:7.2	unreviewed-verse
bodhi	sn11.19	sn11.19:7.3	unreviewed-verse
bodhi	sn11.19	sn11.19:7.4	unreviewed-verse
bodhi	sn11.1	sn11.1:3.1	unreviewed-verse
bodhi	sn11.1	sn11.1:3.2	unreviewed-verse
bodhi	sn11.1	sn11.1:3.3	unreviewed-verse
bodhi	sn11.1	sn11.1:3.4	unreviewed-verse
bodhi	sn11.1	sn11.1:4.1	unreviewed-verse
bodhi	sn11.1	sn11.1:4.2	unreviewed-verse
bodhi	sn11.1	sn11.1:4.3	unreviewed-verse
bodhi	sn11.1	sn11.1:4.4	unreviewed-verse
bodhi	sn11.1	sn11.1:5.1	unreviewed-verse
bodhi	sn11.1	sn11.1:5.2	unreviewed-verse
bodhi	sn11.1	sn11.1:5.3	unreviewed-verse
bodhi	sn11.1	sn11.1:5.4	unreviewed-verse
bodhi	sn11.1	sn11.1:6.1	unreviewed-verse
bodhi	sn11.1	sn11.1:6.2	unreviewed-verse
bodhi	sn11.1	sn11.1:6.3	unreviewed-verse
bodhi	sn11.1	sn11.1:6.4	unreviewed-verse
bodhi	sn11.1	sn11.1:7.1	unreviewed-verse
bodhi	sn11.1	sn11.1:7.2	unreviewed-verse
bodhi	sn11.1	sn11.1:7.3	unreviewed-verse
bodhi	sn11.1	sn11.1:7.4	unreviewed-verse
bodhi	sn11.1	sn11.1:7.5	unreviewed-verse
bodhi	sn11.20	sn11.20:2.1	unreviewed-verse
bodhi	sn11.20	sn11.20:2.2	unreviewed-verse
bodhi	sn11.20	sn11.20:2.3	unreviewed-verse
bodhi	sn11.20	sn11.20:2.4	unreviewed-verse
bodhi	sn11.20	sn11.20:3.1	unreviewed-verse
bodhi	sn11.20	sn11.20:3.2	unreviewed-verse
bodhi	sn11.20	sn11.20:3.3	unreviewed-verse
bodhi	sn11.20	sn11.20:3.4	unreviewed-verse
bodhi	sn11.20	sn11.20:4.1	unreviewed-verse
bodhi	sn11.20	sn11.20:4.2	unreviewed-verse
bodhi	sn11.20	sn11.20:4.3	unreviewed-verse
bodhi	sn11.20	sn11.20:4.4	unreviewed-verse
bodhi	sn11.20	sn11.20:5.1	unreviewed-verse
bodhi	sn11.20	sn11.20:5.2	unreviewed-verse
bodhi	sn11.20	sn11.20:5.3	unreviewed-verse
bodhi	sn11.20	sn11.20:5.4	unreviewed-verse
bodhi	sn11.20	sn11.20:6.1	unreviewed-verse
bodhi	sn11.20	sn11.20:6.2	unreviewed-verse
bodhi	sn11.20	sn11.20:6.3	unreviewed-verse
bodhi	sn11.20	sn11.20:6.4	unreviewed-verse
bodhi	sn11.20	sn11.20:7.1	unreviewed-verse
bodhi	sn11.20	sn11.20:7.2	unreviewed-verse
bodhi	sn11.20	sn11.20:7.3	unreviewed-verse
bodhi	sn11.20	sn11.20:7.4	unreviewed-verse
bodhi	sn11.20	sn11.20:8.1	unreviewed-verse
bodhi	sn11.20	sn11.20:8.2	unreviewed-verse
bodhi	sn11.20	sn11.20:8.3	unreviewed-verse
bodhi	sn11.20	sn11.20:8.4	unreviewed-verse
bodhi	sn11.20	sn11.20:9.1	unreviewed-verse
bodhi	sn11.20	sn11.20:9.2	unreviewed-verse
bodhi	sn11.20	sn11.20:9.3	unreviewed-verse
bodhi	sn11.20	sn11.20:9.4	unreviewed-verse
bodhi	sn11.21	sn11.21:2.1	unreviewed-verse
bodhi	sn11.21	sn11.21:2.2	unreviewed-verse
bodhi	sn11.21	sn11.21:2.3	unreviewed-verse
bodhi	sn11.21	sn11.21:2.4	unreviewed-verse
bodhi	sn11.21	sn11.21:3.1	unreviewed-verse
bodhi	sn11.21	sn11.21:3.2	unreviewed-verse
bodhi	sn11.21	sn11.21:3.3	unreviewed-verse
bodhi	sn11.21	sn11.21:3.4	unreviewed-verse
bodhi	sn11.21	sn11.21:3.5	unreviewed-verse
bodhi	sn11.21	sn11.21:3.6	unreviewed-verse
bodhi	sn11.22	sn11.22:4.1	unreviewed-verse
bodhi	sn11.22	sn11.22:4.2	unreviewed-verse
bodhi	sn11.22	sn11.22:4.3	unreviewed-verse
bodhi	sn11.22	sn11.22:4.4	unreviewed-verse
bodhi	sn11.22	sn11.22:5.1	unreviewed-verse
bodhi	sn11.22	sn11.22:5.2	unreviewed-verse
bodhi	sn11.22	sn11.22:5.3	unreviewed-verse
bodhi	sn11.22	sn11.22:5.4	unreviewed-verse
bodhi	sn11.23	sn11.23:2.1	unreviewed-verse
bodhi	sn11.23	sn11.23:2.2	unreviewed-verse
bodhi	sn11.23	sn11.23:2.3	unreviewed-verse
bodhi	sn11.23	sn11.23:2.4	unreviewed-verse
bodhi	sn11.24	sn11.24:4.1	unreviewed-verse
bodhi	sn11.24	sn11.24:4.2	unreviewed-verse
bodhi	sn11.24	sn11.24:4.3	unreviewed-verse
bodhi	sn11.24	sn11.24:4.4	unreviewed-verse
bodhi	sn11.24	sn11.24:4.5	unreviewed-verse
bodhi	sn11.24	sn11.24:4.6	unreviewed-verse
bodhi	sn11.25	sn11.25:2.1	unreviewed-verse
bodhi	sn11.25	sn11.25:2.2	unreviewed-verse
bodhi	sn11.25	sn11.25:2.3	unreviewed-verse
bodhi	sn11.25	sn11.25:2.4	unreviewed-verse
bodhi	sn11.25	sn11.25:2.5	unreviewed-verse
bodhi	sn11.25	sn11.25:2.6	unreviewed-verse
bodhi	sn11.2	sn11.2:3.1	unreviewed-verse
bodhi	sn11.2	sn11.2:3.2	unreviewed-verse
bodhi	sn11.2	sn11.2:3.3	unreviewed-verse
bodhi	sn11.2	sn11.2:3.4	unreviewed-verse
bodhi	sn11.2	sn11.2:4.1	unreviewed-verse
bodhi	sn11.2	sn11.2:4.2	unreviewed-verse
bodhi	sn11.2	sn11.2:4.3	unreviewed-verse
bodhi	sn11.2	sn11.2:4.4	unreviewed-verse
bodhi	sn11.2	sn11.2:5.1	unreviewed-verse
bodhi	sn11.2	sn11.2:5.2	unreviewed-verse
bodhi	sn11.2	sn11.2:5.3	unreviewed-verse
bodhi	sn11.2	sn11.2:5.4	unreviewed-verse
bodhi	sn11.2	sn11.2:6.1	unreviewed-verse
bodhi	sn11.2	sn11.2:6.2	unreviewed-verse
bodhi	sn11.2	sn11.2:6.3	unreviewed-verse
bodhi	sn11.2	sn11.2:6.4	unreviewed-verse
bodhi	sn11.2	sn11.2:7.1	unreviewed-verse
bodhi	sn11.2	sn11.2:7.2	unreviewed-verse
bodhi	sn11.2	sn11.2:7.3	unreviewed-verse
bodhi	sn11.2	sn11.2:7.4	unreviewed-verse
bodhi	sn11.2	sn11.2:7.5	unreviewed-verse
bodhi	sn11.3	sn11.3:13.1	unreviewed-verse
bodhi	sn11.3	sn11.3:13.2	unreviewed-verse
bodhi	sn11.3	sn11.3:13.3	unreviewed-verse
bodhi	sn11.3	sn11.3:13.4	unreviewed-verse
bodhi	sn11.3	sn11.3:14.1	unreviewed-verse
bodhi	sn11.3	sn11.3:14.2	unreviewed-verse
bodhi	sn11.3	sn11.3:14.3	unreviewed-verse
bodhi	sn11.3	sn11.3:14.4	unreviewed-verse
bodhi	sn11.3	sn11.3:15.1	unreviewed-verse
bodhi	sn11.3	sn11.3:15.2	unreviewed-verse
bodhi	sn11.3	sn11.3:15.3	unreviewed-verse
bodhi	sn11.3	sn11.3:15.4	unreviewed-verse
bodhi	sn11.3	sn11.3:16.1	unreviewed-verse
bodhi	sn11.3	sn11.3:16.2	unreviewed-verse
bodhi	sn11.3	sn11.3:16.3	unreviewed-verse
bodhi	sn11.3	sn11.3:16.4	unreviewed-verse
bodhi	sn11.4	sn11.4:2.1	unreviewed-verse
bodhi	sn11.4	sn11.4:9.3	unreviewed-verse
bodhi	sn11.4	sn11.4:10.1	unreviewed-verse
bodhi	sn11.5	sn11.5:2.1	unreviewed-verse
bodhi	sn11.5	sn11.5:2.2	unreviewed-verse
bodhi	sn11.5	sn11.5:2.3	unreviewed-verse
bodhi	sn11.5	sn11.5:4.1	unreviewed-verse
bodhi	sn11.5	sn11.5:4.2	unreviewed-verse
bodhi	sn11.5	sn11.5:4.3	unreviewed-verse
bodhi	sn11.5	sn11.5:4.4	unreviewed-verse
bodhi	sn11.5	sn11.5:6.1	unreviewed-verse
bodhi	sn11.5	sn11.5:6.3	unreviewed-verse
bodhi	sn11.5	sn11.5:6.4	unreviewed-verse
bodhi	sn11.5	sn11.5:6.5	unreviewed-verse
bodhi	sn11.5	sn11.5:6.6	unreviewed-verse
bodhi	sn11.5	sn11.5:8.1	unreviewed-verse
bodhi	sn11.5	sn11.5:8.2	unreviewed-verse
bodhi	sn11.5	sn11.5:8.3	unreviewed-verse
bodhi	sn11.5	sn11.5:8.4	unreviewed-verse
bodhi	sn11.5	sn11.5:9.1	unreviewed-verse
bodhi	sn11.5	sn11.5:9.2	unreviewed-verse
bodhi	sn11.5	sn11.5:9.3	unreviewed-verse
bodhi	sn11.5	sn11.5:9.4	unreviewed-verse
bodhi	sn11.5	sn11.5:10.1	unreviewed-verse
bodhi	sn11.5	sn11.5:10.2	unreviewed-verse
bodhi	sn11.5	sn11.5:10.3	unreviewed-verse
bodhi	sn11.5	sn11.5:10.4	unreviewed-verse
bodhi	sn11.5	sn11.5:11.1	unreviewed-verse
bodhi	sn11.5	sn11.5:11.2	unreviewed-verse
bodhi	sn11.5	sn11.5:11.3	unreviewed-verse
bodhi	sn11.5	sn11.5:11.4	unreviewed-verse
bodhi	sn11.5	sn11.5:12.1	unreviewed-verse
bodhi	sn11.5	sn11.5:12.2	unreviewed-verse
bodhi	sn11.5	sn11.5:12.3	unreviewed-verse
bodhi	sn11.5	sn11.5:12.4	unreviewed-verse
bodhi	sn11.5	sn11.5:13.2	unreviewed-verse
bodhi	sn11.5	sn11.5:13.3	unreviewed-verse
bodhi	sn11.6	sn11.6:2.1	unreviewed-verse
bodhi	sn11.6	sn11.6:2.2	unreviewed-verse
bodhi	sn11.6	sn11.6:2.3	unreviewed-verse
bodhi	sn11.6	sn11.6:2.4	unreviewed-verse
bodhi	sn11.7	sn11.7:4.1	unreviewed-verse
bodhi	sn11.7	sn11.7:4.2	unreviewed-verse
bodhi	sn11.7	sn11.7:4.3	unreviewed-verse
bodhi	sn11.7	sn11.7:4.4	unreviewed-verse
bodhi	sn11.7	sn11.7:4.5	unreviewed-verse
bodhi	sn11.7	sn11.7:4.6	unreviewed-verse
bodhi	sn11.8	sn11.8:2.1	unreviewed-verse
bodhi	sn11.8	sn11.8:2.2	unreviewed-verse
bodhi	sn11.8	sn11.8:2.3	unreviewed-verse
bodhi	sn11.8	sn11.8:2.4	unreviewed-verse
bodhi	sn11.8	sn11.8:3.1	unreviewed-verse
bodhi	sn11.8	sn11.8:3.2	unreviewed-verse
bodhi	sn11.8	sn11.8:3.3	unreviewed-verse
bodhi	sn11.8	sn11.8:3.4	unreviewed-verse
bodhi	sn11.8	sn11.8:4.1	unreviewed-verse
bodhi	sn11.8	sn11.8:4.2	unreviewed-verse
bodhi	sn11.8	sn11.8:4.3	unreviewed-verse
bodhi	sn11.8	sn11.8:4.4	unreviewed-verse
bodhi	sn11.8	sn11.8:4.5	unreviewed-verse
bodhi	sn11.8	sn11.8:4.6	unreviewed-verse
bodhi	sn11.8	sn11.8:5.1	unreviewed-verse
bodhi	sn11.8	sn11.8:5.2	unreviewed-verse
bodhi	sn11.8	sn11.8:5.3	unreviewed-verse
bodhi	sn11.8	sn11.8:5.4	unreviewed-verse
bodhi	sn11.8	sn11.8:5.5	unreviewed-verse
bodhi	sn11.8	sn11.8:5.6	unreviewed-verse
bodhi	sn11.9	sn11.9:2.1	unreviewed-verse
bodhi	sn11.9	sn11.9:2.2	unreviewed-verse
bodhi	sn11.9	sn11.9:2.3	unreviewed-verse
bodhi	sn11.9	sn11.9:2.4	unreviewed-verse
bodhi	sn11.9	sn11.9:3.1	unreviewed-verse
bodhi	sn11.9	sn11.9:3.2	unreviewed-verse
bodhi	sn11.9	sn11.9:3.3	unreviewed-verse
bodhi	sn11.9	sn11.9:3.4	unreviewed-verse
bodhi	sn11.9	sn11.9:3.5	unreviewed-verse
bodhi	sn12.31	sn12.31:2.1	unreviewed-verse
bodhi	sn12.31	sn12.31:2.2	unreviewed-verse
bodhi	sn12.31	sn12.31:2.3	unreviewed-verse
bodhi	sn12.31	sn12.31:2.4	unreviewed-verse
bodhi	sn12.31	sn12.31:5.1	unreviewed-verse
bodhi	sn12.31	sn12.31:5.2	unreviewed-verse
bodhi	sn12.31	sn12.31:5.3	unreviewed-verse
bodhi	sn12.31	sn12.31:5.4	unreviewed-verse
bodhi	sn12.31	sn12.31:9.1	unreviewed-verse
bodhi	sn12.31	sn12.31:9.2	unreviewed-verse
bodhi	sn12.31	sn12.31:9.3	unreviewed-verse
bodhi	sn12.31	sn12.31:9.4	unreviewed-verse
bodhi	sn12.31	sn12.31:13.1	unreviewed-verse
bodhi	sn12.31	sn12.31:13.2	unreviewed-verse
bodhi	sn12.31	sn12.31:13.3	unreviewed-verse
bodhi	sn12.31	sn12.31:13.4	unreviewed-verse
bodhi	sn12.68	sn12.68:4.13	correspondence
bodhi	sn21.10	sn21.10:5.1	unreviewed-verse
bodhi	sn21.10	sn21.10:5.2	unreviewed-verse
bodhi	sn21.10	sn21.10:5.3	unreviewed-verse
bodhi	sn21.10	sn21.10:5.4	unreviewed-verse
bodhi	sn21.11	sn21.11:3.1	unreviewed-verse
bodhi	sn21.11	sn21.11:3.2	unreviewed-verse
bodhi	sn21.11	sn21.11:3.3	unreviewed-verse
bodhi	sn21.11	sn21.11:3.4	unreviewed-verse
bodhi	sn21.11	sn21.11:4.1	unreviewed-verse
bodhi	sn21.11	sn21.11:4.2	unreviewed-verse
bodhi	sn21.11	sn21.11:4.3	unreviewed-verse
bodhi	sn21.11	sn21.11:4.4	unreviewed-verse
bodhi	sn21.11	sn21.11:4.5	unreviewed-verse
bodhi	sn21.11	sn21.11:4.6	unreviewed-verse
bodhi	sn21.3	sn21.3:6.1	unreviewed-verse
bodhi	sn21.3	sn21.3:6.2	unreviewed-verse
bodhi	sn21.3	sn21.3:6.3	unreviewed-verse
bodhi	sn21.3	sn21.3:6.4	unreviewed-verse
bodhi	sn21.4	sn21.4:5.1	unreviewed-verse
bodhi	sn21.4	sn21.4:5.2	unreviewed-verse
bodhi	sn21.4	sn21.4:5.3	unreviewed-verse
bodhi	sn21.4	sn21.4:5.4	unreviewed-verse
bodhi	sn21.4	sn21.4:6.1	unreviewed-verse
bodhi	sn21.4	sn21.4:6.2	unreviewed-verse
bodhi	sn21.4	sn21.4:6.3	unreviewed-verse
bodhi	sn21.4	sn21.4:6.4	unreviewed-verse
bodhi	sn21.5	sn21.5:2.1	unreviewed-verse
bodhi	sn21.5	sn21.5:2.2	unreviewed-verse
bodhi	sn21.5	sn21.5:2.3	unreviewed-verse
bodhi	sn21.5	sn21.5:2.4	unreviewed-verse
bodhi	sn21.5	sn21.5:2.5	unreviewed-verse
bodhi	sn21.5	sn21.5:2.6	unreviewed-verse
bodhi	sn21.6	sn21.6:2.1	unreviewed-verse
bodhi	sn21.6	sn21.6:2.2	unreviewed-verse
bodhi	sn21.6	sn21.6:2.3	unreviewed-verse
bodhi	sn21.6	sn21.6:2.4	unreviewed-verse
bodhi	sn21.6	sn21.6:3.1	unreviewed-verse
bodhi	sn21.6	sn21.6:3.2	unreviewed-verse
bodhi	sn21.6	sn21.6:3.3	unreviewed-verse
bodhi	sn21.6	sn21.6:3.4	unreviewed-verse
bodhi	sn21.7	sn21.7:5.1	unreviewed-verse
bodhi	sn21.7	sn21.7:5.2	unreviewed-verse
bodhi	sn21.7	sn21.7:5.3	unreviewed-verse
bodhi	sn21.7	sn21.7:5.4	unreviewed-verse
bodhi	sn21.7	sn21.7:6.1	unreviewed-verse
bodhi	sn21.7	sn21.7:6.2	unreviewed-verse
bodhi	sn21.7	sn21.7:6.3	unreviewed-verse
bodhi	sn21.7	sn21.7:6.4	unreviewed-verse
bodhi	sn21.8	sn21.8:2.1	unreviewed-verse
bodhi	sn21.8	sn21.8:2.2	unreviewed-verse
bodhi	sn21.8	sn21.8:2.3	unreviewed-verse
bodhi	sn21.8	sn21.8:2.4	unreviewed-verse
bodhi	sn21.9	sn21.9:3.1	unreviewed-verse
bodhi	sn21.9	sn21.9:3.2	unreviewed-verse
bodhi	sn21.9	sn21.9:3.3	unreviewed-verse
bodhi	sn22.22	sn22.22:6.1	unreviewed-verse
bodhi	sn22.22	sn22.22:6.2	unreviewed-verse
bodhi	sn22.22	sn22.22:6.3	unreviewed-verse
bodhi	sn22.22	sn22.22:6.4	unreviewed-verse
bodhi	sn22.22	sn22.22:7.1	unreviewed-verse
bodhi	sn22.22	sn22.22:7.2	unreviewed-verse
bodhi	sn22.22	sn22.22:7.3	unreviewed-verse
bodhi	sn22.22	sn22.22:7.4	unreviewed-verse
bodhi	sn22.3	sn22.3:2.1	unreviewed-verse
bodhi	sn22.3	sn22.3:2.2	unreviewed-verse
bodhi	sn22.3	sn22.3:2.3	unreviewed-verse
bodhi	sn22.3	sn22.3:2.4	unreviewed-verse
bodhi	sn22.3	sn22.3:17.1	unreviewed-verse
bodhi	sn22.3	sn22.3:17.2	unreviewed-verse
bodhi	sn22.3	sn22.3:17.3	unreviewed-verse
bodhi	sn22.3	sn22.3:17.4	unreviewed-verse
bodhi	sn22.76	sn22.76:4.1	unreviewed-verse
bodhi	sn22.76	sn22.76:4.2	unreviewed-verse
bodhi	sn22.76	sn22.76:4.3	unreviewed-verse
bodhi	sn22.76	sn22.76:4.4	unreviewed-verse
bodhi	sn22.76	sn22.76:5.1	unreviewed-verse
bodhi	sn22.76	sn22.76:5.2	unreviewed-verse
bodhi	sn22.76	sn22.76:5.3	unreviewed-verse
bodhi	sn22.76	sn22.76:5.4	unreviewed-verse
bodhi	sn22.76	sn22.76:6.1	unreviewed-verse
bodhi	sn22.76	sn22.76:6.2	unreviewed-verse
bodhi	sn22.76	sn22.76:6.3	unreviewed-verse
bodhi	sn22.76	sn22.76:6.4	unreviewed-verse
bodhi	sn22.76	sn22.76:7.1	unreviewed-verse
bodhi	sn22.76	sn22.76:7.2	unreviewed-verse
bodhi	sn22.76	sn22.76:7.3	unreviewed-verse
bodhi	sn22.76	sn22.76:7.4	unreviewed-verse
bodhi	sn22.76	sn22.76:8.1	unreviewed-verse
bodhi	sn22.76	sn22.76:8.2	unreviewed-verse
bodhi	sn22.76	sn22.76:8.3	unreviewed-verse
bodhi	sn22.76	sn22.76:8.4	unreviewed-verse
bodhi	sn22.76	sn22.76:9.1	unreviewed-verse
bodhi	sn22.76	sn22.76:9.2	unreviewed-verse
bodhi	sn22.76	sn22.76:9.3	unreviewed-verse
bodhi	sn22.76	sn22.76:10.1	unreviewed-verse
bodhi	sn22.76	sn22.76:10.2	unreviewed-verse
bodhi	sn22.76	sn22.76:10.3	unreviewed-verse
bodhi	sn22.76	sn22.76:10.4	unreviewed-verse
bodhi	sn22.76	sn22.76:11.1	unreviewed-verse
bodhi	sn22.76	sn22.76:11.2	unreviewed-verse
bodhi	sn22.76	sn22.76:11.3	unreviewed-verse
bodhi	sn22.76	sn22.76:11.4	unreviewed-verse
bodhi	sn22.78	sn22.78:3.1	unreviewed-verse
bodhi	sn22.78	sn22.78:3.2	unreviewed-verse
bodhi	sn22.78	sn22.78:3.3	unreviewed-verse
bodhi	sn22.78	sn22.78:3.4	unreviewed-verse
bodhi	sn22.78	sn22.78:4.1	unreviewed-verse
bodhi	sn22.78	sn22.78:4.2	unreviewed-verse
bodhi	sn22.78	sn22.78:4.3	unreviewed-verse
bodhi	sn22.78	sn22.78:4.4	unreviewed-verse
bodhi	sn22.78	sn22.78:5.1	unreviewed-verse
bodhi	sn22.78	sn22.78:5.2	unreviewed-verse
bodhi	sn22.78	sn22.78:5.3	unreviewed-verse
bodhi	sn22.78	sn22.78:5.4	unreviewed-verse
bodhi	sn22.78	sn22.78:6.1	unreviewed-verse
bodhi	sn22.78	sn22.78:6.2	unreviewed-verse
bodhi	sn22.78	sn22.78:6.3	unreviewed-verse
bodhi	sn22.78	sn22.78:6.4	unreviewed-verse
bodhi	sn22.79	sn22.79:15.1	unreviewed-verse
bodhi	sn22.79	sn22.79:15.2	unreviewed-verse
bodhi	sn22.79	sn22.79:15.3	unreviewed-verse
bodhi	sn22.79	sn22.79:15.4	unreviewed-verse
bodhi	sn22.80	sn22.80:10.9	correspondence
bodhi	sn22.80	sn22.80:10.10	correspondence
bodhi	sn22.80	sn22.80:10.11	correspondence
bodhi	sn22.80	sn22.80:10.12	correspondence
bodhi	sn22.82	sn22.82:15.1	unreviewed-verse
bodhi	sn22.82	sn22.82:15.2	unreviewed-verse
bodhi	sn22.82	sn22.82:15.3	unreviewed-verse
bodhi	sn22.82	sn22.82:15.4	unreviewed-verse
bodhi	sn22.82	sn22.82:15.5	unreviewed-verse
bodhi	sn22.82	sn22.82:15.6	unreviewed-verse
bodhi	sn22.95	sn22.95:9.1	unreviewed-verse
bodhi	sn22.95	sn22.95:9.2	unreviewed-verse
bodhi	sn22.95	sn22.95:9.3	unreviewed-verse
bodhi	sn22.95	sn22.95:9.4	unreviewed-verse
bodhi	sn22.95	sn22.95:9.5	unreviewed-verse
bodhi	sn22.95	sn22.95:9.6	unreviewed-verse
bodhi	sn22.95	sn22.95:10.1	unreviewed-verse
bodhi	sn22.95	sn22.95:10.2	unreviewed-verse
bodhi	sn22.95	sn22.95:10.3	unreviewed-verse
bodhi	sn22.95	sn22.95:10.4	unreviewed-verse
bodhi	sn22.95	sn22.95:11.1	unreviewed-verse
bodhi	sn22.95	sn22.95:11.2	unreviewed-verse
bodhi	sn22.95	sn22.95:11.3	unreviewed-verse
bodhi	sn22.95	sn22.95:11.4	unreviewed-verse
bodhi	sn22.95	sn22.95:12.1	unreviewed-verse
bodhi	sn22.95	sn22.95:12.2	unreviewed-verse
bodhi	sn22.95	sn22.95:12.3	unreviewed-verse
bodhi	sn22.95	sn22.95:12.4	unreviewed-verse
bodhi	sn22.95	sn22.95:13.1	unreviewed-verse
bodhi	sn22.95	sn22.95:13.2	unreviewed-verse
bodhi	sn22.95	sn22.95:13.3	unreviewed-verse
bodhi	sn22.95	sn22.95:13.4	unreviewed-verse
bodhi	sn22.95	sn22.95:14.1	unreviewed-verse
bodhi	sn22.95	sn22.95:14.2	unreviewed-verse
bodhi	sn22.95	sn22.95:14.3	unreviewed-verse
bodhi	sn22.95	sn22.95:14.4	unreviewed-verse
bodhi	sn22.95	sn22.95:15.1	unreviewed-verse
bodhi	sn22.95	sn22.95:15.2	unreviewed-verse
bodhi	sn22.95	sn22.95:15.3	unreviewed-verse
bodhi	sn22.95	sn22.95:15.4	unreviewed-verse
bodhi	sn35.103	sn35.103:1.2	unreviewed-verse
bodhi	sn35.103	sn35.103:1.3	unreviewed-verse
bodhi	sn35.103	sn35.103:1.4	unreviewed-verse
bodhi	sn35.103	sn35.103:1.5	unreviewed-verse
bodhi	sn35.103	sn35.103:1.8	unreviewed-verse
bodhi	sn35.103	sn35.103:1.9	unreviewed-verse
bodhi	sn35.103	sn35.103:1.10	unreviewed-verse
bodhi	sn35.103	sn35.103:1.11	unreviewed-verse
bodhi	sn35.103	sn35.103:5.2	unreviewed-verse
bodhi	sn35.103	sn35.103:5.3	unreviewed-verse
bodhi	sn35.103	sn35.103:5.4	unreviewed-verse
bodhi	sn35.103	sn35.103:5.5	unreviewed-verse
bodhi	sn35.103	sn35.103:5.8	unreviewed-verse
bodhi	sn35.103	sn35.103:5.9	unreviewed-verse
bodhi	sn35.103	sn35.103:5.10	unreviewed-verse
bodhi	sn35.103	sn35.103:5.11	unreviewed-verse
bodhi	sn35.132	sn35.132:2.1	unreviewed-verse
bodhi	sn35.132	sn35.132:2.2	unreviewed-verse
bodhi	sn35.132	sn35.132:2.3	unreviewed-verse
bodhi	sn35.132	sn35.132:2.4	unreviewed-verse
bodhi	sn35.132	sn35.132:3.1	unreviewed-verse
bodhi	sn35.132	sn35.132:3.2	unreviewed-verse
bodhi	sn35.132	sn35.132:4.1	unreviewed-verse
bodhi	sn35.132	sn35.132:4.2	unreviewed-verse
bodhi	sn35.132	sn35.132:4.3	unreviewed-verse
bodhi	sn35.132	sn35.132:4.4	unreviewed-verse
bodhi	sn35.132	sn35.132:5.1	unreviewed-verse
bodhi	sn35.132	sn35.132:5.2	unreviewed-verse
bodhi	sn35.132	sn35.132:5.3	unreviewed-verse
bodhi	sn35.132	sn35.132:5.4	unreviewed-verse
bodhi	sn35.132	sn35.132:6.1	unreviewed-verse
bodhi	sn35.132	sn35.132:6.2	unreviewed-verse
bodhi	sn35.132	sn35.132:6.3	unreviewed-verse
bodhi	sn35.132	sn35.132:6.4	unreviewed-verse
bodhi	sn35.132	sn35.132:6.5	unreviewed-verse
bodhi	sn35.132	sn35.132:6.6	unreviewed-verse
bodhi	sn35.132	sn35.132:7.1	unreviewed-verse
bodhi	sn35.132	sn35.132:7.2	unreviewed-verse
bodhi	sn35.132	sn35.132:7.3	unreviewed-verse
bodhi	sn35.132	sn35.132:7.4	unreviewed-verse
bodhi	sn35.132	sn35.132:10.1	unreviewed-verse
bodhi	sn35.132	sn35.132:10.2	unreviewed-verse
bodhi	sn35.132	sn35.132:10.3	unreviewed-verse
bodhi	sn35.132	sn35.132:10.4	unreviewed-verse
bodhi	sn35.132	sn35.132:10.5	unreviewed-verse
bodhi	sn35.136	sn35.136:2.1	unreviewed-verse
bodhi	sn35.136	sn35.136:2.2	unreviewed-verse
bodhi	sn35.136	sn35.136:2.3	unreviewed-verse
bodhi	sn35.136	sn35.136:2.4	unreviewed-verse
bodhi	sn35.136	sn35.136:3.1	unreviewed-verse
bodhi	sn35.136	sn35.136:3.2	unreviewed-verse
bodhi	sn35.136	sn35.136:3.3	unreviewed-verse
bodhi	sn35.136	sn35.136:3.4	unreviewed-verse
bodhi	sn35.136	sn35.136:4.1	unreviewed-verse
bodhi	sn35.136	sn35.136:4.2	unreviewed-verse
bodhi	sn35.136	sn35.136:4.3	unreviewed-verse
bodhi	sn35.136	sn35.136:4.4	unreviewed-verse
bodhi	sn35.136	sn35.136:5.1	unreviewed-verse
bodhi	sn35.136	sn35.136:5.2	unreviewed-verse
bodhi	sn35.136	sn35.136:5.3	unreviewed-verse
bodhi	sn35.136	sn35.136:5.4	unreviewed-verse
bodhi	sn35.136	sn35.136:6.1	unreviewed-verse
bodhi	sn35.136	sn35.136:6.2	unreviewed-verse
bodhi	sn35.136	sn35.136:6.3	unreviewed-verse
bodhi	sn35.136	sn35.136:6.4	unreviewed-verse
bodhi	sn35.136	sn35.136:7.1	unreviewed-verse
bodhi	sn35.136	sn35.136:7.2	unreviewed-verse
bodhi	sn35.136	sn35.136:7.3	unreviewed-verse
bodhi	sn35.136	sn35.136:7.4	unreviewed-verse
bodhi	sn35.136	sn35.136:8.1	unreviewed-verse
bodhi	sn35.136	sn35.136:8.2	unreviewed-verse
bodhi	sn35.136	sn35.136:8.3	unreviewed-verse
bodhi	sn35.136	sn35.136:8.4	unreviewed-verse
bodhi	sn35.136	sn35.136:9.1	unreviewed-verse
bodhi	sn35.136	sn35.136:9.2	unreviewed-verse
bodhi	sn35.136	sn35.136:9.3	unreviewed-verse
bodhi	sn35.136	sn35.136:9.4	unreviewed-verse
bodhi	sn35.228	sn35.228:3.1	unreviewed-verse
bodhi	sn35.228	sn35.228:3.2	unreviewed-verse
bodhi	sn35.228	sn35.228:3.3	unreviewed-verse
bodhi	sn35.228	sn35.228:3.4	unreviewed-verse
bodhi	sn35.229	sn35.229:3.3	unreviewed-verse
bodhi	sn35.94	sn35.94:3.1	unreviewed-verse
bodhi	sn35.94	sn35.94:3.2	unreviewed-verse
bodhi	sn35.94	sn35.94:3.3	unreviewed-verse
bodhi	sn35.94	sn35.94:3.4	unreviewed-verse
bodhi	sn35.94	sn35.94:4.1	unreviewed-verse
bodhi	sn35.94	sn35.94:4.2	unreviewed-verse
bodhi	sn35.94	sn35.94:4.3	unreviewed-verse
bodhi	sn35.94	sn35.94:4.4	unreviewed-verse
bodhi	sn35.94	sn35.94:5.1	unreviewed-verse
bodhi	sn35.94	sn35.94:5.2	unreviewed-verse
bodhi	sn35.94	sn35.94:5.3	unreviewed-verse
bodhi	sn35.94	sn35.94:5.4	unreviewed-verse
bodhi	sn35.94	sn35.94:6.1	unreviewed-verse
bodhi	sn35.94	sn35.94:6.2	unreviewed-verse
bodhi	sn35.94	sn35.94:6.3	unreviewed-verse
bodhi	sn35.94	sn35.94:6.4	unreviewed-verse
bodhi	sn35.94	sn35.94:7.1	unreviewed-verse
bodhi	sn35.94	sn35.94:7.2	unreviewed-verse
bodhi	sn35.94	sn35.94:7.3	unreviewed-verse
bodhi	sn35.94	sn35.94:7.4	unreviewed-verse
bodhi	sn35.94	sn35.94:8.1	unreviewed-verse
bodhi	sn35.94	sn35.94:8.2	unreviewed-verse
bodhi	sn35.94	sn35.94:8.3	unreviewed-verse
bodhi	sn35.94	sn35.94:8.4	unreviewed-verse
bodhi	sn35.94	sn35.94:9.1	unreviewed-verse
bodhi	sn35.94	sn35.94:9.2	unreviewed-verse
bodhi	sn35.94	sn35.94:9.3	unreviewed-verse
bodhi	sn35.94	sn35.94:9.4	unreviewed-verse
bodhi	sn35.94	sn35.94:10.1	unreviewed-verse
bodhi	sn35.94	sn35.94:10.2	unreviewed-verse
bodhi	sn35.94	sn35.94:10.3	unreviewed-verse
bodhi	sn35.94	sn35.94:10.4	unreviewed-verse
bodhi	sn35.95	sn35.95:12.1	unreviewed-verse
bodhi	sn35.95	sn35.95:12.2	unreviewed-verse
bodhi	sn35.95	sn35.95:12.3	unreviewed-verse
bodhi	sn35.95	sn35.95:12.4	unreviewed-verse
bodhi	sn35.95	sn35.95:13.1	unreviewed-verse
bodhi	sn35.95	sn35.95:13.2	unreviewed-verse
bodhi	sn35.95	sn35.95:13.3	unreviewed-verse
bodhi	sn35.95	sn35.95:13.4	unreviewed-verse
bodhi	sn35.95	sn35.95:13.5	unreviewed-verse
bodhi	sn35.95	sn35.95:13.6	unreviewed-verse
bodhi	sn35.95	sn35.95:14.1	unreviewed-verse
bodhi	sn35.95	sn35.95:14.2	unreviewed-verse
bodhi	sn35.95	sn35.95:14.3	unreviewed-verse
bodhi	sn35.95	sn35.95:14.4	unreviewed-verse
bodhi	sn35.95	sn35.95:15.1	unreviewed-verse
bodhi	sn35.95	sn35.95:15.2	unreviewed-verse
bodhi	sn35.95	sn35.95:15.3	unreviewed-verse
bodhi	sn35.95	sn35.95:15.4	unreviewed-verse
bodhi	sn35.95	sn35.95:15.5	unreviewed-verse
bodhi	sn35.95	sn35.95:15.6	unreviewed-verse
bodhi	sn35.95	sn35.95:16.1	unreviewed-verse
bodhi	sn35.95	sn35.95:16.2	unreviewed-verse
bodhi	sn35.95	sn35.95:16.3	unreviewed-verse
bodhi	sn35.95	sn35.95:16.4	unreviewed-verse
bodhi	sn35.95	sn35.95:17.1	unreviewed-verse
bodhi	sn35.95	sn35.95:17.2	unreviewed-verse
bodhi	sn35.95	sn35.95:17.3	unreviewed-verse
bodhi	sn35.95	sn35.95:17.4	unreviewed-verse
bodhi	sn35.95	sn35.95:17.5	unreviewed-verse
bodhi	sn35.95	sn35.95:17.6	unreviewed-verse
bodhi	sn35.95	sn35.95:18.1	unreviewed-verse
bodhi	sn35.95	sn35.95:18.2	unreviewed-verse
bodhi	sn35.95	sn35.95:18.3	unreviewed-verse
bodhi	sn35.95	sn35.95:18.4	unreviewed-verse
bodhi	sn35.95	sn35.95:19.1	unreviewed-verse
bodhi	sn35.95	sn35.95:19.2	unreviewed-verse
bodhi	sn35.95	sn35.95:19.3	unreviewed-verse
bodhi	sn35.95	sn35.95:19.4	unreviewed-verse
bodhi	sn35.95	sn35.95:19.5	unreviewed-verse
bodhi	sn35.95	sn35.95:19.6	unreviewed-verse
bodhi	sn35.95	sn35.95:20.1	unreviewed-verse
bodhi	sn35.95	sn35.95:20.2	unreviewed-verse
bodhi	sn35.95	sn35.95:20.3	unreviewed-verse
bodhi	sn35.95	sn35.95:20.4	unreviewed-verse
bodhi	sn35.95	sn35.95:21.1	unreviewed-verse
bodhi	sn35.95	sn35.95:21.2	unreviewed-verse
bodhi	sn35.95	sn35.95:21.3	unreviewed-verse
bodhi	sn35.95	sn35.95:21.4	unreviewed-verse
bodhi	sn35.95	sn35.95:21.5	unreviewed-verse
bodhi	sn35.95	sn35.95:21.6	unreviewed-verse
bodhi	sn35.95	sn35.95:22.1	unreviewed-verse
bodhi	sn35.95	sn35.95:22.2	unreviewed-verse
bodhi	sn35.95	sn35.95:22.3	unreviewed-verse
bodhi	sn35.95	sn35.95:22.4	unreviewed-verse
bodhi	sn35.95	sn35.95:23.1	unreviewed-verse
bodhi	sn35.95	sn35.95:23.2	unreviewed-verse
bodhi	sn35.95	sn35.95:23.3	unreviewed-verse
bodhi	sn35.95	sn35.95:23.4	unreviewed-verse
bodhi	sn35.95	sn35.95:23.5	unreviewed-verse
bodhi	sn35.95	sn35.95:23.6	unreviewed-verse
bodhi	sn35.95	sn35.95:24.1	unreviewed-verse
bodhi	sn35.95	sn35.95:24.2	unreviewed-verse
bodhi	sn35.95	sn35.95:24.3	unreviewed-verse
bodhi	sn35.95	sn35.95:24.4	unreviewed-verse
bodhi	sn35.95	sn35.95:25.1	unreviewed-verse
bodhi	sn35.95	sn35.95:25.2	unreviewed-verse
bodhi	sn35.95	sn35.95:25.3	unreviewed-verse
bodhi	sn35.95	sn35.95:25.4	unreviewed-verse
bodhi	sn35.95	sn35.95:25.5	unreviewed-verse
bodhi	sn35.95	sn35.95:25.6	unreviewed-verse
bodhi	sn35.95	sn35.95:26.1	unreviewed-verse
bodhi	sn35.95	sn35.95:26.2	unreviewed-verse
bodhi	sn35.95	sn35.95:26.3	unreviewed-verse
bodhi	sn35.95	sn35.95:26.4	unreviewed-verse
bodhi	sn35.95	sn35.95:27.1	unreviewed-verse
bodhi	sn35.95	sn35.95:27.2	unreviewed-verse
bodhi	sn35.95	sn35.95:27.3	unreviewed-verse
bodhi	sn35.95	sn35.95:27.4	unreviewed-verse
bodhi	sn35.95	sn35.95:27.5	unreviewed-verse
bodhi	sn35.95	sn35.95:27.6	unreviewed-verse
bodhi	sn35.95	sn35.95:28.1	unreviewed-verse
bodhi	sn35.95	sn35.95:28.2	unreviewed-verse
bodhi	sn35.95	sn35.95:28.3	unreviewed-verse
bodhi	sn35.95	sn35.95:28.4	unreviewed-verse
bodhi	sn35.95	sn35.95:29.1	unreviewed-verse
bodhi	sn35.95	sn35.95:29.2	unreviewed-verse
bodhi	sn35.95	sn35.95:29.3	unreviewed-verse
bodhi	sn35.95	sn35.95:29.4	unreviewed-verse
bodhi	sn35.95	sn35.95:29.5	unreviewed-verse
bodhi	sn35.95	sn35.95:29.6	unreviewed-verse
bodhi	sn35.95	sn35.95:30.1	unreviewed-verse
bodhi	sn35.95	sn35.95:30.2	unreviewed-verse
bodhi	sn35.95	sn35.95:30.3	unreviewed-verse
bodhi	sn35.95	sn35.95:30.4	unreviewed-verse
bodhi	sn35.95	sn35.95:31.1	unreviewed-verse
bodhi	sn35.95	sn35.95:31.2	unreviewed-verse
bodhi	sn35.95	sn35.95:31.3	unreviewed-verse
bodhi	sn35.95	sn35.95:31.4	unreviewed-verse
bodhi	sn35.95	sn35.95:31.5	unreviewed-verse
bodhi	sn35.95	sn35.95:31.6	unreviewed-verse
bodhi	sn35.95	sn35.95:32.1	unreviewed-verse
bodhi	sn35.95	sn35.95:32.2	unreviewed-verse
bodhi	sn35.95	sn35.95:32.3	unreviewed-verse
bodhi	sn35.95	sn35.95:32.4	unreviewed-verse
bodhi	sn35.95	sn35.95:33.1	unreviewed-verse
bodhi	sn35.95	sn35.95:33.2	unreviewed-verse
bodhi	sn35.95	sn35.95:33.3	unreviewed-verse
bodhi	sn35.95	sn35.95:33.4	unreviewed-verse
bodhi	sn35.95	sn35.95:33.5	unreviewed-verse
bodhi	sn35.95	sn35.95:33.6	unreviewed-verse
bodhi	sn35.95	sn35.95:34.1	unreviewed-verse
bodhi	sn35.95	sn35.95:34.2	unreviewed-verse
bodhi	sn35.95	sn35.95:34.3	unreviewed-verse
bodhi	sn35.95	sn35.95:34.4	unreviewed-verse
bodhi	sn35.95	sn35.95:35.1	unreviewed-verse
bodhi	sn35.95	sn35.95:35.2	unreviewed-verse
bodhi	sn35.95	sn35.95:35.3	unreviewed-verse
bodhi	sn35.95	sn35.95:35.4	unreviewed-verse
bodhi	sn35.95	sn35.95:35.5	unreviewed-verse
bodhi	sn35.95	sn35.95:35.6	unreviewed-verse
bodhi	sn35.95	sn35.95:37.1	unreviewed-verse
bodhi	sn35.95	sn35.95:37.2	unreviewed-verse
bodhi	sn35.95	sn35.95:37.3	unreviewed-verse
bodhi	sn35.95	sn35.95:37.4	unreviewed-verse
bodhi	sn35.95	sn35.95:38.1	unreviewed-verse
bodhi	sn35.95	sn35.95:38.2	unreviewed-verse
bodhi	sn35.95	sn35.95:38.3	unreviewed-verse
bodhi	sn35.95	sn35.95:38.4	unreviewed-verse
bodhi	sn35.95	sn35.95:38.5	unreviewed-verse
bodhi	sn35.95	sn35.95:38.6	unreviewed-verse
bodhi	sn35.95	sn35.95:39.1	unreviewed-verse
bodhi	sn35.95	sn35.95:39.2	unreviewed-verse
bodhi	sn35.95	sn35.95:39.3	unreviewed-verse
bodhi	sn35.95	sn35.95:39.4	unreviewed-verse
bodhi	sn35.95	sn35.95:40.1	unreviewed-verse
bodhi	sn35.95	sn35.95:40.2	unreviewed-verse
bodhi	sn35.95	sn35.95:40.3	unreviewed-verse
bodhi	sn35.95	sn35.95:40.4	unreviewed-verse
bodhi	sn35.95	sn35.95:40.5	unreviewed-verse
bodhi	sn35.95	sn35.95:40.6	unreviewed-verse
bodhi	sn35.97	sn35.97:1.12	edition-variant
bodhi	sn35.97	sn35.97:2.10	edition-variant
bodhi	sn36.12	sn36.12:2.1	unreviewed-verse
bodhi	sn36.12	sn36.12:2.2	unreviewed-verse
bodhi	sn36.12	sn36.12:2.3	unreviewed-verse
bodhi	sn36.12	sn36.12:2.4	unreviewed-verse
bodhi	sn36.12	sn36.12:3.1	unreviewed-verse
bodhi	sn36.12	sn36.12:3.2	unreviewed-verse
bodhi	sn36.12	sn36.12:3.3	unreviewed-verse
bodhi	sn36.12	sn36.12:3.4	unreviewed-verse
bodhi	sn36.12	sn36.12:4.1	unreviewed-verse
bodhi	sn36.12	sn36.12:4.2	unreviewed-verse
bodhi	sn36.12	sn36.12:4.3	unreviewed-verse
bodhi	sn36.12	sn36.12:4.4	unreviewed-verse
bodhi	sn36.12	sn36.12:5.1	unreviewed-verse
bodhi	sn36.12	sn36.12:5.2	unreviewed-verse
bodhi	sn36.12	sn36.12:5.3	unreviewed-verse
bodhi	sn36.12	sn36.12:6.1	unreviewed-verse
bodhi	sn36.12	sn36.12:6.2	unreviewed-verse
bodhi	sn36.12	sn36.12:6.3	unreviewed-verse
bodhi	sn36.12	sn36.12:6.4	unreviewed-verse
bodhi	sn36.1	sn36.1:2.1	unreviewed-verse
bodhi	sn36.1	sn36.1:2.2	unreviewed-verse
bodhi	sn36.1	sn36.1:2.3	unreviewed-verse
bodhi	sn36.1	sn36.1:2.4	unreviewed-verse
bodhi	sn36.1	sn36.1:3.1	unreviewed-verse
bodhi	sn36.1	sn36.1:3.2	unreviewed-verse
bodhi	sn36.1	sn36.1:3.3	unreviewed-verse
bodhi	sn36.1	sn36.1:3.4	unreviewed-verse
bodhi	sn36.21	sn36.21:5.1	unreviewed-verse
bodhi	sn36.21	sn36.21:5.2	unreviewed-verse
bodhi	sn36.21	sn36.21:5.3	unreviewed-verse
bodhi	sn36.21	sn36.21:5.4	unreviewed-verse
bodhi	sn36.2	sn36.2:2.1	unreviewed-verse
bodhi	sn36.2	sn36.2:2.2	unreviewed-verse
bodhi	sn36.2	sn36.2:2.3	unreviewed-verse
bodhi	sn36.2	sn36.2:2.4	unreviewed-verse
bodhi	sn36.2	sn36.2:3.1	unreviewed-verse
bodhi	sn36.2	sn36.2:3.2	unreviewed-verse
bodhi	sn36.2	sn36.2:3.3	unreviewed-verse
bodhi	sn36.2	sn36.2:3.4	unreviewed-verse
bodhi	sn36.3	sn36.3:2.1	unreviewed-verse
bodhi	sn36.3	sn36.3:2.2	unreviewed-verse
bodhi	sn36.3	sn36.3:2.3	unreviewed-verse
bodhi	sn36.3	sn36.3:2.4	unreviewed-verse
bodhi	sn36.3	sn36.3:3.1	unreviewed-verse
bodhi	sn36.3	sn36.3:3.2	unreviewed-verse
bodhi	sn36.3	sn36.3:3.3	unreviewed-verse
bodhi	sn36.3	sn36.3:3.4	unreviewed-verse
bodhi	sn36.3	sn36.3:4.1	unreviewed-verse
bodhi	sn36.3	sn36.3:4.2	unreviewed-verse
bodhi	sn36.3	sn36.3:4.3	unreviewed-verse
bodhi	sn36.3	sn36.3:4.4	unreviewed-verse
bodhi	sn36.3	sn36.3:5.1	unreviewed-verse
bodhi	sn36.3	sn36.3:5.2	unreviewed-verse
bodhi	sn36.3	sn36.3:5.3	unreviewed-verse
bodhi	sn36.3	sn36.3:6.1	unreviewed-verse
bodhi	sn36.3	sn36.3:6.2	unreviewed-verse
bodhi	sn36.3	sn36.3:6.3	unreviewed-verse
bodhi	sn36.3	sn36.3:6.4	unreviewed-verse
bodhi	sn36.4	sn36.4:2.1	unreviewed-verse
bodhi	sn36.4	sn36.4:2.2	unreviewed-verse
bodhi	sn36.4	sn36.4:2.3	unreviewed-verse
bodhi	sn36.4	sn36.4:2.4	unreviewed-verse
bodhi	sn36.4	sn36.4:3.1	unreviewed-verse
bodhi	sn36.4	sn36.4:3.2	unreviewed-verse
bodhi	sn36.4	sn36.4:3.3	unreviewed-verse
bodhi	sn36.4	sn36.4:3.4	unreviewed-verse
bodhi	sn36.4	sn36.4:4.1	unreviewed-verse
bodhi	sn36.4	sn36.4:4.2	unreviewed-verse
bodhi	sn36.4	sn36.4:4.3	unreviewed-verse
bodhi	sn36.4	sn36.4:4.4	unreviewed-verse
bodhi	sn36.4	sn36.4:4.5	unreviewed-verse
bodhi	sn36.4	sn36.4:4.6	unreviewed-verse
bodhi	sn36.5	sn36.5:2.1	unreviewed-verse
bodhi	sn36.5	sn36.5:2.2	unreviewed-verse
bodhi	sn36.5	sn36.5:2.3	unreviewed-verse
bodhi	sn36.5	sn36.5:2.4	unreviewed-verse
bodhi	sn36.5	sn36.5:3.1	unreviewed-verse
bodhi	sn36.5	sn36.5:3.2	unreviewed-verse
bodhi	sn36.5	sn36.5:3.3	unreviewed-verse
bodhi	sn36.5	sn36.5:3.4	unreviewed-verse
bodhi	sn36.5	sn36.5:3.5	unreviewed-verse
bodhi	sn36.5	sn36.5:3.6	unreviewed-verse
bodhi	sn36.6	sn36.6:4.1	unreviewed-verse
bodhi	sn36.6	sn36.6:4.2	unreviewed-verse
bodhi	sn36.6	sn36.6:4.3	unreviewed-verse
bodhi	sn36.6	sn36.6:4.4	unreviewed-verse
bodhi	sn36.6	sn36.6:5.1	unreviewed-verse
bodhi	sn36.6	sn36.6:5.2	unreviewed-verse
bodhi	sn36.6	sn36.6:5.3	unreviewed-verse
bodhi	sn36.6	sn36.6:5.4	unreviewed-verse
bodhi	sn36.6	sn36.6:6.1	unreviewed-verse
bodhi	sn36.6	sn36.6:6.2	unreviewed-verse
bodhi	sn36.6	sn36.6:6.3	unreviewed-verse
bodhi	sn36.6	sn36.6:6.4	unreviewed-verse
bodhi	sn4.10	sn4.10:4.1	unreviewed-verse
bodhi	sn4.10	sn4.10:4.2	unreviewed-verse
bodhi	sn4.10	sn4.10:4.3	unreviewed-verse
bodhi	sn4.10	sn4.10:4.4	unreviewed-verse
bodhi	sn4.10	sn4.10:5.1	unreviewed-verse
bodhi	sn4.10	sn4.10:5.2	unreviewed-verse
bodhi	sn4.10	sn4.10:5.3	unreviewed-verse
bodhi	sn4.10	sn4.10:5.4	unreviewed-verse
bodhi	sn4.11	sn4.11:3.1	unreviewed-verse
bodhi	sn4.12	sn4.12:3.1	unreviewed-verse
bodhi	sn4.12	sn4.12:3.2	unreviewed-verse
bodhi	sn4.12	sn4.12:3.3	unreviewed-verse
bodhi	sn4.12	sn4.12:3.4	unreviewed-verse
bodhi	sn4.12	sn4.12:4.1	unreviewed-verse
bodhi	sn4.12	sn4.12:4.2	unreviewed-verse
bodhi	sn4.12	sn4.12:4.3	unreviewed-verse
bodhi	sn4.12	sn4.12:4.4	unreviewed-verse
bodhi	sn4.13	sn4.13:2.1	unreviewed-verse
bodhi	sn4.13	sn4.13:2.2	unreviewed-verse
bodhi	sn4.13	sn4.13:2.3	unreviewed-verse
bodhi	sn4.13	sn4.13:2.4	unreviewed-verse
bodhi	sn4.13	sn4.13:3.1	unreviewed-verse
bodhi	sn4.13	sn4.13:3.2	unreviewed-verse
bodhi	sn4.13	sn4.13:3.3	unreviewed-verse
bodhi	sn4.13	sn4.13:3.4	unreviewed-verse
bodhi	sn4.13	sn4.13:4.1	unreviewed-verse
bodhi	sn4.13	sn4.13:4.2	unreviewed-verse
bodhi	sn4.13	sn4.13:4.3	unreviewed-verse
bodhi	sn4.13	sn4.13:4.4	unreviewed-verse
bodhi	sn4.13	sn4.13:5.1	unreviewed-verse
bodhi	sn4.13	sn4.13:5.2	unreviewed-verse
bodhi	sn4.13	sn4.13:5.3	unreviewed-verse
bodhi	sn4.13	sn4.13:5.4	unreviewed-verse
bodhi	sn4.14	sn4.14:3.1	unreviewed-verse
bodhi	sn4.14	sn4.14:3.2	unreviewed-verse
bodhi	sn4.14	sn4.14:3.3	unreviewed-verse
bodhi	sn4.14	sn4.14:4.1	unreviewed-verse
bodhi	sn4.14	sn4.14:4.2	unreviewed-verse
bodhi	sn4.14	sn4.14:4.3	unreviewed-verse
bodhi	sn4.14	sn4.14:4.4	unreviewed-verse
bodhi	sn4.15	sn4.15:2.1	unreviewed-verse
bodhi	sn4.15	sn4.15:2.2	unreviewed-verse
bodhi	sn4.15	sn4.15:2.3	unreviewed-verse
bodhi	sn4.15	sn4.15:2.4	unreviewed-verse
bodhi	sn4.15	sn4.15:3.1	unreviewed-verse
bodhi	sn4.15	sn4.15:3.2	unreviewed-verse
bodhi	sn4.15	sn4.15:3.3	unreviewed-verse
bodhi	sn4.15	sn4.15:3.4	unreviewed-verse
bodhi	sn4.16	sn4.16:4.1	unreviewed-verse
bodhi	sn4.16	sn4.16:4.2	unreviewed-verse
bodhi	sn4.16	sn4.16:4.3	unreviewed-verse
bodhi	sn4.16	sn4.16:4.4	unreviewed-verse
bodhi	sn4.16	sn4.16:5.1	unreviewed-verse
bodhi	sn4.16	sn4.16:5.2	unreviewed-verse
bodhi	sn4.16	sn4.16:5.3	unreviewed-verse
bodhi	sn4.16	sn4.16:5.4	unreviewed-verse
bodhi	sn4.17	sn4.17:3.1	unreviewed-verse
bodhi	sn4.17	sn4.17:3.2	unreviewed-verse
bodhi	sn4.17	sn4.17:3.3	unreviewed-verse
bodhi	sn4.17	sn4.17:3.4	unreviewed-verse
bodhi	sn4.17	sn4.17:4.1	unreviewed-verse
bodhi	sn4.17	sn4.17:4.2	unreviewed-verse
bodhi	sn4.17	sn4.17:4.3	unreviewed-verse
bodhi	sn4.17	sn4.17:4.4	unreviewed-verse
bodhi	sn4.18	sn4.18:3.1	unreviewed-verse
bodhi	sn4.18	sn4.18:3.2	unreviewed-verse
bodhi	sn4.18	sn4.18:3.3	unreviewed-verse
bodhi	sn4.18	sn4.18:3.4	unreviewed-verse
bodhi	sn4.18	sn4.18:4.1	unreviewed-verse
bodhi	sn4.18	sn4.18:4.2	unreviewed-verse
bodhi	sn4.18	sn4.18:4.3	unreviewed-verse
bodhi	sn4.18	sn4.18:4.4	unreviewed-verse
bodhi	sn4.19	sn4.19:4.1	unreviewed-verse
bodhi	sn4.19	sn4.19:4.2	unreviewed-verse
bodhi	sn4.19	sn4.19:4.3	unreviewed-verse
bodhi	sn4.19	sn4.19:4.4	unreviewed-verse
bodhi	sn4.19	sn4.19:5.1	unreviewed-verse
bodhi	sn4.19	sn4.19:5.2	unreviewed-verse
bodhi	sn4.19	sn4.19:5.3	unreviewed-verse
bodhi	sn4.19	sn4.19:5.4	unreviewed-verse
bodhi	sn4.1	sn4.1:3.1	unreviewed-verse
bodhi	sn4.1	sn4.1:3.2	unreviewed-verse
bodhi	sn4.1	sn4.1:3.3	unreviewed-verse
bodhi	sn4.1	sn4.1:3.4	unreviewed-verse
bodhi	sn4.1	sn4.1:5.1	unreviewed-verse
bodhi	sn4.1	sn4.1:5.2	unreviewed-verse
bodhi	sn4.1	sn4.1:5.3	unreviewed-verse
bodhi	sn4.1	sn4.1:5.4	unreviewed-verse
bodhi	sn4.1	sn4.1:6.1	unreviewed-verse
bodhi	sn4.1	sn4.1:6.2	unreviewed-verse
bodhi	sn4.1	sn4.1:6.3	unreviewed-verse
bodhi	sn4.1	sn4.1:6.4	unreviewed-verse
bodhi	sn4.20	sn4.20:3.1	unreviewed-verse
bodhi	sn4.20	sn4.20:3.2	unreviewed-verse
bodhi	sn4.20	sn4.20:3.3	unreviewed-verse
bodhi	sn4.20	sn4.20:3.4	unreviewed-verse
bodhi	sn4.20	sn4.20:4.1	unreviewed-verse
bodhi	sn4.20	sn4.20:4.2	unreviewed-verse
bodhi	sn4.20	sn4.20:4.3	unreviewed-verse
bodhi	sn4.20	sn4.20:4.4	unreviewed-verse
bodhi	sn4.21	sn4.21:4.1	unreviewed-verse
bodhi	sn4.21	sn4.21:4.2	unreviewed-verse
bodhi	sn4.21	sn4.21:4.3	unreviewed-verse
bodhi	sn4.21	sn4.21:4.4	unreviewed-verse
bodhi	sn4.22	sn4.22:4.1	unreviewed-verse
bodhi	sn4.22	sn4.22:4.2	unreviewed-verse
bodhi	sn4.22	sn4.22:4.3	unreviewed-verse
bodhi	sn4.22	sn4.22:4.4	unreviewed-verse
bodhi	sn4.22	sn4.22:4.5	unreviewed-verse
bodhi	sn4.22	sn4.22:4.6	unreviewed-verse
bodhi	sn4.23	sn4.23:3.1	unreviewed-verse
bodhi	sn4.23	sn4.23:3.2	unreviewed-verse
bodhi	sn4.23	sn4.23:3.3	unreviewed-verse
bodhi	sn4.23	sn4.23:3.4	unreviewed-verse
bodhi	sn4.23	sn4.23:4.1	unreviewed-verse
bodhi	sn4.23	sn4.23:4.2	unreviewed-verse
bodhi	sn4.23	sn4.23:4.3	unreviewed-verse
bodhi	sn4.23	sn4.23:4.4	unreviewed-verse
bodhi	sn4.23	sn4.23:5.1	unreviewed-verse
bodhi	sn4.23	sn4.23:5.2	unreviewed-verse
bodhi	sn4.23	sn4.23:5.3	unreviewed-verse
bodhi	sn4.23	sn4.23:5.4	unreviewed-verse
bodhi	sn4.23	sn4.23:7.1	unreviewed-verse
bodhi	sn4.23	sn4.23:7.2	unreviewed-verse
bodhi	sn4.23	sn4.23:7.3	unreviewed-verse
bodhi	sn4.23	sn4.23:7.4	unreviewed-verse
bodhi	sn4.23	sn4.23:11.1	unreviewed-verse
bodhi	sn4.23	sn4.23:11.2	unreviewed-verse
bodhi	sn4.23	sn4.23:11.3	unreviewed-verse
bodhi	sn4.23	sn4.23:11.4	unreviewed-verse
bodhi	sn4.23	sn4.23:12.1	unreviewed-verse
bodhi	sn4.23	sn4.23:12.2	unreviewed-verse
bodhi	sn4.23	sn4.23:12.3	unreviewed-verse
bodhi	sn4.23	sn4.23:12.4	unreviewed-verse
bodhi	sn4.23	sn4.23:13.1	unreviewed-verse
bodhi	sn4.23	sn4.23:13.2	unreviewed-verse
bodhi	sn4.23	sn4.23:13.3	unreviewed-verse
bodhi	sn4.23	sn4.23:13.4	unreviewed-verse
bodhi	sn4.23	sn4.23:14.1	unreviewed-verse
bodhi	sn4.23	sn4.23:14.2	unreviewed-verse
bodhi	sn4.23	sn4.23:14.3	unreviewed-verse
bodhi	sn4.23	sn4.23:14.4	unreviewed-verse
bodhi	sn4.24	sn4.24:2.1	unreviewed-verse
bodhi	sn4.24	sn4.24:2.2	unreviewed-verse
bodhi	sn4.24	sn4.24:2.3	unreviewed-verse
bodhi	sn4.24	sn4.24:2.4	unreviewed-verse
bodhi	sn4.24	sn4.24:2.5	unreviewed-verse
bodhi	sn4.24	sn4.24:3.1	unreviewed-verse
bodhi	sn4.24	sn4.24:3.2	unreviewed-verse
bodhi	sn4.24	sn4.24:3.3	unreviewed-verse
bodhi	sn4.24	sn4.24:3.4	unreviewed-verse
bodhi	sn4.24	sn4.24:4.1	unreviewed-verse
bodhi	sn4.24	sn4.24:4.2	unreviewed-verse
bodhi	sn4.24	sn4.24:4.3	unreviewed-verse
bodhi	sn4.24	sn4.24:4.4	unreviewed-verse
bodhi	sn4.24	sn4.24:5.1	unreviewed-verse
bodhi	sn4.24	sn4.24:5.2	unreviewed-verse
bodhi	sn4.24	sn4.24:5.3	unreviewed-verse
bodhi	sn4.24	sn4.24:5.4	unreviewed-verse
bodhi	sn4.24	sn4.24:6.1	unreviewed-verse
bodhi	sn4.24	sn4.24:6.2	unreviewed-verse
bodhi	sn4.24	sn4.24:6.3	unreviewed-verse
bodhi	sn4.24	sn4.24:6.4	unreviewed-verse
bodhi	sn4.24	sn4.24:7.1	unreviewed-verse
bodhi	sn4.24	sn4.24:7.2	unreviewed-verse
bodhi	sn4.24	sn4.24:7.3	unreviewed-verse
bodhi	sn4.24	sn4.24:7.4	unreviewed-verse
bodhi	sn4.24	sn4.24:9.1	unreviewed-verse
bodhi	sn4.24	sn4.24:9.2	unreviewed-verse
bodhi	sn4.24	sn4.24:9.3	unreviewed-verse
bodhi	sn4.24	sn4.24:9.4	unreviewed-verse
bodhi	sn4.24	sn4.24:10.1	unreviewed-verse
bodhi	sn4.24	sn4.24:10.2	unreviewed-verse
bodhi	sn4.24	sn4.24:10.3	unreviewed-verse
bodhi	sn4.24	sn4.24:10.4	unreviewed-verse
bodhi	sn4.25	sn4.25:2.1	unreviewed-verse
bodhi	sn4.25	sn4.25:2.2	unreviewed-verse
bodhi	sn4.25	sn4.25:2.3	unreviewed-verse
bodhi	sn4.25	sn4.25:2.4	unreviewed-verse
bodhi	sn4.25	sn4.25:2.5	unreviewed-verse
bodhi	sn4.25	sn4.25:2.6	unreviewed-verse
bodhi	sn4.25	sn4.25:3.1	unreviewed-verse
bodhi	sn4.25	sn4.25:3.2	unreviewed-verse
bodhi	sn4.25	sn4.25:3.3	unreviewed-verse
bodhi	sn4.25	sn4.25:3.4	unreviewed-verse
bodhi	sn4.25	sn4.25:10.1	unreviewed-verse
bodhi	sn4.25	sn4.25:10.2	unreviewed-verse
bodhi	sn4.25	sn4.25:10.3	unreviewed-verse
bodhi	sn4.25	sn4.25:10.4	unreviewed-verse
bodhi	sn4.25	sn4.25:13.1	unreviewed-verse
bodhi	sn4.25	sn4.25:13.2	unreviewed-verse
bodhi	sn4.25	sn4.25:13.3	unreviewed-verse
bodhi	sn4.25	sn4.25:13.4	unreviewed-verse
bodhi	sn4.25	sn4.25:13.5	unreviewed-verse
bodhi	sn4.25	sn4.25:14.1	unreviewed-verse
bodhi	sn4.25	sn4.25:14.2	unreviewed-verse
bodhi	sn4.25	sn4.25:14.3	unreviewed-verse
bodhi	sn4.25	sn4.25:14.4	unreviewed-verse
bodhi	sn4.25	sn4.25:14.5	unreviewed-verse
bodhi	sn4.25	sn4.25:16.1	unreviewed-verse
bodhi	sn4.25	sn4.25:16.2	unreviewed-verse
bodhi	sn4.25	sn4.25:16.3	unreviewed-verse
bodhi	sn4.25	sn4.25:16.4	unreviewed-verse
bodhi	sn4.25	sn4.25:17.1	unreviewed-verse
bodhi	sn4.25	sn4.25:17.2	unreviewed-verse
bodhi	sn4.25	sn4.25:17.3	unreviewed-verse
bodhi	sn4.25	sn4.25:17.4	unreviewed-verse
bodhi	sn4.25	sn4.25:18.1	unreviewed-verse
bodhi	sn4.25	sn4.25:18.2	unreviewed-verse
bodhi	sn4.25	sn4.25:18.3	unreviewed-verse
bodhi	sn4.25	sn4.25:18.4	unreviewed-verse
bodhi	sn4.25	sn4.25:20.1	unreviewed-verse
bodhi	sn4.25	sn4.25:20.2	unreviewed-verse
bodhi	sn4.25	sn4.25:20.3	unreviewed-verse
bodhi	sn4.25	sn4.25:20.4	unreviewed-verse
bodhi	sn4.25	sn4.25:21.1	unreviewed-verse
bodhi	sn4.25	sn4.25:21.2	unreviewed-verse
bodhi	sn4.25	sn4.25:21.3	unreviewed-verse
bodhi	sn4.25	sn4.25:21.4	unreviewed-verse
bodhi	sn4.25	sn4.25:23.1	unreviewed-verse
bodhi	sn4.25	sn4.25:23.2	unreviewed-verse
bodhi	sn4.25	sn4.25:23.3	unreviewed-verse
bodhi	sn4.25	sn4.25:23.4	unreviewed-verse
bodhi	sn4.25	sn4.25:24.1	unreviewed-verse
bodhi	sn4.25	sn4.25:24.3	unreviewed-verse
bodhi	sn4.25	sn4.25:24.4	unreviewed-verse
bodhi	sn4.25	sn4.25:25.1	unreviewed-verse
bodhi	sn4.25	sn4.25:25.2	unreviewed-verse
bodhi	sn4.25	sn4.25:25.3	unreviewed-verse
bodhi	sn4.25	sn4.25:25.4	unreviewed-verse
bodhi	sn4.25	sn4.25:7.4	correspondence
bodhi	sn4.25	sn4.25:8.4	correspondence
bodhi	sn4.25	sn4.25:8.9	correspondence
bodhi	sn4.25	sn4.25:9.4	correspondence
bodhi	sn4.2	sn4.2:2.1	unreviewed-verse
bodhi	sn4.2	sn4.2:2.2	unreviewed-verse
bodhi	sn4.2	sn4.2:2.3	unreviewed-verse
bodhi	sn4.2	sn4.2:2.4	unreviewed-verse
bodhi	sn4.3	sn4.3:3.1	unreviewed-verse
bodhi	sn4.4	sn4.4:3.1	unreviewed-verse
bodhi	sn4.4	sn4.4:3.2	unreviewed-verse
bodhi	sn4.4	sn4.4:3.3	unreviewed-verse
bodhi	sn4.4	sn4.4:3.4	unreviewed-verse
bodhi	sn4.4	sn4.4:4.1	unreviewed-verse
bodhi	sn4.4	sn4.4:4.2	unreviewed-verse
bodhi	sn4.4	sn4.4:4.3	unreviewed-verse
bodhi	sn4.4	sn4.4:4.4	unreviewed-verse
bodhi	sn4.5	sn4.5:3.1	unreviewed-verse
bodhi	sn4.5	sn4.5:3.2	unreviewed-verse
bodhi	sn4.5	sn4.5:3.3	unreviewed-verse
bodhi	sn4.5	sn4.5:3.4	unreviewed-verse
bodhi	sn4.5	sn4.5:4.1	unreviewed-verse
bodhi	sn4.5	sn4.5:4.2	unreviewed-verse
bodhi	sn4.5	sn4.5:4.3	unreviewed-verse
bodhi	sn4.5	sn4.5:4.4	unreviewed-verse
bodhi	sn4.6	sn4.6:5.1	unreviewed-verse
bodhi	sn4.7	sn4.7:2.1	unreviewed-verse
bodhi	sn4.7	sn4.7:2.2	unreviewed-verse
bodhi	sn4.7	sn4.7:2.3	unreviewed-verse
bodhi	sn4.7	sn4.7:2.4	unreviewed-verse
bodhi	sn4.7	sn4.7:3.1	unreviewed-verse
bodhi	sn4.7	sn4.7:3.2	unreviewed-verse
bodhi	sn4.7	sn4.7:3.3	unreviewed-verse
bodhi	sn4.7	sn4.7:3.4	unreviewed-verse
bodhi	sn4.8	sn4.8:2.1	unreviewed-verse
bodhi	sn4.8	sn4.8:2.2	unreviewed-verse
bodhi	sn4.8	sn4.8:2.3	unreviewed-verse
bodhi	sn4.8	sn4.8:2.4	unreviewed-verse
bodhi	sn4.8	sn4.8:3.1	unreviewed-verse
bodhi	sn4.8	sn4.8:3.2	unreviewed-verse
bodhi	sn4.8	sn4.8:3.3	unreviewed-verse
bodhi	sn4.8	sn4.8:3.4	unreviewed-verse
bodhi	sn4.9	sn4.9:4.1	unreviewed-verse
bodhi	sn4.9	sn4.9:4.2	unreviewed-verse
bodhi	sn4.9	sn4.9:4.3	unreviewed-verse
bodhi	sn4.9	sn4.9:4.4	unreviewed-verse
bodhi	sn4.9	sn4.9:5.1	unreviewed-verse
bodhi	sn4.9	sn4.9:5.2	unreviewed-verse
bodhi	sn4.9	sn4.9:5.3	unreviewed-verse
bodhi	sn4.9	sn4.9:5.4	unreviewed-verse
bodhi	sn45.34	sn45.34:3.1	unreviewed-verse
bodhi	sn45.34	sn45.34:3.2	unreviewed-verse
bodhi	sn45.34	sn45.34:3.3	unreviewed-verse
bodhi	sn45.34	sn45.34:3.4	unreviewed-verse
bodhi	sn45.34	sn45.34:4.1	unreviewed-verse
bodhi	sn45.34	sn45.34:4.2	unreviewed-verse
bodhi	sn45.34	sn45.34:4.3	unreviewed-verse
bodhi	sn45.34	sn45.34:4.4	unreviewed-verse
bodhi	sn45.34	sn45.34:5.1	unreviewed-verse
bodhi	sn45.34	sn45.34:5.2	unreviewed-verse
bodhi	sn45.34	sn45.34:5.3	unreviewed-verse
bodhi	sn45.34	sn45.34:5.4	unreviewed-verse
bodhi	sn45.34	sn45.34:6.1	unreviewed-verse
bodhi	sn45.34	sn45.34:6.2	unreviewed-verse
bodhi	sn45.34	sn45.34:6.3	unreviewed-verse
bodhi	sn45.34	sn45.34:7.1	unreviewed-verse
bodhi	sn45.34	sn45.34:7.2	unreviewed-verse
bodhi	sn45.34	sn45.34:7.3	unreviewed-verse
bodhi	sn45.34	sn45.34:7.4	unreviewed-verse
bodhi	sn45.34	sn45.34:7.5	unreviewed-verse
bodhi	sn45.34	sn45.34:7.6	unreviewed-verse
bodhi	sn45.42-47	sn45.42-47:1.1	source-mapping
bodhi	sn45.42-47	sn45.42-47:1.2	source-mapping
bodhi	sn45.42-47	sn45.42-47:1.3	source-mapping
bodhi	sn45.42-47	sn45.42-47:1.4	source-mapping
bodhi	sn45.42-47	sn45.42-47:1.5	source-mapping
bodhi	sn45.42-47	sn45.42-47:1.6	source-mapping
bodhi	sn45.42-47	sn45.42-47:1.7	source-mapping
bodhi	sn45.42-47	sn45.42-47:1.8	source-mapping
bodhi	sn45.48	sn45.48:1.1	source-mapping
bodhi	sn45.48	sn45.48:1.2	source-mapping
bodhi	sn45.48	sn45.48:1.3	source-mapping
bodhi	sn45.48	sn45.48:1.4	source-mapping
bodhi	sn45.48	sn45.48:1.5	source-mapping
bodhi	sn45.48	sn45.48:1.6	source-mapping
bodhi	sn45.48	sn45.48:1.7	source-mapping
bodhi	sn45.48	sn45.48:1.8	source-mapping
bodhi	sn45.48	sn45.48:1.9	source-mapping
bodhi	sn45.48	sn45.48:1.10	source-mapping
bodhi	sn45.48	sn45.48:1.11	source-mapping
bodhi	sn45.48	sn45.48:1.12	source-mapping
bodhi	sn45.48	sn45.48:2.1	source-mapping
bodhi	sn45.48	sn45.48:2.2	source-mapping
bodhi	sn45.48	sn45.48:2.3	source-mapping
bodhi	sn45.48	sn45.48:2.4	source-mapping
bodhi	sn45.4	sn45.4:8.1	unreviewed-verse
bodhi	sn45.4	sn45.4:8.2	unreviewed-verse
bodhi	sn45.4	sn45.4:8.3	unreviewed-verse
bodhi	sn45.4	sn45.4:8.4	unreviewed-verse
bodhi	sn45.4	sn45.4:9.1	unreviewed-verse
bodhi	sn45.4	sn45.4:9.2	unreviewed-verse
bodhi	sn45.4	sn45.4:9.3	unreviewed-verse
bodhi	sn45.4	sn45.4:9.4	unreviewed-verse
bodhi	sn45.4	sn45.4:10.1	unreviewed-verse
bodhi	sn45.4	sn45.4:10.2	unreviewed-verse
bodhi	sn45.4	sn45.4:10.3	unreviewed-verse
bodhi	sn45.4	sn45.4:10.4	unreviewed-verse
bodhi	sn45.4	sn45.4:11.1	unreviewed-verse
bodhi	sn45.4	sn45.4:11.2	unreviewed-verse
bodhi	sn45.4	sn45.4:11.3	unreviewed-verse
bodhi	sn45.4	sn45.4:11.4	unreviewed-verse
bodhi	sn45.50-54	sn45.50-54:1.4	correspondence,source-mapping
bodhi	sn45.50-54	sn45.50-54:1.5	correspondence,source-mapping
bodhi	sn45.50-54	sn45.50-54:1.6	correspondence,source-mapping
bodhi	sn45.50-54	sn45.50-54:1.7	correspondence,source-mapping
bodhi	sn45.50-54	sn45.50-54:1.1	source-mapping
bodhi	sn45.50-54	sn45.50-54:1.2	source-mapping
bodhi	sn45.50-54	sn45.50-54:1.3	source-mapping
bodhi	sn45.55	sn45.55:1.1	source-mapping
bodhi	sn45.55	sn45.55:1.2	source-mapping
bodhi	sn45.55	sn45.55:1.3	source-mapping
bodhi	sn45.55	sn45.55:1.4	source-mapping
bodhi	sn45.55	sn45.55:1.5	source-mapping
bodhi	sn45.55	sn45.55:1.6	source-mapping
bodhi	sn45.57-61	sn45.57-61:1.1	source-mapping
bodhi	sn45.57-61	sn45.57-61:1.2	source-mapping
bodhi	sn45.57-61	sn45.57-61:1.3	source-mapping
bodhi	sn45.57-61	sn45.57-61:1.4	source-mapping
bodhi	sn45.57-61	sn45.57-61:1.5	source-mapping
bodhi	sn45.57-61	sn45.57-61:1.6	source-mapping
bodhi	sn45.62	sn45.62:1.1	source-mapping
bodhi	sn45.62	sn45.62:1.2	source-mapping
bodhi	sn45.62	sn45.62:1.3	source-mapping
bodhi	sn45.62	sn45.62:1.4	source-mapping
bodhi	sn45.62	sn45.62:1.5	source-mapping
bodhi	sn45.62	sn45.62:2.1	source-mapping
bodhi	sn45.62	sn45.62:2.2	source-mapping
bodhi	sn45.62	sn45.62:2.3	source-mapping
bodhi	sn45.62	sn45.62:2.4	source-mapping
bodhi	sn45.64-68	sn45.64-68:1.1	source-mapping
bodhi	sn45.64-68	sn45.64-68:1.2	source-mapping
bodhi	sn45.64-68	sn45.64-68:1.3	source-mapping
bodhi	sn45.64-68	sn45.64-68:1.4	source-mapping
bodhi	sn45.64-68	sn45.64-68:1.5	source-mapping
bodhi	sn45.64-68	sn45.64-68:1.6	source-mapping
bodhi	sn45.64-68	sn45.64-68:1.7	source-mapping
bodhi	sn45.69	sn45.69:1.1	source-mapping
bodhi	sn45.69	sn45.69:1.2	source-mapping
bodhi	sn45.69	sn45.69:1.3	source-mapping
bodhi	sn45.69	sn45.69:1.4	source-mapping
bodhi	sn45.69	sn45.69:1.5	source-mapping
bodhi	sn45.71-75	sn45.71-75:1.1	source-mapping
bodhi	sn45.71-75	sn45.71-75:1.2	source-mapping
bodhi	sn45.71-75	sn45.71-75:1.3	source-mapping
bodhi	sn45.71-75	sn45.71-75:1.4	source-mapping
bodhi	sn45.71-75	sn45.71-75:1.5	source-mapping
bodhi	sn45.71-75	sn45.71-75:1.6	source-mapping
bodhi	sn45.71-75	sn45.71-75:1.7	source-mapping
bodhi	sn45.71-75	sn45.71-75:1.8	source-mapping
bodhi	sn45.76	sn45.76:1.1	source-mapping
bodhi	sn45.76	sn45.76:1.2	source-mapping
bodhi	sn45.76	sn45.76:1.3	source-mapping
bodhi	sn45.76	sn45.76:1.4	source-mapping
bodhi	sn45.76	sn45.76:1.5	source-mapping
bodhi	sn45.76	sn45.76:2.1	source-mapping
bodhi	sn45.76	sn45.76:2.2	source-mapping
bodhi	sn45.76	sn45.76:2.3	source-mapping
bodhi	sn45.76	sn45.76:2.4	source-mapping
bodhi	sn45.78-82	sn45.78-82:1.1	source-mapping
bodhi	sn45.78-82	sn45.78-82:1.2	source-mapping
bodhi	sn45.78-82	sn45.78-82:1.3	source-mapping
bodhi	sn45.78-82	sn45.78-82:1.4	source-mapping
bodhi	sn45.78-82	sn45.78-82:1.5	source-mapping
bodhi	sn45.83	sn45.83:1.1	source-mapping
bodhi	sn45.83	sn45.83:1.2	source-mapping
bodhi	sn45.83	sn45.83:1.3	source-mapping
bodhi	sn45.83	sn45.83:1.4	source-mapping
bodhi	sn45.83	sn45.83:1.5	source-mapping
bodhi	sn45.85-89	sn45.85-89:1.1	source-mapping
bodhi	sn45.85-89	sn45.85-89:1.2	source-mapping
bodhi	sn45.85-89	sn45.85-89:1.3	source-mapping
bodhi	sn45.85-89	sn45.85-89:1.4	source-mapping
bodhi	sn45.85-89	sn45.85-89:1.5	source-mapping
bodhi	sn45.90	sn45.90:1.1	source-mapping
bodhi	sn45.90	sn45.90:1.2	source-mapping
bodhi	sn45.90	sn45.90:1.3	source-mapping
bodhi	sn45.90	sn45.90:1.4	source-mapping
bodhi	sn45.90	sn45.90:1.5	source-mapping
bodhi	sn45.90	sn45.90:2.1	source-mapping
bodhi	sn45.90	sn45.90:2.2	source-mapping
bodhi	sn45.90	sn45.90:2.3	source-mapping
bodhi	sn45.90	sn45.90:2.4	source-mapping
bodhi	sn45.92-95	sn45.92-95:1.1	source-mapping
bodhi	sn45.92-95	sn45.92-95:1.2	source-mapping
bodhi	sn45.92-95	sn45.92-95:1.3	source-mapping
bodhi	sn45.92-95	sn45.92-95:1.4	source-mapping
bodhi	sn45.92-95	sn45.92-95:1.5	source-mapping
bodhi	sn45.92-95	sn45.92-95:1.6	source-mapping
bodhi	sn45.92-95	sn45.92-95:1.7	source-mapping
bodhi	sn45.96	sn45.96:1.1	source-mapping
bodhi	sn45.96	sn45.96:1.2	source-mapping
bodhi	sn45.96	sn45.96:1.3	source-mapping
bodhi	sn45.96	sn45.96:1.4	source-mapping
bodhi	sn45.96	sn45.96:1.5	source-mapping
bodhi	sn45.96	sn45.96:1.6	source-mapping
bodhi	sn46.17	sn46.17:2.1	unreviewed-verse
bodhi	sn46.17	sn46.17:2.2	unreviewed-verse
bodhi	sn46.17	sn46.17:2.3	unreviewed-verse
bodhi	sn46.17	sn46.17:2.4	unreviewed-verse
bodhi	sn46.17	sn46.17:3.1	unreviewed-verse
bodhi	sn46.17	sn46.17:3.2	unreviewed-verse
bodhi	sn46.17	sn46.17:3.3	unreviewed-verse
bodhi	sn46.17	sn46.17:3.4	unreviewed-verse
bodhi	sn46.17	sn46.17:4.1	unreviewed-verse
bodhi	sn46.17	sn46.17:4.2	unreviewed-verse
bodhi	sn46.17	sn46.17:4.3	unreviewed-verse
bodhi	sn46.17	sn46.17:4.4	unreviewed-verse
bodhi	sn46.17	sn46.17:5.1	unreviewed-verse
bodhi	sn46.17	sn46.17:5.2	unreviewed-verse
bodhi	sn46.17	sn46.17:5.3	unreviewed-verse
bodhi	sn46.17	sn46.17:5.4	unreviewed-verse
bodhi	sn46.17	sn46.17:6.1	unreviewed-verse
bodhi	sn46.17	sn46.17:6.2	unreviewed-verse
bodhi	sn46.17	sn46.17:6.3	unreviewed-verse
bodhi	sn46.17	sn46.17:6.4	unreviewed-verse
bodhi	sn46.17	sn46.17:6.5	unreviewed-verse
bodhi	sn46.17	sn46.17:6.6	unreviewed-verse
bodhi	sn47.18	sn47.18:6.1	unreviewed-verse
bodhi	sn47.18	sn47.18:6.2	unreviewed-verse
bodhi	sn47.18	sn47.18:6.3	unreviewed-verse
bodhi	sn47.18	sn47.18:6.4	unreviewed-verse
bodhi	sn47.43	sn47.43:6.1	unreviewed-verse
bodhi	sn47.43	sn47.43:6.2	unreviewed-verse
bodhi	sn47.43	sn47.43:6.3	unreviewed-verse
bodhi	sn47.43	sn47.43:6.4	unreviewed-verse
bodhi	sn5.10	sn5.10:2.1	unreviewed-verse
bodhi	sn5.10	sn5.10:2.2	unreviewed-verse
bodhi	sn5.10	sn5.10:2.3	unreviewed-verse
bodhi	sn5.10	sn5.10:2.4	unreviewed-verse
bodhi	sn5.10	sn5.10:4.1	unreviewed-verse
bodhi	sn5.10	sn5.10:4.2	unreviewed-verse
bodhi	sn5.10	sn5.10:4.3	unreviewed-verse
bodhi	sn5.10	sn5.10:4.4	unreviewed-verse
bodhi	sn5.10	sn5.10:5.1	unreviewed-verse
bodhi	sn5.10	sn5.10:5.2	unreviewed-verse
bodhi	sn5.10	sn5.10:5.3	unreviewed-verse
bodhi	sn5.10	sn5.10:5.4	unreviewed-verse
bodhi	sn5.10	sn5.10:6.1	unreviewed-verse
bodhi	sn5.10	sn5.10:6.2	unreviewed-verse
bodhi	sn5.10	sn5.10:6.3	unreviewed-verse
bodhi	sn5.10	sn5.10:6.4	unreviewed-verse
bodhi	sn5.1	sn5.1:2.1	unreviewed-verse
bodhi	sn5.1	sn5.1:2.2	unreviewed-verse
bodhi	sn5.1	sn5.1:2.3	unreviewed-verse
bodhi	sn5.1	sn5.1:2.4	unreviewed-verse
bodhi	sn5.1	sn5.1:4.1	unreviewed-verse
bodhi	sn5.1	sn5.1:4.2	unreviewed-verse
bodhi	sn5.1	sn5.1:4.3	unreviewed-verse
bodhi	sn5.1	sn5.1:4.4	unreviewed-verse
bodhi	sn5.1	sn5.1:5.1	unreviewed-verse
bodhi	sn5.1	sn5.1:5.2	unreviewed-verse
bodhi	sn5.1	sn5.1:5.3	unreviewed-verse
bodhi	sn5.1	sn5.1:5.4	unreviewed-verse
bodhi	sn5.2	sn5.2:2.1	unreviewed-verse
bodhi	sn5.2	sn5.2:2.2	unreviewed-verse
bodhi	sn5.2	sn5.2:2.3	unreviewed-verse
bodhi	sn5.2	sn5.2:2.4	unreviewed-verse
bodhi	sn5.2	sn5.2:4.1	unreviewed-verse
bodhi	sn5.2	sn5.2:4.2	unreviewed-verse
bodhi	sn5.2	sn5.2:4.3	unreviewed-verse
bodhi	sn5.2	sn5.2:4.4	unreviewed-verse
bodhi	sn5.2	sn5.2:5.1	unreviewed-verse
bodhi	sn5.2	sn5.2:5.2	unreviewed-verse
bodhi	sn5.2	sn5.2:5.3	unreviewed-verse
bodhi	sn5.2	sn5.2:5.4	unreviewed-verse
bodhi	sn5.3	sn5.3:2.1	unreviewed-verse
bodhi	sn5.3	sn5.3:2.2	unreviewed-verse
bodhi	sn5.3	sn5.3:2.3	unreviewed-verse
bodhi	sn5.3	sn5.3:2.4	unreviewed-verse
bodhi	sn5.3	sn5.3:5.1	unreviewed-verse
bodhi	sn5.3	sn5.3:5.2	unreviewed-verse
bodhi	sn5.3	sn5.3:5.3	unreviewed-verse
bodhi	sn5.3	sn5.3:5.4	unreviewed-verse
bodhi	sn5.3	sn5.3:6.1	unreviewed-verse
bodhi	sn5.3	sn5.3:6.2	unreviewed-verse
bodhi	sn5.3	sn5.3:6.3	unreviewed-verse
bodhi	sn5.3	sn5.3:6.4	unreviewed-verse
bodhi	sn5.4	sn5.4:2.1	unreviewed-verse
bodhi	sn5.4	sn5.4:2.2	unreviewed-verse
bodhi	sn5.4	sn5.4:2.3	unreviewed-verse
bodhi	sn5.4	sn5.4:2.4	unreviewed-verse
bodhi	sn5.4	sn5.4:4.1	unreviewed-verse
bodhi	sn5.4	sn5.4:4.2	unreviewed-verse
bodhi	sn5.4	sn5.4:4.3	unreviewed-verse
bodhi	sn5.4	sn5.4:4.4	unreviewed-verse
bodhi	sn5.4	sn5.4:5.1	unreviewed-verse
bodhi	sn5.4	sn5.4:5.2	unreviewed-verse
bodhi	sn5.4	sn5.4:5.3	unreviewed-verse
bodhi	sn5.4	sn5.4:5.4	unreviewed-verse
bodhi	sn5.4	sn5.4:6.1	unreviewed-verse
bodhi	sn5.4	sn5.4:6.2	unreviewed-verse
bodhi	sn5.4	sn5.4:6.3	unreviewed-verse
bodhi	sn5.5	sn5.5:2.1	unreviewed-verse
bodhi	sn5.5	sn5.5:2.2	unreviewed-verse
bodhi	sn5.5	sn5.5:2.3	unreviewed-verse
bodhi	sn5.5	sn5.5:2.4	unreviewed-verse
bodhi	sn5.5	sn5.5:4.1	unreviewed-verse
bodhi	sn5.5	sn5.5:4.3	unreviewed-verse
bodhi	sn5.5	sn5.5:4.4	unreviewed-verse
bodhi	sn5.5	sn5.5:5.1	unreviewed-verse
bodhi	sn5.5	sn5.5:5.2	unreviewed-verse
bodhi	sn5.5	sn5.5:5.3	unreviewed-verse
bodhi	sn5.5	sn5.5:5.4	unreviewed-verse
bodhi	sn5.5	sn5.5:6.1	unreviewed-verse
bodhi	sn5.5	sn5.5:6.2	unreviewed-verse
bodhi	sn5.5	sn5.5:6.3	unreviewed-verse
bodhi	sn5.5	sn5.5:6.4	unreviewed-verse
bodhi	sn5.7	sn5.7:2.1	unreviewed-verse
bodhi	sn5.7	sn5.7:2.2	unreviewed-verse
bodhi	sn5.7	sn5.7:2.3	unreviewed-verse
bodhi	sn5.7	sn5.7:2.4	unreviewed-verse
bodhi	sn5.7	sn5.7:2.5	unreviewed-verse
bodhi	sn5.7	sn5.7:2.6	unreviewed-verse
bodhi	sn5.7	sn5.7:3.1	unreviewed-verse
bodhi	sn5.7	sn5.7:3.2	unreviewed-verse
bodhi	sn5.7	sn5.7:3.3	unreviewed-verse
bodhi	sn5.7	sn5.7:3.4	unreviewed-verse
bodhi	sn5.7	sn5.7:3.5	unreviewed-verse
bodhi	sn5.7	sn5.7:3.6	unreviewed-verse
bodhi	sn5.7	sn5.7:4.1	unreviewed-verse
bodhi	sn5.7	sn5.7:4.2	unreviewed-verse
bodhi	sn5.7	sn5.7:4.3	unreviewed-verse
bodhi	sn5.7	sn5.7:4.4	unreviewed-verse
bodhi	sn5.7	sn5.7:5.1	unreviewed-verse
bodhi	sn5.7	sn5.7:5.2	unreviewed-verse
bodhi	sn5.7	sn5.7:5.3	unreviewed-verse
bodhi	sn5.7	sn5.7:5.4	unreviewed-verse
bodhi	sn5.8	sn5.8:2.1	unreviewed-verse
bodhi	sn5.8	sn5.8:2.2	unreviewed-verse
bodhi	sn5.8	sn5.8:2.3	unreviewed-verse
bodhi	sn5.8	sn5.8:2.4	unreviewed-verse
bodhi	sn5.8	sn5.8:3.1	unreviewed-verse
bodhi	sn5.8	sn5.8:3.2	unreviewed-verse
bodhi	sn5.8	sn5.8:3.3	unreviewed-verse
bodhi	sn5.8	sn5.8:3.4	unreviewed-verse
bodhi	sn5.8	sn5.8:4.1	unreviewed-verse
bodhi	sn5.8	sn5.8:4.2	unreviewed-verse
bodhi	sn5.8	sn5.8:4.3	unreviewed-verse
bodhi	sn5.8	sn5.8:4.4	unreviewed-verse
bodhi	sn5.8	sn5.8:5.1	unreviewed-verse
bodhi	sn5.8	sn5.8:5.2	unreviewed-verse
bodhi	sn5.8	sn5.8:5.3	unreviewed-verse
bodhi	sn5.8	sn5.8:5.4	unreviewed-verse
bodhi	sn5.8	sn5.8:5.5	unreviewed-verse
bodhi	sn5.8	sn5.8:5.6	unreviewed-verse
bodhi	sn5.9	sn5.9:2.1	unreviewed-verse
bodhi	sn5.9	sn5.9:2.2	unreviewed-verse
bodhi	sn5.9	sn5.9:2.3	unreviewed-verse
bodhi	sn5.9	sn5.9:2.4	unreviewed-verse
bodhi	sn5.9	sn5.9:4.1	unreviewed-verse
bodhi	sn5.9	sn5.9:4.2	unreviewed-verse
bodhi	sn5.9	sn5.9:4.3	unreviewed-verse
bodhi	sn5.9	sn5.9:4.4	unreviewed-verse
bodhi	sn5.9	sn5.9:5.1	unreviewed-verse
bodhi	sn5.9	sn5.9:5.3	unreviewed-verse
bodhi	sn5.9	sn5.9:5.4	unreviewed-verse
bodhi	sn5.9	sn5.9:6.1	unreviewed-verse
bodhi	sn5.9	sn5.9:6.2	unreviewed-verse
bodhi	sn5.9	sn5.9:6.3	unreviewed-verse
bodhi	sn5.9	sn5.9:6.4	unreviewed-verse
bodhi	sn56.21	sn56.21:4.1	unreviewed-verse
bodhi	sn56.21	sn56.21:4.2	unreviewed-verse
bodhi	sn56.21	sn56.21:4.3	unreviewed-verse
bodhi	sn56.21	sn56.21:4.4	unreviewed-verse
bodhi	sn56.21	sn56.21:5.1	unreviewed-verse
bodhi	sn56.21	sn56.21:5.2	unreviewed-verse
bodhi	sn56.21	sn56.21:5.3	unreviewed-verse
bodhi	sn56.21	sn56.21:5.4	unreviewed-verse
bodhi	sn56.22	sn56.22:4.1	unreviewed-verse
bodhi	sn56.22	sn56.22:4.2	unreviewed-verse
bodhi	sn56.22	sn56.22:4.3	unreviewed-verse
bodhi	sn56.22	sn56.22:4.4	unreviewed-verse
bodhi	sn56.22	sn56.22:5.1	unreviewed-verse
bodhi	sn56.22	sn56.22:5.2	unreviewed-verse
bodhi	sn56.22	sn56.22:5.3	unreviewed-verse
bodhi	sn56.22	sn56.22:5.4	unreviewed-verse
bodhi	sn56.22	sn56.22:5.5	unreviewed-verse
bodhi	sn56.22	sn56.22:5.6	unreviewed-verse
bodhi	sn56.22	sn56.22:6.1	unreviewed-verse
bodhi	sn56.22	sn56.22:6.2	unreviewed-verse
bodhi	sn56.22	sn56.22:6.3	unreviewed-verse
bodhi	sn56.22	sn56.22:6.4	unreviewed-verse
bodhi	sn56.22	sn56.22:7.1	unreviewed-verse
bodhi	sn56.22	sn56.22:7.2	unreviewed-verse
bodhi	sn56.22	sn56.22:7.3	unreviewed-verse
bodhi	sn56.22	sn56.22:7.4	unreviewed-verse
bodhi	sn56.22	sn56.22:7.5	unreviewed-verse
bodhi	sn56.22	sn56.22:7.6	unreviewed-verse
thanissaro	an1.31-40	an1.39:1.1	historical-uncertainty
thanissaro	an1.71-81	an1.77:1.0	edition-variant
thanissaro	an1.71-81	an1.77:1.1	edition-variant
thanissaro	an1.71-81	an1.77:1.2	edition-variant
thanissaro	an1.71-81	an1.77:1.3	edition-variant
thanissaro	an1.71-81	an1.77:1.4	edition-variant
thanissaro	an1.71-81	an1.77:1.5	edition-variant
thanissaro	an1.71-81	an1.76:1.1	automatic-uncertainty
thanissaro	an10.118	an10.118:3.1	unreviewed-verse
thanissaro	an10.118	an10.118:3.2	unreviewed-verse
thanissaro	an10.118	an10.118:3.3	unreviewed-verse
thanissaro	an10.118	an10.118:3.4	unreviewed-verse
thanissaro	an10.118	an10.118:5.2	unreviewed-verse
thanissaro	an10.118	an10.118:5.3	unreviewed-verse
thanissaro	an10.118	an10.118:5.4	unreviewed-verse
thanissaro	an10.118	an10.118:6.1	unreviewed-verse
thanissaro	an10.118	an10.118:6.2	unreviewed-verse
thanissaro	an10.118	an10.118:6.3	unreviewed-verse
thanissaro	an10.118	an10.118:6.4	unreviewed-verse
thanissaro	an10.118	an10.118:7.1	unreviewed-verse
thanissaro	an10.118	an10.118:7.6	unreviewed-verse
thanissaro	an11.9	an11.9:4.1	unreviewed-verse
thanissaro	an11.9	an11.9:4.2	unreviewed-verse
thanissaro	an11.9	an11.9:4.3	unreviewed-verse
thanissaro	an11.9	an11.9:4.4	unreviewed-verse
thanissaro	an11.9	an11.9:6.1	unreviewed-verse
thanissaro	an11.9	an11.9:6.2	unreviewed-verse
thanissaro	an11.9	an11.9:6.3	unreviewed-verse
thanissaro	an11.9	an11.9:6.4	unreviewed-verse
thanissaro	an11.9	an11.9:8.1	unreviewed-verse
thanissaro	an11.9	an11.9:8.2	unreviewed-verse
thanissaro	an11.9	an11.9:8.3	unreviewed-verse
thanissaro	an11.9	an11.9:8.4	unreviewed-verse
thanissaro	an3.121	an3.121:4.1	unreviewed-verse
thanissaro	an3.121	an3.121:4.2	unreviewed-verse
thanissaro	an3.121	an3.121:4.3	unreviewed-verse
thanissaro	an3.121	an3.121:4.4	unreviewed-verse
thanissaro	an3.122	an3.122:4.1	unreviewed-verse
thanissaro	an3.122	an3.122:4.2	unreviewed-verse
thanissaro	an3.122	an3.122:4.3	unreviewed-verse
thanissaro	an3.122	an3.122:4.4	unreviewed-verse
thanissaro	an3.125	an3.125:1.1	edition-variant
thanissaro	an3.125	an3.125:1.2	edition-variant
thanissaro	an3.125	an3.125:1.3	edition-variant
thanissaro	an3.125	an3.125:1.4	edition-variant
thanissaro	an3.125	an3.125:1.5	edition-variant
thanissaro	an3.125	an3.125:2.1	edition-variant
thanissaro	an3.125	an3.125:2.2	edition-variant
thanissaro	an3.125	an3.125:2.3	edition-variant
thanissaro	an3.125	an3.125:2.4	edition-variant
thanissaro	an3.125	an3.125:2.5	edition-variant
thanissaro	an3.125	an3.125:2.6	edition-variant
thanissaro	an3.125	an3.125:3.1	edition-variant
thanissaro	an3.125	an3.125:3.2	edition-variant
thanissaro	an3.125	an3.125:3.3	edition-variant
thanissaro	an3.128	an3.128:6.1	unreviewed-verse
thanissaro	an3.128	an3.128:6.2	unreviewed-verse
thanissaro	an3.128	an3.128:6.3	unreviewed-verse
thanissaro	an3.128	an3.128:6.4	unreviewed-verse
thanissaro	an3.128	an3.128:7.1	unreviewed-verse
thanissaro	an3.128	an3.128:7.2	unreviewed-verse
thanissaro	an3.128	an3.128:7.3	unreviewed-verse
thanissaro	an3.128	an3.128:7.4	unreviewed-verse
thanissaro	an3.128	an3.128:8.1	unreviewed-verse
thanissaro	an3.128	an3.128:8.2	unreviewed-verse
thanissaro	an3.128	an3.128:8.3	unreviewed-verse
thanissaro	an3.128	an3.128:8.4	unreviewed-verse
thanissaro	an3.128	an3.128:9.1	unreviewed-verse
thanissaro	an3.128	an3.128:9.2	unreviewed-verse
thanissaro	an3.128	an3.128:9.3	unreviewed-verse
thanissaro	an3.128	an3.128:9.4	unreviewed-verse
thanissaro	an3.30	an3.30:4.1	unreviewed-verse
thanissaro	an3.30	an3.30:4.2	unreviewed-verse
thanissaro	an3.30	an3.30:4.3	unreviewed-verse
thanissaro	an3.30	an3.30:4.4	unreviewed-verse
thanissaro	an3.30	an3.30:5.1	unreviewed-verse
thanissaro	an3.30	an3.30:5.2	unreviewed-verse
thanissaro	an3.30	an3.30:5.3	unreviewed-verse
thanissaro	an3.30	an3.30:5.4	unreviewed-verse
thanissaro	an3.30	an3.30:6.1	unreviewed-verse
thanissaro	an3.30	an3.30:6.2	unreviewed-verse
thanissaro	an3.30	an3.30:6.3	unreviewed-verse
thanissaro	an3.30	an3.30:6.4	unreviewed-verse
thanissaro	an3.30	an3.30:7.1	unreviewed-verse
thanissaro	an3.30	an3.30:7.2	unreviewed-verse
thanissaro	an3.30	an3.30:7.3	unreviewed-verse
thanissaro	an3.30	an3.30:7.4	unreviewed-verse
thanissaro	an3.30	an3.30:7.5	unreviewed-verse
thanissaro	an3.30	an3.30:7.6	unreviewed-verse
thanissaro	an3.30	an3.30:8.1	unreviewed-verse
thanissaro	an3.30	an3.30:8.2	unreviewed-verse
thanissaro	an3.30	an3.30:8.3	unreviewed-verse
thanissaro	an3.30	an3.30:8.4	unreviewed-verse
thanissaro	an3.30	an3.30:9.1	unreviewed-verse
thanissaro	an3.30	an3.30:9.2	unreviewed-verse
thanissaro	an3.30	an3.30:9.3	unreviewed-verse
thanissaro	an3.30	an3.30:9.4	unreviewed-verse
thanissaro	an3.30	an3.30:10.1	unreviewed-verse
thanissaro	an3.30	an3.30:10.2	unreviewed-verse
thanissaro	an3.30	an3.30:10.3	unreviewed-verse
thanissaro	an3.30	an3.30:10.4	unreviewed-verse
thanissaro	an3.32	an3.32:6.1	unreviewed-verse
thanissaro	an3.32	an3.32:6.2	unreviewed-verse
thanissaro	an3.32	an3.32:6.3	unreviewed-verse
thanissaro	an3.32	an3.32:6.4	unreviewed-verse
thanissaro	an3.33	an3.33:4.1	unreviewed-verse
thanissaro	an3.33	an3.33:4.2	unreviewed-verse
thanissaro	an3.33	an3.33:4.3	unreviewed-verse
thanissaro	an3.33	an3.33:4.4	unreviewed-verse
thanissaro	an3.33	an3.33:5.1	unreviewed-verse
thanissaro	an3.33	an3.33:5.2	unreviewed-verse
thanissaro	an3.33	an3.33:5.3	unreviewed-verse
thanissaro	an3.33	an3.33:5.4	unreviewed-verse
thanissaro	an3.34	an3.34:13.1	unreviewed-verse
thanissaro	an3.34	an3.34:13.2	unreviewed-verse
thanissaro	an3.34	an3.34:13.3	unreviewed-verse
thanissaro	an3.34	an3.34:13.4	unreviewed-verse
thanissaro	an3.34	an3.34:13.5	unreviewed-verse
thanissaro	an3.34	an3.34:13.6	unreviewed-verse
thanissaro	an3.34	an3.34:14.1	unreviewed-verse
thanissaro	an3.34	an3.34:14.2	unreviewed-verse
thanissaro	an3.34	an3.34:14.3	unreviewed-verse
thanissaro	an3.34	an3.34:14.4	unreviewed-verse
thanissaro	an3.35	an3.35:8.1	unreviewed-verse
thanissaro	an3.35	an3.35:8.2	unreviewed-verse
thanissaro	an3.35	an3.35:8.3	unreviewed-verse
thanissaro	an3.35	an3.35:8.4	unreviewed-verse
thanissaro	an3.35	an3.35:9.1	unreviewed-verse
thanissaro	an3.35	an3.35:9.2	unreviewed-verse
thanissaro	an3.35	an3.35:9.3	unreviewed-verse
thanissaro	an3.35	an3.35:9.4	unreviewed-verse
thanissaro	an3.39	an3.39:8.1	unreviewed-verse
thanissaro	an3.39	an3.39:8.2	unreviewed-verse
thanissaro	an3.39	an3.39:8.3	unreviewed-verse
thanissaro	an3.39	an3.39:8.4	unreviewed-verse
thanissaro	an3.39	an3.39:9.1	unreviewed-verse
thanissaro	an3.39	an3.39:9.2	unreviewed-verse
thanissaro	an3.39	an3.39:9.3	unreviewed-verse
thanissaro	an3.39	an3.39:9.4	unreviewed-verse
thanissaro	an3.39	an3.39:10.1	unreviewed-verse
thanissaro	an3.39	an3.39:10.2	unreviewed-verse
thanissaro	an3.39	an3.39:10.3	unreviewed-verse
thanissaro	an3.39	an3.39:10.4	unreviewed-verse
thanissaro	an3.39	an3.39:11.1	unreviewed-verse
thanissaro	an3.39	an3.39:11.2	unreviewed-verse
thanissaro	an3.39	an3.39:11.3	unreviewed-verse
thanissaro	an3.39	an3.39:11.4	unreviewed-verse
thanissaro	an3.39	an3.39:12.1	unreviewed-verse
thanissaro	an3.39	an3.39:12.2	unreviewed-verse
thanissaro	an3.39	an3.39:12.3	unreviewed-verse
thanissaro	an3.39	an3.39:12.4	unreviewed-verse
thanissaro	an3.40	an3.40:4.1	unreviewed-verse
thanissaro	an3.40	an3.40:4.2	unreviewed-verse
thanissaro	an3.40	an3.40:4.3	unreviewed-verse
thanissaro	an3.40	an3.40:4.4	unreviewed-verse
thanissaro	an3.40	an3.40:5.1	unreviewed-verse
thanissaro	an3.40	an3.40:5.2	unreviewed-verse
thanissaro	an3.40	an3.40:5.3	unreviewed-verse
thanissaro	an3.40	an3.40:5.4	unreviewed-verse
thanissaro	an3.40	an3.40:6.1	unreviewed-verse
thanissaro	an3.40	an3.40:6.2	unreviewed-verse
thanissaro	an3.40	an3.40:6.3	unreviewed-verse
thanissaro	an3.40	an3.40:6.4	unreviewed-verse
thanissaro	an3.40	an3.40:6.5	unreviewed-verse
thanissaro	an3.40	an3.40:6.6	unreviewed-verse
thanissaro	an3.40	an3.40:7.1	unreviewed-verse
thanissaro	an3.40	an3.40:7.2	unreviewed-verse
thanissaro	an3.40	an3.40:7.3	unreviewed-verse
thanissaro	an3.40	an3.40:7.4	unreviewed-verse
thanissaro	an3.42	an3.42:2.1	unreviewed-verse
thanissaro	an3.42	an3.42:2.2	unreviewed-verse
thanissaro	an3.42	an3.42:2.3	unreviewed-verse
thanissaro	an3.42	an3.42:2.4	unreviewed-verse
thanissaro	an3.48	an3.48:3.1	unreviewed-verse
thanissaro	an3.48	an3.48:3.2	unreviewed-verse
thanissaro	an3.48	an3.48:3.3	unreviewed-verse
thanissaro	an3.48	an3.48:3.4	unreviewed-verse
thanissaro	an3.48	an3.48:4.1	unreviewed-verse
thanissaro	an3.48	an3.48:4.2	unreviewed-verse
thanissaro	an3.48	an3.48:4.3	unreviewed-verse
thanissaro	an3.48	an3.48:4.4	unreviewed-verse
thanissaro	an3.48	an3.48:4.5	unreviewed-verse
thanissaro	an3.48	an3.48:4.6	unreviewed-verse
thanissaro	an3.48	an3.48:5.1	unreviewed-verse
thanissaro	an3.48	an3.48:5.2	unreviewed-verse
thanissaro	an3.48	an3.48:5.3	unreviewed-verse
thanissaro	an3.48	an3.48:5.4	unreviewed-verse
thanissaro	an3.48	an3.48:6.1	unreviewed-verse
thanissaro	an3.48	an3.48:6.2	unreviewed-verse
thanissaro	an3.48	an3.48:6.3	unreviewed-verse
thanissaro	an3.48	an3.48:6.4	unreviewed-verse
thanissaro	an3.51	an3.51:3.2	unreviewed-verse
thanissaro	an3.51	an3.51:3.3	unreviewed-verse
thanissaro	an3.51	an3.51:3.4	unreviewed-verse
thanissaro	an3.51	an3.51:4.1	unreviewed-verse
thanissaro	an3.51	an3.51:4.2	unreviewed-verse
thanissaro	an3.51	an3.51:4.3	unreviewed-verse
thanissaro	an3.51	an3.51:4.4	unreviewed-verse
thanissaro	an3.52	an3.52:3.1	unreviewed-verse
thanissaro	an3.52	an3.52:3.2	unreviewed-verse
thanissaro	an3.52	an3.52:3.3	unreviewed-verse
thanissaro	an3.52	an3.52:3.4	unreviewed-verse
thanissaro	an3.52	an3.52:4.1	unreviewed-verse
thanissaro	an3.52	an3.52:4.2	unreviewed-verse
thanissaro	an3.52	an3.52:4.3	unreviewed-verse
thanissaro	an3.52	an3.52:4.4	unreviewed-verse
thanissaro	an3.52	an3.52:5.1	unreviewed-verse
thanissaro	an3.52	an3.52:5.2	unreviewed-verse
thanissaro	an3.52	an3.52:5.3	unreviewed-verse
thanissaro	an3.52	an3.52:5.4	unreviewed-verse
thanissaro	an3.57	an3.57:6.1	unreviewed-verse
thanissaro	an3.57	an3.57:6.2	unreviewed-verse
thanissaro	an3.57	an3.57:6.3	unreviewed-verse
thanissaro	an3.57	an3.57:6.4	unreviewed-verse
thanissaro	an3.57	an3.57:7.1	unreviewed-verse
thanissaro	an3.57	an3.57:7.2	unreviewed-verse
thanissaro	an3.57	an3.57:7.3	unreviewed-verse
thanissaro	an3.57	an3.57:7.4	unreviewed-verse
thanissaro	an3.57	an3.57:7.5	unreviewed-verse
thanissaro	an3.57	an3.57:7.6	unreviewed-verse
thanissaro	an3.57	an3.57:8.1	unreviewed-verse
thanissaro	an3.57	an3.57:8.2	unreviewed-verse
thanissaro	an3.57	an3.57:8.3	unreviewed-verse
thanissaro	an3.57	an3.57:8.4	unreviewed-verse
thanissaro	an3.57	an3.57:9.1	unreviewed-verse
thanissaro	an3.57	an3.57:9.2	unreviewed-verse
thanissaro	an3.57	an3.57:9.3	unreviewed-verse
thanissaro	an3.57	an3.57:9.4	unreviewed-verse
thanissaro	an3.57	an3.57:10.1	unreviewed-verse
thanissaro	an3.57	an3.57:10.2	unreviewed-verse
thanissaro	an3.57	an3.57:10.3	unreviewed-verse
thanissaro	an3.57	an3.57:10.4	unreviewed-verse
thanissaro	an3.57	an3.57:11.1	unreviewed-verse
thanissaro	an3.57	an3.57:11.2	unreviewed-verse
thanissaro	an3.57	an3.57:11.3	unreviewed-verse
thanissaro	an3.57	an3.57:11.4	unreviewed-verse
thanissaro	an3.57	an3.57:12.1	unreviewed-verse
thanissaro	an3.57	an3.57:12.2	unreviewed-verse
thanissaro	an3.57	an3.57:12.3	unreviewed-verse
thanissaro	an3.57	an3.57:12.4	unreviewed-verse
thanissaro	an3.57	an3.57:13.1	unreviewed-verse
thanissaro	an3.57	an3.57:13.2	unreviewed-verse
thanissaro	an3.57	an3.57:13.3	unreviewed-verse
thanissaro	an3.57	an3.57:13.4	unreviewed-verse
thanissaro	an3.57	an3.57:14.1	unreviewed-verse
thanissaro	an3.57	an3.57:14.2	unreviewed-verse
thanissaro	an3.57	an3.57:14.3	unreviewed-verse
thanissaro	an3.57	an3.57:14.4	unreviewed-verse
thanissaro	an3.67	an3.67:7.1	unreviewed-verse
thanissaro	an3.67	an3.67:7.2	unreviewed-verse
thanissaro	an3.67	an3.67:7.3	unreviewed-verse
thanissaro	an3.67	an3.67:7.4	unreviewed-verse
thanissaro	an3.67	an3.67:8.1	unreviewed-verse
thanissaro	an3.67	an3.67:8.2	unreviewed-verse
thanissaro	an3.67	an3.67:8.3	unreviewed-verse
thanissaro	an3.67	an3.67:8.4	unreviewed-verse
thanissaro	an3.67	an3.67:9.1	unreviewed-verse
thanissaro	an3.67	an3.67:9.2	unreviewed-verse
thanissaro	an3.67	an3.67:9.3	unreviewed-verse
thanissaro	an3.67	an3.67:9.4	unreviewed-verse
thanissaro	an3.67	an3.67:10.1	unreviewed-verse
thanissaro	an3.67	an3.67:10.2	unreviewed-verse
thanissaro	an3.67	an3.67:10.3	unreviewed-verse
thanissaro	an3.67	an3.67:10.4	unreviewed-verse
thanissaro	an3.67	an3.67:11.1	unreviewed-verse
thanissaro	an3.67	an3.67:11.2	unreviewed-verse
thanissaro	an3.67	an3.67:11.3	unreviewed-verse
thanissaro	an3.67	an3.67:11.4	unreviewed-verse
thanissaro	an3.67	an3.67:12.1	unreviewed-verse
thanissaro	an3.67	an3.67:12.2	unreviewed-verse
thanissaro	an3.67	an3.67:12.3	unreviewed-verse
thanissaro	an3.67	an3.67:12.4	unreviewed-verse
thanissaro	an3.67	an3.67:13.1	unreviewed-verse
thanissaro	an3.67	an3.67:13.2	unreviewed-verse
thanissaro	an3.67	an3.67:13.3	unreviewed-verse
thanissaro	an3.67	an3.67:13.4	unreviewed-verse
thanissaro	an3.67	an3.67:13.5	unreviewed-verse
thanissaro	an3.67	an3.67:13.6	unreviewed-verse
thanissaro	an3.70	an3.70:35.1	unreviewed-verse
thanissaro	an3.70	an3.70:35.2	unreviewed-verse
thanissaro	an3.70	an3.70:35.3	unreviewed-verse
thanissaro	an3.70	an3.70:35.4	unreviewed-verse
thanissaro	an3.70	an3.70:36.1	unreviewed-verse
thanissaro	an3.70	an3.70:36.2	unreviewed-verse
thanissaro	an3.70	an3.70:36.3	unreviewed-verse
thanissaro	an3.70	an3.70:36.4	unreviewed-verse
thanissaro	an3.70	an3.70:37.1	unreviewed-verse
thanissaro	an3.70	an3.70:37.2	unreviewed-verse
thanissaro	an3.70	an3.70:37.3	unreviewed-verse
thanissaro	an3.70	an3.70:37.4	unreviewed-verse
thanissaro	an3.70	an3.70:38.1	unreviewed-verse
thanissaro	an3.70	an3.70:38.2	unreviewed-verse
thanissaro	an3.70	an3.70:38.3	unreviewed-verse
thanissaro	an3.70	an3.70:38.4	unreviewed-verse
thanissaro	an3.70	an3.70:39.1	unreviewed-verse
thanissaro	an3.70	an3.70:39.2	unreviewed-verse
thanissaro	an3.70	an3.70:39.3	unreviewed-verse
thanissaro	an3.70	an3.70:40.1	unreviewed-verse
thanissaro	an3.70	an3.70:40.2	unreviewed-verse
thanissaro	an3.70	an3.70:40.3	unreviewed-verse
thanissaro	an3.70	an3.70:40.4	unreviewed-verse
thanissaro	an3.90	an3.90:5.1	unreviewed-verse
thanissaro	an3.90	an3.90:5.2	unreviewed-verse
thanissaro	an3.90	an3.90:5.3	unreviewed-verse
thanissaro	an3.90	an3.90:5.4	unreviewed-verse
thanissaro	an3.90	an3.90:6.1	unreviewed-verse
thanissaro	an3.90	an3.90:6.2	unreviewed-verse
thanissaro	an3.90	an3.90:6.3	unreviewed-verse
thanissaro	an3.90	an3.90:6.4	unreviewed-verse
thanissaro	an3.90	an3.90:7.1	unreviewed-verse
thanissaro	an3.90	an3.90:7.2	unreviewed-verse
thanissaro	an3.90	an3.90:7.3	unreviewed-verse
thanissaro	an3.90	an3.90:7.4	unreviewed-verse
thanissaro	an3.90	an3.90:8.1	unreviewed-verse
thanissaro	an3.90	an3.90:8.2	unreviewed-verse
thanissaro	an3.90	an3.90:8.3	unreviewed-verse
thanissaro	an3.90	an3.90:8.4	unreviewed-verse
thanissaro	an3.90	an3.90:9.1	unreviewed-verse
thanissaro	an3.90	an3.90:9.2	unreviewed-verse
thanissaro	an3.90	an3.90:9.3	unreviewed-verse
thanissaro	an3.90	an3.90:9.4	unreviewed-verse
thanissaro	an4.19	an4.19:3.1	unreviewed-verse
thanissaro	an4.19	an4.19:3.2	unreviewed-verse
thanissaro	an4.19	an4.19:3.3	unreviewed-verse
thanissaro	an4.19	an4.19:3.4	unreviewed-verse
thanissaro	an4.19	an4.19:4.1	unreviewed-verse,historical-uncertainty
thanissaro	an4.19	an4.19:4.2	unreviewed-verse
thanissaro	an4.19	an4.19:4.3	unreviewed-verse
thanissaro	an4.19	an4.19:4.4	unreviewed-verse
thanissaro	an4.19	an4.19:2.1	historical-uncertainty
thanissaro	an4.19	an4.19:2.4	historical-uncertainty
thanissaro	an4.1	an4.1:4.1	unreviewed-verse
thanissaro	an4.1	an4.1:4.2	unreviewed-verse
thanissaro	an4.1	an4.1:4.3	unreviewed-verse
thanissaro	an4.1	an4.1:4.4	unreviewed-verse
thanissaro	an4.1	an4.1:5.1	unreviewed-verse
thanissaro	an4.1	an4.1:5.2	unreviewed-verse
thanissaro	an4.1	an4.1:5.3	unreviewed-verse
thanissaro	an4.1	an4.1:5.4	unreviewed-verse
thanissaro	an4.24	an4.24:8.1	unreviewed-verse
thanissaro	an4.24	an4.24:8.2	unreviewed-verse
thanissaro	an4.24	an4.24:8.3	unreviewed-verse
thanissaro	an4.24	an4.24:8.4	unreviewed-verse
thanissaro	an4.24	an4.24:9.1	unreviewed-verse
thanissaro	an4.24	an4.24:9.2	unreviewed-verse
thanissaro	an4.24	an4.24:9.3	unreviewed-verse
thanissaro	an4.24	an4.24:9.4	unreviewed-verse
thanissaro	an4.28	an4.28:6.1	unreviewed-verse
thanissaro	an4.28	an4.28:6.2	unreviewed-verse
thanissaro	an4.28	an4.28:6.3	unreviewed-verse
thanissaro	an4.28	an4.28:6.4	unreviewed-verse
thanissaro	an4.28	an4.28:7.1	unreviewed-verse
thanissaro	an4.28	an4.28:7.2	unreviewed-verse
thanissaro	an4.28	an4.28:7.3	unreviewed-verse
thanissaro	an4.28	an4.28:7.4	unreviewed-verse
thanissaro	an4.28	an4.28:7.5	unreviewed-verse
thanissaro	an4.28	an4.28:7.6	unreviewed-verse
thanissaro	an4.31	an4.31:2.1	unreviewed-verse
thanissaro	an4.31	an4.31:2.2	unreviewed-verse
thanissaro	an4.31	an4.31:2.3	unreviewed-verse
thanissaro	an4.31	an4.31:2.4	unreviewed-verse
thanissaro	an4.31	an4.31:2.5	unreviewed-verse
thanissaro	an4.31	an4.31:2.6	unreviewed-verse
thanissaro	an4.32	an4.32:2.1	unreviewed-verse
thanissaro	an4.32	an4.32:2.2	unreviewed-verse
thanissaro	an4.32	an4.32:2.3	unreviewed-verse
thanissaro	an4.32	an4.32:2.4	unreviewed-verse
thanissaro	an4.32	an4.32:2.5	unreviewed-verse
thanissaro	an4.32	an4.32:2.6	unreviewed-verse
thanissaro	an4.32	an4.32:3.1	unreviewed-verse
thanissaro	an4.32	an4.32:3.2	unreviewed-verse
thanissaro	an4.32	an4.32:3.3	unreviewed-verse
thanissaro	an4.32	an4.32:3.4	unreviewed-verse
thanissaro	an4.32	an4.32:4.1	unreviewed-verse
thanissaro	an4.32	an4.32:4.2	unreviewed-verse
thanissaro	an4.32	an4.32:4.3	unreviewed-verse
thanissaro	an4.32	an4.32:4.4	unreviewed-verse
thanissaro	an4.33	an4.33:3.1	unreviewed-verse
thanissaro	an4.33	an4.33:3.2	unreviewed-verse
thanissaro	an4.33	an4.33:3.3	unreviewed-verse
thanissaro	an4.33	an4.33:3.4	unreviewed-verse
thanissaro	an4.33	an4.33:4.1	unreviewed-verse
thanissaro	an4.33	an4.33:4.2	unreviewed-verse
thanissaro	an4.33	an4.33:4.3	unreviewed-verse
thanissaro	an4.33	an4.33:4.4	unreviewed-verse
thanissaro	an4.33	an4.33:5.1	unreviewed-verse
thanissaro	an4.33	an4.33:5.2	unreviewed-verse
thanissaro	an4.33	an4.33:5.3	unreviewed-verse
thanissaro	an4.33	an4.33:5.4	unreviewed-verse
thanissaro	an4.33	an4.33:6.1	unreviewed-verse
thanissaro	an4.33	an4.33:6.2	unreviewed-verse
thanissaro	an4.33	an4.33:6.3	unreviewed-verse
thanissaro	an4.33	an4.33:6.4	unreviewed-verse
thanissaro	an4.34	an4.34:5.1	unreviewed-verse
thanissaro	an4.34	an4.34:5.2	unreviewed-verse
thanissaro	an4.34	an4.34:5.3	unreviewed-verse
thanissaro	an4.34	an4.34:5.4	unreviewed-verse
thanissaro	an4.34	an4.34:6.1	unreviewed-verse
thanissaro	an4.34	an4.34:6.2	unreviewed-verse
thanissaro	an4.34	an4.34:6.3	unreviewed-verse
thanissaro	an4.34	an4.34:6.4	unreviewed-verse
thanissaro	an4.34	an4.34:7.1	unreviewed-verse
thanissaro	an4.34	an4.34:7.2	unreviewed-verse
thanissaro	an4.34	an4.34:7.3	unreviewed-verse
thanissaro	an4.34	an4.34:7.4	unreviewed-verse
thanissaro	an4.34	an4.34:8.1	unreviewed-verse
thanissaro	an4.34	an4.34:8.2	unreviewed-verse
thanissaro	an4.34	an4.34:8.3	unreviewed-verse
thanissaro	an4.34	an4.34:8.4	unreviewed-verse
thanissaro	an4.35	an4.35:6.1	unreviewed-verse
thanissaro	an4.35	an4.35:6.2	unreviewed-verse
thanissaro	an4.35	an4.35:6.3	unreviewed-verse
thanissaro	an4.35	an4.35:6.4	unreviewed-verse
thanissaro	an4.35	an4.35:6.5	unreviewed-verse
thanissaro	an4.35	an4.35:6.6	unreviewed-verse
thanissaro	an4.35	an4.35:7.1	unreviewed-verse
thanissaro	an4.35	an4.35:7.2	unreviewed-verse
thanissaro	an4.35	an4.35:7.3	unreviewed-verse
thanissaro	an4.35	an4.35:7.4	unreviewed-verse
thanissaro	an4.36	an4.36:5.1	unreviewed-verse
thanissaro	an4.36	an4.36:5.2	unreviewed-verse
thanissaro	an4.36	an4.36:5.3	unreviewed-verse
thanissaro	an4.36	an4.36:5.4	unreviewed-verse
thanissaro	an4.36	an4.36:5.5	unreviewed-verse
thanissaro	an4.36	an4.36:5.6	unreviewed-verse
thanissaro	an4.36	an4.36:6.1	unreviewed-verse
thanissaro	an4.36	an4.36:6.2	unreviewed-verse
thanissaro	an4.36	an4.36:6.3	unreviewed-verse
thanissaro	an4.36	an4.36:6.4	unreviewed-verse
thanissaro	an4.37	an4.37:6.1	unreviewed-verse
thanissaro	an4.37	an4.37:6.2	unreviewed-verse
thanissaro	an4.37	an4.37:6.3	unreviewed-verse
thanissaro	an4.37	an4.37:6.4	unreviewed-verse
thanissaro	an4.37	an4.37:7.1	unreviewed-verse
thanissaro	an4.37	an4.37:7.2	unreviewed-verse
thanissaro	an4.37	an4.37:7.3	unreviewed-verse
thanissaro	an4.37	an4.37:7.4	unreviewed-verse
thanissaro	an4.37	an4.37:8.1	unreviewed-verse
thanissaro	an4.37	an4.37:8.2	unreviewed-verse
thanissaro	an4.37	an4.37:8.3	unreviewed-verse
thanissaro	an4.37	an4.37:8.4	unreviewed-verse
thanissaro	an4.38	an4.38:5.1	unreviewed-verse
thanissaro	an4.38	an4.38:5.2	unreviewed-verse
thanissaro	an4.38	an4.38:5.3	unreviewed-verse
thanissaro	an4.38	an4.38:5.4	unreviewed-verse
thanissaro	an4.38	an4.38:6.1	unreviewed-verse
thanissaro	an4.38	an4.38:6.2	unreviewed-verse
thanissaro	an4.38	an4.38:6.3	unreviewed-verse
thanissaro	an4.38	an4.38:6.4	unreviewed-verse
thanissaro	an4.38	an4.38:7.1	unreviewed-verse
thanissaro	an4.38	an4.38:7.2	unreviewed-verse
thanissaro	an4.38	an4.38:7.3	unreviewed-verse
thanissaro	an4.38	an4.38:7.4	unreviewed-verse
thanissaro	an4.41	an4.41:6.1	unreviewed-verse
thanissaro	an4.41	an4.41:6.2	unreviewed-verse
thanissaro	an4.41	an4.41:6.3	unreviewed-verse
thanissaro	an4.41	an4.41:6.4	unreviewed-verse
thanissaro	an4.42	an4.42:2.1	unreviewed-verse
thanissaro	an4.42	an4.42:2.2	unreviewed-verse
thanissaro	an4.42	an4.42:2.3	unreviewed-verse
thanissaro	an4.42	an4.42:2.4	unreviewed-verse
thanissaro	an4.42	an4.42:3.1	unreviewed-verse
thanissaro	an4.42	an4.42:3.2	unreviewed-verse
thanissaro	an4.42	an4.42:3.3	unreviewed-verse
thanissaro	an4.42	an4.42:3.4	unreviewed-verse
thanissaro	an4.42	an4.42:4.1	unreviewed-verse
thanissaro	an4.42	an4.42:4.2	unreviewed-verse
thanissaro	an4.42	an4.42:4.3	unreviewed-verse
thanissaro	an4.42	an4.42:4.4	unreviewed-verse
thanissaro	an4.42	an4.42:5.1	unreviewed-verse
thanissaro	an4.42	an4.42:5.2	unreviewed-verse
thanissaro	an4.42	an4.42:5.3	unreviewed-verse
thanissaro	an4.42	an4.42:5.4	unreviewed-verse
thanissaro	an4.45	an4.45:7.1	unreviewed-verse
thanissaro	an4.45	an4.45:7.2	unreviewed-verse
thanissaro	an4.45	an4.45:7.3	unreviewed-verse
thanissaro	an4.45	an4.45:7.4	unreviewed-verse
thanissaro	an4.45	an4.45:8.1	unreviewed-verse
thanissaro	an4.45	an4.45:8.2	unreviewed-verse
thanissaro	an4.45	an4.45:8.3	unreviewed-verse
thanissaro	an4.45	an4.45:8.4	unreviewed-verse
thanissaro	an4.49	an4.49:3.1	unreviewed-verse
thanissaro	an4.49	an4.49:3.2	unreviewed-verse
thanissaro	an4.49	an4.49:3.3	unreviewed-verse
thanissaro	an4.49	an4.49:3.4	unreviewed-verse
thanissaro	an4.49	an4.49:3.5	unreviewed-verse
thanissaro	an4.49	an4.49:3.6	unreviewed-verse
thanissaro	an4.49	an4.49:4.1	unreviewed-verse
thanissaro	an4.49	an4.49:4.2	unreviewed-verse
thanissaro	an4.49	an4.49:4.3	unreviewed-verse
thanissaro	an4.49	an4.49:4.4	unreviewed-verse
thanissaro	an4.49	an4.49:5.1	unreviewed-verse
thanissaro	an4.49	an4.49:5.2	unreviewed-verse
thanissaro	an4.49	an4.49:5.3	unreviewed-verse
thanissaro	an4.49	an4.49:5.4	unreviewed-verse
thanissaro	an4.49	an4.49:6.1	unreviewed-verse
thanissaro	an4.49	an4.49:6.2	unreviewed-verse
thanissaro	an4.49	an4.49:6.3	unreviewed-verse
thanissaro	an4.49	an4.49:6.4	unreviewed-verse
thanissaro	an4.49	an4.49:7.1	unreviewed-verse
thanissaro	an4.49	an4.49:7.2	unreviewed-verse
thanissaro	an4.49	an4.49:7.3	unreviewed-verse
thanissaro	an4.49	an4.49:7.4	unreviewed-verse
thanissaro	an4.50	an4.50:9.1	unreviewed-verse
thanissaro	an4.50	an4.50:9.4	unreviewed-verse
thanissaro	an4.50	an4.50:10.1	unreviewed-verse
thanissaro	an4.50	an4.50:10.2	unreviewed-verse
thanissaro	an4.50	an4.50:10.3	unreviewed-verse
thanissaro	an4.50	an4.50:10.4	unreviewed-verse
thanissaro	an4.50	an4.50:10.5	unreviewed-verse
thanissaro	an4.50	an4.50:10.6	unreviewed-verse
thanissaro	an4.50	an4.50:11.3	unreviewed-verse
thanissaro	an4.50	an4.50:11.4	unreviewed-verse
thanissaro	an4.50	an4.50:11.5	unreviewed-verse
thanissaro	an4.50	an4.50:11.6	unreviewed-verse
thanissaro	an4.50	an4.50:12.1	unreviewed-verse
thanissaro	an4.50	an4.50:12.2	unreviewed-verse
thanissaro	an4.50	an4.50:12.3	unreviewed-verse
thanissaro	an4.50	an4.50:12.4	unreviewed-verse
thanissaro	an4.52	an4.52:5.1	unreviewed-verse
thanissaro	an4.52	an4.52:5.2	unreviewed-verse
thanissaro	an4.52	an4.52:5.3	unreviewed-verse
thanissaro	an4.52	an4.52:5.4	unreviewed-verse
thanissaro	an4.52	an4.52:6.1	unreviewed-verse
thanissaro	an4.52	an4.52:6.2	unreviewed-verse
thanissaro	an4.52	an4.52:6.3	unreviewed-verse
thanissaro	an4.52	an4.52:6.4	unreviewed-verse
thanissaro	an4.52	an4.52:7.1	unreviewed-verse
thanissaro	an4.52	an4.52:7.2	unreviewed-verse
thanissaro	an4.52	an4.52:7.3	unreviewed-verse
thanissaro	an4.52	an4.52:7.4	unreviewed-verse
thanissaro	an4.53	an4.53:7.1	unreviewed-verse
thanissaro	an4.53	an4.53:7.2	unreviewed-verse
thanissaro	an4.53	an4.53:7.3	unreviewed-verse
thanissaro	an4.53	an4.53:7.4	unreviewed-verse
thanissaro	an4.53	an4.53:8.1	unreviewed-verse
thanissaro	an4.53	an4.53:8.2	unreviewed-verse
thanissaro	an4.53	an4.53:8.3	unreviewed-verse
thanissaro	an4.53	an4.53:8.4	unreviewed-verse
thanissaro	an4.53	an4.53:8.5	unreviewed-verse
thanissaro	an4.53	an4.53:8.6	unreviewed-verse
thanissaro	an4.53	an4.53:9.1	unreviewed-verse
thanissaro	an4.53	an4.53:9.2	unreviewed-verse
thanissaro	an4.53	an4.53:9.3	unreviewed-verse
thanissaro	an4.53	an4.53:9.4	unreviewed-verse
thanissaro	an4.53	an4.53:9.5	unreviewed-verse
thanissaro	an4.53	an4.53:9.6	unreviewed-verse
thanissaro	an4.53	an4.53:10.1	unreviewed-verse
thanissaro	an4.53	an4.53:10.2	unreviewed-verse
thanissaro	an4.53	an4.53:10.3	unreviewed-verse
thanissaro	an4.53	an4.53:10.4	unreviewed-verse
thanissaro	an4.53	an4.53:11.1	unreviewed-verse
thanissaro	an4.53	an4.53:11.2	unreviewed-verse
thanissaro	an4.53	an4.53:11.3	unreviewed-verse
thanissaro	an4.53	an4.53:11.4	unreviewed-verse
thanissaro	an4.53	an4.53:12.1	unreviewed-verse
thanissaro	an4.53	an4.53:12.2	unreviewed-verse
thanissaro	an4.53	an4.53:12.3	unreviewed-verse
thanissaro	an4.53	an4.53:12.4	unreviewed-verse
thanissaro	an4.55	an4.55:4.1	unreviewed-verse
thanissaro	an4.55	an4.55:4.2	unreviewed-verse
thanissaro	an4.55	an4.55:4.3	unreviewed-verse
thanissaro	an4.55	an4.55:4.4	unreviewed-verse
thanissaro	an4.55	an4.55:5.1	unreviewed-verse
thanissaro	an4.55	an4.55:5.2	unreviewed-verse
thanissaro	an4.55	an4.55:5.3	unreviewed-verse
thanissaro	an4.55	an4.55:5.4	unreviewed-verse
thanissaro	an4.55	an4.55:6.1	unreviewed-verse
thanissaro	an4.55	an4.55:6.2	unreviewed-verse
thanissaro	an4.55	an4.55:6.3	unreviewed-verse
thanissaro	an4.55	an4.55:6.4	unreviewed-verse
thanissaro	an4.5	an4.5:5.1	unreviewed-verse
thanissaro	an4.5	an4.5:5.2	unreviewed-verse
thanissaro	an4.5	an4.5:5.3	unreviewed-verse
thanissaro	an4.5	an4.5:5.4	unreviewed-verse
thanissaro	an4.5	an4.5:6.1	unreviewed-verse
thanissaro	an4.5	an4.5:6.2	unreviewed-verse
thanissaro	an4.5	an4.5:6.3	unreviewed-verse
thanissaro	an4.5	an4.5:6.4	unreviewed-verse
thanissaro	an4.5	an4.5:7.1	unreviewed-verse
thanissaro	an4.5	an4.5:7.2	unreviewed-verse
thanissaro	an4.5	an4.5:7.3	unreviewed-verse
thanissaro	an4.5	an4.5:7.4	unreviewed-verse
thanissaro	an4.5	an4.5:8.1	unreviewed-verse
thanissaro	an4.5	an4.5:8.2	unreviewed-verse
thanissaro	an4.5	an4.5:8.3	unreviewed-verse
thanissaro	an4.5	an4.5:8.4	unreviewed-verse
thanissaro	an4.62	an4.62:7.1	unreviewed-verse
thanissaro	an4.62	an4.62:7.2	unreviewed-verse
thanissaro	an4.62	an4.62:7.3	unreviewed-verse
thanissaro	an4.62	an4.62:7.4	unreviewed-verse
thanissaro	an4.62	an4.62:8.1	unreviewed-verse
thanissaro	an4.62	an4.62:8.2	unreviewed-verse
thanissaro	an4.62	an4.62:8.3	unreviewed-verse
thanissaro	an4.62	an4.62:8.4	unreviewed-verse
thanissaro	an4.67	an4.67:5.1	unreviewed-verse
thanissaro	an4.67	an4.67:5.2	unreviewed-verse
thanissaro	an4.67	an4.67:5.3	unreviewed-verse
thanissaro	an4.67	an4.67:5.4	unreviewed-verse
thanissaro	an4.67	an4.67:6.1	unreviewed-verse
thanissaro	an4.67	an4.67:6.2	unreviewed-verse
thanissaro	an4.67	an4.67:6.3	unreviewed-verse
thanissaro	an4.67	an4.67:6.4	unreviewed-verse
thanissaro	an4.67	an4.67:7.1	unreviewed-verse
thanissaro	an4.67	an4.67:7.2	unreviewed-verse
thanissaro	an4.67	an4.67:7.3	unreviewed-verse
thanissaro	an4.67	an4.67:7.4	unreviewed-verse
thanissaro	an4.67	an4.67:8.1	unreviewed-verse
thanissaro	an4.67	an4.67:8.2	unreviewed-verse
thanissaro	an4.67	an4.67:8.3	unreviewed-verse
thanissaro	an4.67	an4.67:8.4	unreviewed-verse
thanissaro	an4.67	an4.67:9.1	unreviewed-verse
thanissaro	an4.67	an4.67:9.2	unreviewed-verse
thanissaro	an4.67	an4.67:9.3	unreviewed-verse
thanissaro	an4.67	an4.67:9.4	unreviewed-verse
thanissaro	an4.67	an4.67:10.1	unreviewed-verse
thanissaro	an4.67	an4.67:10.2	unreviewed-verse
thanissaro	an4.67	an4.67:10.3	unreviewed-verse
thanissaro	an4.67	an4.67:10.4	unreviewed-verse
thanissaro	an4.67	an4.67:10.5	unreviewed-verse
thanissaro	an4.67	an4.67:10.6	unreviewed-verse
thanissaro	an5.179	an5.179:8.1	unreviewed-verse
thanissaro	an5.179	an5.179:8.2	unreviewed-verse
thanissaro	an5.179	an5.179:8.3	unreviewed-verse
thanissaro	an5.179	an5.179:8.4	unreviewed-verse
thanissaro	an5.179	an5.179:9.1	unreviewed-verse
thanissaro	an5.179	an5.179:9.2	unreviewed-verse
thanissaro	an5.179	an5.179:9.3	unreviewed-verse
thanissaro	an5.179	an5.179:9.4	unreviewed-verse
thanissaro	an5.179	an5.179:10.1	unreviewed-verse
thanissaro	an5.179	an5.179:10.2	unreviewed-verse
thanissaro	an5.179	an5.179:10.3	unreviewed-verse
thanissaro	an5.179	an5.179:10.4	unreviewed-verse
thanissaro	an5.179	an5.179:11.1	unreviewed-verse
thanissaro	an5.179	an5.179:11.2	unreviewed-verse
thanissaro	an5.179	an5.179:11.3	unreviewed-verse
thanissaro	an5.179	an5.179:11.4	unreviewed-verse
thanissaro	an5.179	an5.179:12.1	unreviewed-verse
thanissaro	an5.179	an5.179:12.2	unreviewed-verse
thanissaro	an5.179	an5.179:12.3	unreviewed-verse
thanissaro	an5.179	an5.179:12.4	unreviewed-verse
thanissaro	an5.179	an5.179:13.1	unreviewed-verse
thanissaro	an5.179	an5.179:13.2	unreviewed-verse
thanissaro	an5.179	an5.179:13.3	unreviewed-verse
thanissaro	an5.179	an5.179:13.4	unreviewed-verse
thanissaro	an5.179	an5.179:14.1	unreviewed-verse
thanissaro	an5.179	an5.179:14.2	unreviewed-verse
thanissaro	an5.179	an5.179:14.3	unreviewed-verse
thanissaro	an5.179	an5.179:14.4	unreviewed-verse
thanissaro	an5.179	an5.179:15.1	unreviewed-verse
thanissaro	an5.179	an5.179:15.2	unreviewed-verse
thanissaro	an5.179	an5.179:15.3	unreviewed-verse
thanissaro	an5.179	an5.179:15.4	unreviewed-verse
thanissaro	an5.179	an5.179:16.1	unreviewed-verse
thanissaro	an5.179	an5.179:16.2	unreviewed-verse
thanissaro	an5.179	an5.179:16.3	unreviewed-verse
thanissaro	an5.179	an5.179:16.4	unreviewed-verse
thanissaro	an5.179	an5.179:17.1	unreviewed-verse
thanissaro	an5.179	an5.179:17.2	unreviewed-verse
thanissaro	an5.179	an5.179:17.3	unreviewed-verse
thanissaro	an5.179	an5.179:17.4	unreviewed-verse
thanissaro	an5.179	an5.179:18.1	unreviewed-verse
thanissaro	an5.179	an5.179:18.2	unreviewed-verse
thanissaro	an5.179	an5.179:18.3	unreviewed-verse
thanissaro	an5.179	an5.179:18.4	unreviewed-verse
thanissaro	an5.179	an5.179:19.1	unreviewed-verse
thanissaro	an5.179	an5.179:19.2	unreviewed-verse
thanissaro	an5.179	an5.179:19.3	unreviewed-verse
thanissaro	an5.179	an5.179:19.4	unreviewed-verse
thanissaro	an5.179	an5.179:20.1	unreviewed-verse
thanissaro	an5.179	an5.179:20.2	unreviewed-verse
thanissaro	an5.179	an5.179:20.3	unreviewed-verse
thanissaro	an5.179	an5.179:20.4	unreviewed-verse
thanissaro	an5.179	an5.179:21.1	unreviewed-verse
thanissaro	an5.179	an5.179:21.2	unreviewed-verse
thanissaro	an5.179	an5.179:21.3	unreviewed-verse
thanissaro	an5.179	an5.179:21.4	unreviewed-verse
thanissaro	an5.179	an5.179:22.1	unreviewed-verse
thanissaro	an5.179	an5.179:22.2	unreviewed-verse
thanissaro	an5.179	an5.179:22.3	unreviewed-verse
thanissaro	an5.179	an5.179:22.4	unreviewed-verse
thanissaro	an5.254	an5.254:1.1	source-mapping
thanissaro	an5.254	an5.254:1.2	source-mapping
thanissaro	an5.254	an5.254:1.3	source-mapping
thanissaro	an5.254	an5.254:1.4	source-mapping
thanissaro	an5.254	an5.254:1.5	source-mapping
thanissaro	an5.255	an5.255:1.1	source-mapping
thanissaro	an5.255	an5.255:1.2	source-mapping
thanissaro	an5.255	an5.255:1.3	source-mapping
thanissaro	an5.255	an5.255:1.4	source-mapping
thanissaro	an5.255	an5.255:1.5	source-mapping
thanissaro	an5.256	an5.256:1.1	source-mapping
thanissaro	an5.256	an5.256:1.2	source-mapping
thanissaro	an5.256	an5.256:1.3	source-mapping
thanissaro	an5.256	an5.256:1.4	source-mapping
thanissaro	an5.256	an5.256:2.1	source-mapping
thanissaro	an5.256	an5.256:2.2	source-mapping
thanissaro	an5.256	an5.256:2.3	source-mapping
thanissaro	an5.256	an5.256:2.4	source-mapping
thanissaro	an5.257-263	an5.257-263:1.1	source-mapping
thanissaro	an5.257-263	an5.257-263:1.2	source-mapping
thanissaro	an5.257-263	an5.257-263:1.3	source-mapping
thanissaro	an5.257-263	an5.257-263:1.4	source-mapping
thanissaro	an5.257-263	an5.257-263:2.1	source-mapping
thanissaro	an5.257-263	an5.257-263:2.2	source-mapping
thanissaro	an5.257-263	an5.257-263:2.3	source-mapping
thanissaro	an5.257-263	an5.257-263:2.4	source-mapping
thanissaro	an5.264	an5.264:1.1	source-mapping
thanissaro	an5.264	an5.264:1.2	source-mapping
thanissaro	an5.264	an5.264:1.3	source-mapping
thanissaro	an5.264	an5.264:1.4	source-mapping
thanissaro	an5.264	an5.264:2.1	source-mapping
thanissaro	an5.264	an5.264:2.2	source-mapping
thanissaro	an5.264	an5.264:2.3	source-mapping
thanissaro	an5.264	an5.264:2.4	source-mapping
thanissaro	an5.265-271	an5.265-271:1.1	source-mapping
thanissaro	an5.265-271	an5.265-271:1.2	source-mapping
thanissaro	an5.265-271	an5.265-271:1.3	source-mapping
thanissaro	an5.265-271	an5.265-271:1.4	source-mapping
thanissaro	an5.265-271	an5.265-271:2.1	source-mapping
thanissaro	an5.265-271	an5.265-271:2.2	source-mapping
thanissaro	an5.265-271	an5.265-271:2.3	source-mapping
thanissaro	an5.265-271	an5.265-271:2.4	source-mapping
thanissaro	an5.31	an5.31:9.1	unreviewed-verse
thanissaro	an5.31	an5.31:9.2	unreviewed-verse
thanissaro	an5.31	an5.31:9.3	unreviewed-verse
thanissaro	an5.31	an5.31:9.4	unreviewed-verse
thanissaro	an5.31	an5.31:10.1	unreviewed-verse
thanissaro	an5.31	an5.31:10.2	unreviewed-verse
thanissaro	an5.31	an5.31:10.3	unreviewed-verse
thanissaro	an5.31	an5.31:10.4	unreviewed-verse
thanissaro	an5.31	an5.31:11.1	unreviewed-verse
thanissaro	an5.31	an5.31:11.2	unreviewed-verse
thanissaro	an5.31	an5.31:11.3	unreviewed-verse
thanissaro	an5.31	an5.31:11.4	unreviewed-verse
thanissaro	an5.31	an5.31:12.1	unreviewed-verse
thanissaro	an5.31	an5.31:12.2	unreviewed-verse
thanissaro	an5.31	an5.31:12.3	unreviewed-verse
thanissaro	an5.31	an5.31:12.4	unreviewed-verse
thanissaro	an5.31	an5.31:13.1	unreviewed-verse
thanissaro	an5.31	an5.31:13.2	unreviewed-verse
thanissaro	an5.31	an5.31:13.3	unreviewed-verse
thanissaro	an5.31	an5.31:13.4	unreviewed-verse
thanissaro	an5.34	an5.34:8.1	unreviewed-verse
thanissaro	an5.34	an5.34:8.2	unreviewed-verse
thanissaro	an5.34	an5.34:8.3	unreviewed-verse
thanissaro	an5.34	an5.34:8.4	unreviewed-verse
thanissaro	an5.34	an5.34:9.1	unreviewed-verse
thanissaro	an5.34	an5.34:9.2	unreviewed-verse
thanissaro	an5.34	an5.34:9.3	unreviewed-verse
thanissaro	an5.34	an5.34:9.4	unreviewed-verse
thanissaro	an5.34	an5.34:10.1	unreviewed-verse
thanissaro	an5.34	an5.34:10.2	unreviewed-verse
thanissaro	an5.34	an5.34:10.3	unreviewed-verse
thanissaro	an5.34	an5.34:10.4	unreviewed-verse
thanissaro	an5.34	an5.34:10.5	unreviewed-verse
thanissaro	an5.34	an5.34:10.6	unreviewed-verse
thanissaro	an5.36	an5.36:2.1	unreviewed-verse
thanissaro	an5.36	an5.36:2.2	unreviewed-verse
thanissaro	an5.36	an5.36:2.3	unreviewed-verse
thanissaro	an5.36	an5.36:2.4	unreviewed-verse
thanissaro	an5.36	an5.36:3.1	unreviewed-verse
thanissaro	an5.36	an5.36:3.2	unreviewed-verse
thanissaro	an5.36	an5.36:3.3	unreviewed-verse
thanissaro	an5.36	an5.36:3.4	unreviewed-verse
thanissaro	an5.36	an5.36:3.5	unreviewed-verse
thanissaro	an5.36	an5.36:3.6	unreviewed-verse
thanissaro	an5.36	an5.36:4.1	unreviewed-verse
thanissaro	an5.36	an5.36:4.2	unreviewed-verse
thanissaro	an5.36	an5.36:4.3	unreviewed-verse
thanissaro	an5.36	an5.36:4.4	unreviewed-verse
thanissaro	an5.37	an5.37:2.1	unreviewed-verse
thanissaro	an5.37	an5.37:2.2	unreviewed-verse
thanissaro	an5.37	an5.37:2.3	unreviewed-verse
thanissaro	an5.37	an5.37:2.4	unreviewed-verse
thanissaro	an5.37	an5.37:3.1	unreviewed-verse
thanissaro	an5.37	an5.37:3.2	unreviewed-verse
thanissaro	an5.37	an5.37:3.3	unreviewed-verse
thanissaro	an5.37	an5.37:3.4	unreviewed-verse
thanissaro	an5.38	an5.38:3.1	unreviewed-verse
thanissaro	an5.38	an5.38:3.2	unreviewed-verse
thanissaro	an5.38	an5.38:3.3	unreviewed-verse
thanissaro	an5.38	an5.38:3.4	unreviewed-verse
thanissaro	an5.38	an5.38:4.1	unreviewed-verse
thanissaro	an5.38	an5.38:4.2	unreviewed-verse
thanissaro	an5.38	an5.38:4.3	unreviewed-verse
thanissaro	an5.38	an5.38:4.4	unreviewed-verse
thanissaro	an5.38	an5.38:5.1	unreviewed-verse
thanissaro	an5.38	an5.38:5.2	unreviewed-verse
thanissaro	an5.38	an5.38:5.3	unreviewed-verse
thanissaro	an5.38	an5.38:5.4	unreviewed-verse
thanissaro	an5.38	an5.38:6.1	unreviewed-verse
thanissaro	an5.38	an5.38:6.2	unreviewed-verse
thanissaro	an5.38	an5.38:6.3	unreviewed-verse
thanissaro	an5.38	an5.38:6.4	unreviewed-verse
thanissaro	an5.38	an5.38:7.1	unreviewed-verse
thanissaro	an5.38	an5.38:7.2	unreviewed-verse
thanissaro	an5.38	an5.38:7.3	unreviewed-verse
thanissaro	an5.38	an5.38:7.4	unreviewed-verse
thanissaro	an5.41	an5.41:7.1	unreviewed-verse
thanissaro	an5.41	an5.41:7.2	unreviewed-verse
thanissaro	an5.41	an5.41:7.3	unreviewed-verse
thanissaro	an5.41	an5.41:7.4	unreviewed-verse
thanissaro	an5.41	an5.41:7.5	unreviewed-verse
thanissaro	an5.41	an5.41:7.6	unreviewed-verse
thanissaro	an5.41	an5.41:8.1	unreviewed-verse
thanissaro	an5.41	an5.41:8.2	unreviewed-verse
thanissaro	an5.41	an5.41:8.3	unreviewed-verse
thanissaro	an5.41	an5.41:8.4	unreviewed-verse
thanissaro	an5.41	an5.41:9.1	unreviewed-verse
thanissaro	an5.41	an5.41:9.2	unreviewed-verse
thanissaro	an5.41	an5.41:9.3	unreviewed-verse
thanissaro	an5.41	an5.41:9.4	unreviewed-verse
thanissaro	an5.43	an5.43:9.2	unreviewed-verse
thanissaro	an5.57	an5.57:12.3	unreviewed-verse
thanissaro	an5.57	an5.57:12.4	unreviewed-verse
thanissaro	an5.57	an5.57:13.1	unreviewed-verse
thanissaro	an5.57	an5.57:13.2	unreviewed-verse
thanissaro	an5.57	an5.57:13.3	unreviewed-verse
thanissaro	an5.57	an5.57:13.4	unreviewed-verse
thanissaro	an5.57	an5.57:14.1	unreviewed-verse
thanissaro	an5.57	an5.57:14.2	unreviewed-verse
thanissaro	an5.57	an5.57:14.3	unreviewed-verse
thanissaro	an5.57	an5.57:14.4	unreviewed-verse
thanissaro	an5.57	an5.57:15.1	unreviewed-verse
thanissaro	an5.57	an5.57:15.2	unreviewed-verse
thanissaro	an5.57	an5.57:15.3	unreviewed-verse
thanissaro	an5.57	an5.57:15.4	unreviewed-verse
thanissaro	an5.57	an5.57:16.1	unreviewed-verse
thanissaro	an5.57	an5.57:16.2	unreviewed-verse
thanissaro	an5.57	an5.57:16.3	unreviewed-verse
thanissaro	an5.57	an5.57:16.4	unreviewed-verse
thanissaro	an6.37	an6.37:6.1	unreviewed-verse
thanissaro	an6.37	an6.37:6.2	unreviewed-verse
thanissaro	an6.37	an6.37:6.3	unreviewed-verse
thanissaro	an6.37	an6.37:6.4	unreviewed-verse
thanissaro	an6.37	an6.37:7.1	unreviewed-verse
thanissaro	an6.37	an6.37:7.2	unreviewed-verse
thanissaro	an6.37	an6.37:7.3	unreviewed-verse
thanissaro	an6.37	an6.37:7.4	unreviewed-verse
thanissaro	an6.37	an6.37:8.1	unreviewed-verse
thanissaro	an6.37	an6.37:8.2	unreviewed-verse
thanissaro	an6.37	an6.37:8.3	unreviewed-verse
thanissaro	an6.37	an6.37:8.4	unreviewed-verse
thanissaro	an6.37	an6.37:9.1	unreviewed-verse
thanissaro	an6.37	an6.37:9.2	unreviewed-verse
thanissaro	an6.37	an6.37:9.3	unreviewed-verse
thanissaro	an6.37	an6.37:9.4	unreviewed-verse
thanissaro	an6.43	an6.43:5.1	unreviewed-verse
thanissaro	an6.43	an6.43:5.2	unreviewed-verse
thanissaro	an6.43	an6.43:5.3	unreviewed-verse
thanissaro	an6.43	an6.43:5.4	unreviewed-verse
thanissaro	an6.43	an6.43:6.1	unreviewed-verse
thanissaro	an6.43	an6.43:6.2	unreviewed-verse
thanissaro	an6.43	an6.43:6.3	unreviewed-verse
thanissaro	an6.43	an6.43:6.4	unreviewed-verse
thanissaro	an6.43	an6.43:7.1	unreviewed-verse
thanissaro	an6.43	an6.43:7.2	unreviewed-verse
thanissaro	an6.43	an6.43:7.3	unreviewed-verse
thanissaro	an6.43	an6.43:7.4	unreviewed-verse
thanissaro	an6.43	an6.43:8.1	unreviewed-verse
thanissaro	an6.43	an6.43:8.2	unreviewed-verse
thanissaro	an6.43	an6.43:8.3	unreviewed-verse
thanissaro	an6.43	an6.43:8.4	unreviewed-verse
thanissaro	an6.43	an6.43:9.1	unreviewed-verse
thanissaro	an6.43	an6.43:9.2	unreviewed-verse
thanissaro	an6.43	an6.43:9.3	unreviewed-verse
thanissaro	an6.43	an6.43:9.4	unreviewed-verse
thanissaro	an6.43	an6.43:10.1	unreviewed-verse
thanissaro	an6.43	an6.43:10.2	unreviewed-verse
thanissaro	an6.43	an6.43:10.3	unreviewed-verse
thanissaro	an6.43	an6.43:10.4	unreviewed-verse
thanissaro	an6.43	an6.43:11.1	unreviewed-verse
thanissaro	an6.43	an6.43:11.2	unreviewed-verse
thanissaro	an6.43	an6.43:11.3	unreviewed-verse
thanissaro	an6.43	an6.43:11.4	unreviewed-verse
thanissaro	an6.43	an6.43:12.1	unreviewed-verse
thanissaro	an6.43	an6.43:12.2	unreviewed-verse
thanissaro	an6.43	an6.43:12.3	unreviewed-verse
thanissaro	an6.43	an6.43:12.4	unreviewed-verse
thanissaro	an6.43	an6.43:13.1	unreviewed-verse
thanissaro	an6.43	an6.43:13.2	unreviewed-verse
thanissaro	an6.43	an6.43:13.3	unreviewed-verse
thanissaro	an6.43	an6.43:13.4	unreviewed-verse
thanissaro	an6.43	an6.43:14.1	unreviewed-verse
thanissaro	an6.43	an6.43:14.2	unreviewed-verse
thanissaro	an6.43	an6.43:14.3	unreviewed-verse
thanissaro	an6.43	an6.43:14.4	unreviewed-verse
thanissaro	an6.43	an6.43:15.1	unreviewed-verse
thanissaro	an6.43	an6.43:15.2	unreviewed-verse
thanissaro	an6.43	an6.43:15.3	unreviewed-verse
thanissaro	an6.43	an6.43:15.4	unreviewed-verse
thanissaro	an6.43	an6.43:16.1	unreviewed-verse
thanissaro	an6.43	an6.43:16.2	unreviewed-verse
thanissaro	an6.43	an6.43:16.3	unreviewed-verse
thanissaro	an6.43	an6.43:16.4	unreviewed-verse
thanissaro	an6.43	an6.43:17.1	unreviewed-verse
thanissaro	an6.43	an6.43:17.2	unreviewed-verse
thanissaro	an6.43	an6.43:17.3	unreviewed-verse
thanissaro	an6.43	an6.43:17.4	unreviewed-verse
thanissaro	an6.43	an6.43:18.1	unreviewed-verse
thanissaro	an6.43	an6.43:18.2	unreviewed-verse
thanissaro	an6.43	an6.43:18.3	unreviewed-verse
thanissaro	an6.43	an6.43:18.4	unreviewed-verse
thanissaro	an6.43	an6.43:19.1	unreviewed-verse
thanissaro	an6.43	an6.43:19.2	unreviewed-verse
thanissaro	an6.43	an6.43:19.3	unreviewed-verse
thanissaro	an6.43	an6.43:19.4	unreviewed-verse
thanissaro	an6.43	an6.43:20.1	unreviewed-verse
thanissaro	an6.43	an6.43:20.2	unreviewed-verse
thanissaro	an6.43	an6.43:20.3	unreviewed-verse
thanissaro	an6.43	an6.43:20.4	unreviewed-verse
thanissaro	an6.45	an6.45:13.1	unreviewed-verse
thanissaro	an6.45	an6.45:13.2	unreviewed-verse
thanissaro	an6.45	an6.45:13.3	unreviewed-verse
thanissaro	an6.45	an6.45:13.4	unreviewed-verse
thanissaro	an6.45	an6.45:14.1	unreviewed-verse
thanissaro	an6.45	an6.45:14.2	unreviewed-verse
thanissaro	an6.45	an6.45:14.3	unreviewed-verse
thanissaro	an6.45	an6.45:14.4	unreviewed-verse
thanissaro	an6.45	an6.45:15.1	unreviewed-verse
thanissaro	an6.45	an6.45:15.2	unreviewed-verse
thanissaro	an6.45	an6.45:15.3	unreviewed-verse
thanissaro	an6.45	an6.45:15.4	unreviewed-verse
thanissaro	an6.45	an6.45:16.1	unreviewed-verse
thanissaro	an6.45	an6.45:16.2	unreviewed-verse
thanissaro	an6.45	an6.45:16.3	unreviewed-verse
thanissaro	an6.45	an6.45:16.4	unreviewed-verse
thanissaro	an6.45	an6.45:17.1	unreviewed-verse
thanissaro	an6.45	an6.45:17.2	unreviewed-verse
thanissaro	an6.45	an6.45:17.3	unreviewed-verse
thanissaro	an6.45	an6.45:17.4	unreviewed-verse
thanissaro	an6.45	an6.45:18.1	unreviewed-verse
thanissaro	an6.45	an6.45:18.2	unreviewed-verse
thanissaro	an6.45	an6.45:18.3	unreviewed-verse
thanissaro	an6.45	an6.45:18.4	unreviewed-verse
thanissaro	an6.45	an6.45:19.1	unreviewed-verse
thanissaro	an6.45	an6.45:19.2	unreviewed-verse
thanissaro	an6.45	an6.45:19.3	unreviewed-verse
thanissaro	an6.45	an6.45:19.4	unreviewed-verse
thanissaro	an6.45	an6.45:20.1	unreviewed-verse
thanissaro	an6.45	an6.45:20.2	unreviewed-verse
thanissaro	an6.45	an6.45:20.3	unreviewed-verse
thanissaro	an6.45	an6.45:20.4	unreviewed-verse
thanissaro	an6.45	an6.45:21.1	unreviewed-verse
thanissaro	an6.45	an6.45:21.2	unreviewed-verse
thanissaro	an6.45	an6.45:21.3	unreviewed-verse
thanissaro	an6.45	an6.45:21.4	unreviewed-verse
thanissaro	an6.45	an6.45:22.1	unreviewed-verse
thanissaro	an6.45	an6.45:22.2	unreviewed-verse
thanissaro	an6.45	an6.45:22.3	unreviewed-verse
thanissaro	an6.45	an6.45:22.4	unreviewed-verse
thanissaro	an6.45	an6.45:22.5	unreviewed-verse
thanissaro	an6.45	an6.45:22.6	unreviewed-verse
thanissaro	an6.45	an6.45:23.1	unreviewed-verse
thanissaro	an6.45	an6.45:23.2	unreviewed-verse
thanissaro	an6.45	an6.45:23.3	unreviewed-verse
thanissaro	an6.45	an6.45:23.4	unreviewed-verse
thanissaro	an6.45	an6.45:24.1	unreviewed-verse
thanissaro	an6.45	an6.45:24.2	unreviewed-verse
thanissaro	an6.45	an6.45:24.3	unreviewed-verse
thanissaro	an6.45	an6.45:24.4	unreviewed-verse
thanissaro	an6.45	an6.45:25.1	unreviewed-verse
thanissaro	an6.45	an6.45:25.2	unreviewed-verse
thanissaro	an6.45	an6.45:25.3	unreviewed-verse
thanissaro	an6.45	an6.45:25.4	unreviewed-verse
thanissaro	an6.45	an6.45:26.1	unreviewed-verse
thanissaro	an6.45	an6.45:26.2	unreviewed-verse
thanissaro	an6.45	an6.45:26.3	unreviewed-verse
thanissaro	an6.45	an6.45:26.4	unreviewed-verse
thanissaro	an6.45	an6.45:27.1	unreviewed-verse
thanissaro	an6.45	an6.45:27.2	unreviewed-verse
thanissaro	an6.45	an6.45:27.3	unreviewed-verse
thanissaro	an6.45	an6.45:27.4	unreviewed-verse
thanissaro	an6.45	an6.45:28.1	unreviewed-verse
thanissaro	an6.45	an6.45:28.2	unreviewed-verse
thanissaro	an6.45	an6.45:28.3	unreviewed-verse
thanissaro	an6.45	an6.45:28.4	unreviewed-verse
thanissaro	an6.49	an6.49:5.1	unreviewed-verse
thanissaro	an6.49	an6.49:5.2	unreviewed-verse
thanissaro	an6.49	an6.49:5.3	unreviewed-verse
thanissaro	an6.49	an6.49:5.4	unreviewed-verse
thanissaro	an6.55	an6.55:18.1	unreviewed-verse
thanissaro	an6.55	an6.55:18.2	unreviewed-verse
thanissaro	an6.55	an6.55:18.3	unreviewed-verse
thanissaro	an6.55	an6.55:18.4	unreviewed-verse
thanissaro	an6.55	an6.55:19.1	unreviewed-verse
thanissaro	an6.55	an6.55:19.2	unreviewed-verse
thanissaro	an6.55	an6.55:19.3	unreviewed-verse
thanissaro	an6.55	an6.55:19.4	unreviewed-verse
thanissaro	an6.55	an6.55:20.1	unreviewed-verse
thanissaro	an6.55	an6.55:20.2	unreviewed-verse
thanissaro	an6.55	an6.55:20.3	unreviewed-verse
thanissaro	an6.55	an6.55:20.4	unreviewed-verse
thanissaro	an6.55	an6.55:21.1	unreviewed-verse
thanissaro	an6.55	an6.55:21.2	unreviewed-verse
thanissaro	an6.55	an6.55:21.3	unreviewed-verse
thanissaro	an6.55	an6.55:21.4	unreviewed-verse
thanissaro	an6.55	an6.55:22.1	unreviewed-verse
thanissaro	an6.55	an6.55:22.2	unreviewed-verse
thanissaro	an6.55	an6.55:22.3	unreviewed-verse
thanissaro	an6.55	an6.55:22.4	unreviewed-verse
thanissaro	an6.61	an6.61:2.1	unreviewed-verse
thanissaro	an6.61	an6.61:2.2	unreviewed-verse
thanissaro	an6.61	an6.61:2.3	unreviewed-verse
thanissaro	an6.61	an6.61:2.4	unreviewed-verse
thanissaro	an6.61	an6.61:11.1	unreviewed-verse
thanissaro	an6.61	an6.61:11.2	unreviewed-verse
thanissaro	an6.61	an6.61:11.3	unreviewed-verse
thanissaro	an6.61	an6.61:11.4	unreviewed-verse
thanissaro	an6.63	an6.63:8.10	unreviewed-verse
thanissaro	an6.63	an6.63:8.11	unreviewed-verse
thanissaro	an6.63	an6.63:8.12	unreviewed-verse
thanissaro	an6.63	an6.63:8.13	unreviewed-verse
thanissaro	an6.63	an6.63:8.14	unreviewed-verse
thanissaro	an7.32	an7.32:4.1	unreviewed-verse
thanissaro	an7.32	an7.32:4.2	unreviewed-verse
thanissaro	an7.32	an7.32:4.3	unreviewed-verse
thanissaro	an7.32	an7.32:4.4	unreviewed-verse
thanissaro	an7.32	an7.32:5.1	unreviewed-verse
thanissaro	an7.32	an7.32:5.2	unreviewed-verse
thanissaro	an7.32	an7.32:5.3	unreviewed-verse
thanissaro	an7.32	an7.32:5.4	unreviewed-verse
thanissaro	an7.33	an7.33:2.1	unreviewed-verse
thanissaro	an7.33	an7.33:2.2	unreviewed-verse
thanissaro	an7.33	an7.33:2.3	unreviewed-verse
thanissaro	an7.33	an7.33:2.4	unreviewed-verse
thanissaro	an7.33	an7.33:3.1	unreviewed-verse
thanissaro	an7.33	an7.33:3.2	unreviewed-verse
thanissaro	an7.33	an7.33:3.3	unreviewed-verse
thanissaro	an7.33	an7.33:3.4	unreviewed-verse
thanissaro	an7.34	an7.34:2.1	unreviewed-verse
thanissaro	an7.34	an7.34:2.2	unreviewed-verse
thanissaro	an7.34	an7.34:2.3	unreviewed-verse
thanissaro	an7.34	an7.34:2.4	unreviewed-verse
thanissaro	an7.34	an7.34:3.1	unreviewed-verse
thanissaro	an7.34	an7.34:3.2	unreviewed-verse
thanissaro	an7.34	an7.34:3.3	unreviewed-verse
thanissaro	an7.34	an7.34:3.4	unreviewed-verse
thanissaro	an7.36	an7.36:2.1	unreviewed-verse
thanissaro	an7.36	an7.36:2.2	unreviewed-verse
thanissaro	an7.36	an7.36:2.3	unreviewed-verse
thanissaro	an7.36	an7.36:2.4	unreviewed-verse
thanissaro	an7.36	an7.36:3.1	unreviewed-verse
thanissaro	an7.36	an7.36:3.2	unreviewed-verse
thanissaro	an7.36	an7.36:3.3	unreviewed-verse
thanissaro	an7.36	an7.36:4.2	unreviewed-verse
thanissaro	an7.36	an7.36:4.4	unreviewed-verse
thanissaro	an7.64	an7.64:9.1	unreviewed-verse
thanissaro	an7.64	an7.64:9.2	unreviewed-verse
thanissaro	an7.64	an7.64:9.3	unreviewed-verse
thanissaro	an7.64	an7.64:9.4	unreviewed-verse
thanissaro	an7.64	an7.64:10.1	unreviewed-verse
thanissaro	an7.64	an7.64:10.2	unreviewed-verse
thanissaro	an7.64	an7.64:10.3	unreviewed-verse
thanissaro	an7.64	an7.64:10.4	unreviewed-verse
thanissaro	an7.64	an7.64:11.1	unreviewed-verse
thanissaro	an7.64	an7.64:11.2	unreviewed-verse
thanissaro	an7.64	an7.64:12.2	unreviewed-verse
thanissaro	an7.64	an7.64:12.3	unreviewed-verse
thanissaro	an7.64	an7.64:12.4	unreviewed-verse
thanissaro	an7.64	an7.64:13.1	unreviewed-verse
thanissaro	an7.64	an7.64:13.2	unreviewed-verse
thanissaro	an7.64	an7.64:13.3	unreviewed-verse
thanissaro	an7.64	an7.64:13.4	unreviewed-verse
thanissaro	an7.64	an7.64:14.1	unreviewed-verse
thanissaro	an7.64	an7.64:14.2	unreviewed-verse
thanissaro	an7.64	an7.64:14.3	unreviewed-verse
thanissaro	an7.64	an7.64:14.4	unreviewed-verse
thanissaro	an7.64	an7.64:15.1	unreviewed-verse
thanissaro	an7.64	an7.64:15.2	unreviewed-verse
thanissaro	an7.64	an7.64:15.3	unreviewed-verse
thanissaro	an7.64	an7.64:15.4	unreviewed-verse
thanissaro	an7.64	an7.64:16.1	unreviewed-verse
thanissaro	an7.64	an7.64:16.2	unreviewed-verse
thanissaro	an7.64	an7.64:16.3	unreviewed-verse
thanissaro	an7.64	an7.64:16.4	unreviewed-verse
thanissaro	an7.64	an7.64:17.1	unreviewed-verse
thanissaro	an7.64	an7.64:17.2	unreviewed-verse
thanissaro	an7.64	an7.64:17.3	unreviewed-verse
thanissaro	an7.64	an7.64:17.4	unreviewed-verse
thanissaro	an7.64	an7.64:18.1	unreviewed-verse
thanissaro	an7.64	an7.64:18.2	unreviewed-verse
thanissaro	an7.64	an7.64:18.3	unreviewed-verse
thanissaro	an7.64	an7.64:18.4	unreviewed-verse
thanissaro	an7.64	an7.64:19.1	unreviewed-verse
thanissaro	an7.64	an7.64:19.2	unreviewed-verse
thanissaro	an7.64	an7.64:19.3	unreviewed-verse
thanissaro	an7.64	an7.64:19.4	unreviewed-verse
thanissaro	an7.64	an7.64:20.1	unreviewed-verse
thanissaro	an7.64	an7.64:20.2	unreviewed-verse
thanissaro	an7.64	an7.64:20.3	unreviewed-verse
thanissaro	an7.64	an7.64:20.4	unreviewed-verse
thanissaro	an7.64	an7.64:21.1	unreviewed-verse
thanissaro	an7.64	an7.64:21.2	unreviewed-verse
thanissaro	an7.64	an7.64:21.3	unreviewed-verse
thanissaro	an7.64	an7.64:21.4	unreviewed-verse
thanissaro	an7.64	an7.64:22.4	unreviewed-verse
thanissaro	an7.64	an7.64:23.1	unreviewed-verse
thanissaro	an7.64	an7.64:23.2	unreviewed-verse
thanissaro	an7.64	an7.64:23.3	unreviewed-verse
thanissaro	an7.64	an7.64:23.4	unreviewed-verse
thanissaro	an7.64	an7.64:24.1	unreviewed-verse
thanissaro	an7.64	an7.64:24.2	unreviewed-verse
thanissaro	an7.64	an7.64:24.3	unreviewed-verse
thanissaro	an7.64	an7.64:24.4	unreviewed-verse
thanissaro	an7.64	an7.64:25.1	unreviewed-verse
thanissaro	an7.64	an7.64:25.2	unreviewed-verse
thanissaro	an7.64	an7.64:25.3	unreviewed-verse
thanissaro	an7.64	an7.64:25.4	unreviewed-verse
thanissaro	an7.6	an7.6:10.1	unreviewed-verse
thanissaro	an7.6	an7.6:10.2	unreviewed-verse
thanissaro	an7.6	an7.6:10.3	unreviewed-verse
thanissaro	an7.6	an7.6:10.4	unreviewed-verse
thanissaro	an7.6	an7.6:11.1	unreviewed-verse
thanissaro	an7.6	an7.6:11.2	unreviewed-verse
thanissaro	an7.6	an7.6:11.3	unreviewed-verse
thanissaro	an7.6	an7.6:11.4	unreviewed-verse
thanissaro	an7.6	an7.6:12.1	unreviewed-verse
thanissaro	an7.6	an7.6:12.2	unreviewed-verse
thanissaro	an7.6	an7.6:12.3	unreviewed-verse
thanissaro	an7.6	an7.6:12.4	unreviewed-verse
thanissaro	an7.7	an7.7:3.1	unreviewed-verse
thanissaro	an7.7	an7.7:3.2	unreviewed-verse
thanissaro	an7.7	an7.7:3.3	unreviewed-verse
thanissaro	an7.7	an7.7:3.4	unreviewed-verse
thanissaro	an7.7	an7.7:4.1	unreviewed-verse
thanissaro	an7.7	an7.7:4.2	unreviewed-verse
thanissaro	an7.7	an7.7:4.3	unreviewed-verse
thanissaro	an7.7	an7.7:4.4	unreviewed-verse
thanissaro	an7.7	an7.7:5.1	unreviewed-verse
thanissaro	an7.7	an7.7:5.2	unreviewed-verse
thanissaro	an7.7	an7.7:5.3	unreviewed-verse
thanissaro	an7.7	an7.7:5.4	unreviewed-verse
thanissaro	an8.30	an8.30:23.1	unreviewed-verse
thanissaro	an8.30	an8.30:23.2	unreviewed-verse
thanissaro	an8.30	an8.30:23.3	unreviewed-verse
thanissaro	an8.30	an8.30:23.4	unreviewed-verse
thanissaro	an8.30	an8.30:24.1	unreviewed-verse
thanissaro	an8.30	an8.30:24.2	unreviewed-verse
thanissaro	an8.30	an8.30:24.3	unreviewed-verse
thanissaro	an8.30	an8.30:24.4	unreviewed-verse
thanissaro	an8.30	an8.30:25.1	unreviewed-verse
thanissaro	an8.30	an8.30:25.2	unreviewed-verse
thanissaro	an8.30	an8.30:25.3	unreviewed-verse
thanissaro	an8.30	an8.30:25.4	unreviewed-verse
thanissaro	an8.54	an8.54:15.1	unreviewed-verse
thanissaro	an8.54	an8.54:15.2	unreviewed-verse
thanissaro	an8.54	an8.54:15.3	unreviewed-verse
thanissaro	an8.54	an8.54:15.4	unreviewed-verse
thanissaro	an8.54	an8.54:16.1	unreviewed-verse
thanissaro	an8.54	an8.54:16.2	unreviewed-verse
thanissaro	an8.54	an8.54:16.3	unreviewed-verse
thanissaro	an8.54	an8.54:16.4	unreviewed-verse
thanissaro	an8.54	an8.54:17.1	unreviewed-verse
thanissaro	an8.54	an8.54:17.2	unreviewed-verse
thanissaro	an8.54	an8.54:17.3	unreviewed-verse
thanissaro	an8.54	an8.54:17.4	unreviewed-verse
thanissaro	an8.54	an8.54:18.1	unreviewed-verse
thanissaro	an8.54	an8.54:18.2	unreviewed-verse
thanissaro	an8.54	an8.54:18.3	unreviewed-verse
thanissaro	an8.54	an8.54:18.4	unreviewed-verse
thanissaro	an9.42	an9.42:2.1	unreviewed-verse
thanissaro	an9.42	an9.42:2.2	unreviewed-verse
thanissaro	an9.42	an9.42:2.3	unreviewed-verse
thanissaro	an9.42	an9.42:2.4	unreviewed-verse
thanissaro	dn22	dn22:11.2	historical-uncertainty
thanissaro	dn33	dn33:2.2.59	historical-uncertainty
thanissaro	dn33	dn33:3.1.140	historical-uncertainty
thanissaro	dn33	dn33:3.1.141	historical-uncertainty
thanissaro	dn33	dn33:3.3.26	historical-uncertainty
thanissaro	dhp1-20	dhp1:1	unreviewed-verse
thanissaro	dhp1-20	dhp1:2	unreviewed-verse
thanissaro	dhp1-20	dhp1:3	unreviewed-verse,pending-recovered-candidate
thanissaro	dhp1-20	dhp1:4	unreviewed-verse,pending-recovered-candidate
thanissaro	dhp1-20	dhp1:5	unreviewed-verse
thanissaro	dhp1-20	dhp1:6	unreviewed-verse
thanissaro	dhp1-20	dhp2:1	unreviewed-verse
thanissaro	dhp1-20	dhp2:2	unreviewed-verse
thanissaro	dhp1-20	dhp2:3	unreviewed-verse,pending-recovered-candidate
thanissaro	dhp1-20	dhp2:4	unreviewed-verse,pending-recovered-candidate
thanissaro	dhp1-20	dhp2:5	unreviewed-verse
thanissaro	dhp1-20	dhp2:6	unreviewed-verse
thanissaro	dhp1-20	dhp3:1	unreviewed-verse
thanissaro	dhp1-20	dhp3:2	unreviewed-verse
thanissaro	dhp1-20	dhp3:3	unreviewed-verse
thanissaro	dhp1-20	dhp3:4	unreviewed-verse
thanissaro	dhp1-20	dhp4:1	unreviewed-verse
thanissaro	dhp1-20	dhp4:2	unreviewed-verse
thanissaro	dhp1-20	dhp4:3	unreviewed-verse
thanissaro	dhp1-20	dhp4:4	unreviewed-verse
thanissaro	dhp1-20	dhp5:1	unreviewed-verse
thanissaro	dhp1-20	dhp5:2	unreviewed-verse
thanissaro	dhp1-20	dhp5:3	unreviewed-verse
thanissaro	dhp1-20	dhp5:4	unreviewed-verse
thanissaro	dhp1-20	dhp6:1	unreviewed-verse
thanissaro	dhp1-20	dhp6:2	unreviewed-verse
thanissaro	dhp1-20	dhp6:3	unreviewed-verse
thanissaro	dhp1-20	dhp6:4	unreviewed-verse
thanissaro	dhp1-20	dhp7:1	unreviewed-verse
thanissaro	dhp1-20	dhp7:2	unreviewed-verse
thanissaro	dhp1-20	dhp7:3	unreviewed-verse
thanissaro	dhp1-20	dhp7:4	unreviewed-verse
thanissaro	dhp1-20	dhp7:5	unreviewed-verse
thanissaro	dhp1-20	dhp7:6	unreviewed-verse
thanissaro	dhp1-20	dhp8:1	unreviewed-verse
thanissaro	dhp1-20	dhp8:2	unreviewed-verse
thanissaro	dhp1-20	dhp8:3	unreviewed-verse
thanissaro	dhp1-20	dhp8:4	unreviewed-verse
thanissaro	dhp1-20	dhp8:5	unreviewed-verse
thanissaro	dhp1-20	dhp8:6	unreviewed-verse
thanissaro	dhp1-20	dhp9:1	unreviewed-verse
thanissaro	dhp1-20	dhp9:2	unreviewed-verse
thanissaro	dhp1-20	dhp9:3	unreviewed-verse,pending-recovered-candidate
thanissaro	dhp1-20	dhp9:4	unreviewed-verse,pending-recovered-candidate
thanissaro	dhp1-20	dhp10:1	unreviewed-verse
thanissaro	dhp1-20	dhp10:2	unreviewed-verse,pending-recovered-candidate
thanissaro	dhp1-20	dhp10:3	unreviewed-verse,pending-recovered-candidate
thanissaro	dhp1-20	dhp10:4	unreviewed-verse
thanissaro	dhp1-20	dhp11:1	unreviewed-verse
thanissaro	dhp1-20	dhp11:2	unreviewed-verse
thanissaro	dhp1-20	dhp11:3	unreviewed-verse
thanissaro	dhp1-20	dhp11:4	unreviewed-verse
thanissaro	dhp1-20	dhp12:1	unreviewed-verse
thanissaro	dhp1-20	dhp12:2	unreviewed-verse
thanissaro	dhp1-20	dhp12:3	unreviewed-verse
thanissaro	dhp1-20	dhp12:4	unreviewed-verse
thanissaro	dhp1-20	dhp13:1	unreviewed-verse
thanissaro	dhp1-20	dhp13:2	unreviewed-verse
thanissaro	dhp1-20	dhp13:3	unreviewed-verse
thanissaro	dhp1-20	dhp13:4	unreviewed-verse,pending-recovered-candidate
thanissaro	dhp1-20	dhp14:1	unreviewed-verse
thanissaro	dhp1-20	dhp14:2	unreviewed-verse
thanissaro	dhp1-20	dhp14:3	unreviewed-verse
thanissaro	dhp1-20	dhp14:4	unreviewed-verse,pending-recovered-candidate
thanissaro	dhp1-20	dhp15:1	unreviewed-verse
thanissaro	dhp1-20	dhp15:2	unreviewed-verse
thanissaro	dhp1-20	dhp15:3	unreviewed-verse
thanissaro	dhp1-20	dhp15:4	unreviewed-verse
thanissaro	dhp1-20	dhp16:1	unreviewed-verse
thanissaro	dhp1-20	dhp16:2	unreviewed-verse
thanissaro	dhp1-20	dhp16:3	unreviewed-verse
thanissaro	dhp1-20	dhp16:4	unreviewed-verse
thanissaro	dhp1-20	dhp17:1	unreviewed-verse
thanissaro	dhp1-20	dhp17:2	unreviewed-verse
thanissaro	dhp1-20	dhp17:3	unreviewed-verse
thanissaro	dhp1-20	dhp17:4	unreviewed-verse
thanissaro	dhp1-20	dhp18:1	unreviewed-verse
thanissaro	dhp1-20	dhp18:2	unreviewed-verse
thanissaro	dhp1-20	dhp18:3	unreviewed-verse
thanissaro	dhp1-20	dhp18:4	unreviewed-verse
thanissaro	dhp1-20	dhp19:1	unreviewed-verse
thanissaro	dhp1-20	dhp19:2	unreviewed-verse
thanissaro	dhp1-20	dhp19:3	unreviewed-verse
thanissaro	dhp1-20	dhp19:4	unreviewed-verse
thanissaro	dhp1-20	dhp20:1	unreviewed-verse
thanissaro	dhp1-20	dhp20:2	unreviewed-verse
thanissaro	dhp1-20	dhp20:3	unreviewed-verse
thanissaro	dhp1-20	dhp20:4	unreviewed-verse
thanissaro	dhp1-20	dhp20:5	unreviewed-verse
thanissaro	dhp1-20	dhp20:6	unreviewed-verse
thanissaro	dhp100-115	dhp100:1	unreviewed-verse
thanissaro	dhp100-115	dhp100:2	unreviewed-verse
thanissaro	dhp100-115	dhp100:3	unreviewed-verse
thanissaro	dhp100-115	dhp100:4	unreviewed-verse
thanissaro	dhp100-115	dhp101:1	unreviewed-verse
thanissaro	dhp100-115	dhp101:2	unreviewed-verse
thanissaro	dhp100-115	dhp101:3	unreviewed-verse
thanissaro	dhp100-115	dhp101:4	unreviewed-verse
thanissaro	dhp100-115	dhp102:1	unreviewed-verse
thanissaro	dhp100-115	dhp102:2	unreviewed-verse,pending-recovered-candidate
thanissaro	dhp100-115	dhp102:3	unreviewed-verse
thanissaro	dhp100-115	dhp102:4	unreviewed-verse
thanissaro	dhp100-115	dhp103:1	unreviewed-verse,pending-recovered-candidate
thanissaro	dhp100-115	dhp103:2	unreviewed-verse,pending-recovered-candidate
thanissaro	dhp100-115	dhp103:3	unreviewed-verse
thanissaro	dhp100-115	dhp103:4	unreviewed-verse,pending-recovered-candidate
thanissaro	dhp100-115	dhp104:1	unreviewed-verse
thanissaro	dhp100-115	dhp104:2	unreviewed-verse
thanissaro	dhp100-115	dhp104:3	unreviewed-verse
thanissaro	dhp100-115	dhp104:4	unreviewed-verse
thanissaro	dhp100-115	dhp105:1	unreviewed-verse
thanissaro	dhp100-115	dhp105:2	unreviewed-verse
thanissaro	dhp100-115	dhp105:3	unreviewed-verse
thanissaro	dhp100-115	dhp105:4	unreviewed-verse
thanissaro	dhp100-115	dhp106:1	unreviewed-verse
thanissaro	dhp100-115	dhp106:2	unreviewed-verse,pending-recovered-candidate
thanissaro	dhp100-115	dhp106:3	unreviewed-verse
thanissaro	dhp100-115	dhp106:4	unreviewed-verse
thanissaro	dhp100-115	dhp106:5	unreviewed-verse
thanissaro	dhp100-115	dhp106:6	unreviewed-verse
thanissaro	dhp100-115	dhp107:1	unreviewed-verse
thanissaro	dhp100-115	dhp107:2	unreviewed-verse,pending-recovered-candidate
thanissaro	dhp100-115	dhp107:3	unreviewed-verse
thanissaro	dhp100-115	dhp107:4	unreviewed-verse
thanissaro	dhp100-115	dhp107:5	unreviewed-verse
thanissaro	dhp100-115	dhp107:6	unreviewed-verse
thanissaro	dhp100-115	dhp108:1	unreviewed-verse
thanissaro	dhp100-115	dhp108:2	unreviewed-verse
thanissaro	dhp100-115	dhp108:3	unreviewed-verse
thanissaro	dhp100-115	dhp108:4	unreviewed-verse
thanissaro	dhp100-115	dhp109:1	unreviewed-verse
thanissaro	dhp100-115	dhp109:2	unreviewed-verse
thanissaro	dhp100-115	dhp109:3	unreviewed-verse
thanissaro	dhp100-115	dhp109:4	unreviewed-verse
thanissaro	dhp100-115	dhp110:1	unreviewed-verse
thanissaro	dhp100-115	dhp110:2	unreviewed-verse,pending-recovered-candidate
thanissaro	dhp100-115	dhp110:3	unreviewed-verse,pending-recovered-candidate
thanissaro	dhp100-115	dhp110:4	unreviewed-verse,pending-recovered-candidate
thanissaro	dhp100-115	dhp111:1	unreviewed-verse
thanissaro	dhp100-115	dhp111:2	unreviewed-verse,pending-recovered-candidate
thanissaro	dhp100-115	dhp111:3	unreviewed-verse,pending-recovered-candidate
thanissaro	dhp100-115	dhp111:4	unreviewed-verse,pending-recovered-candidate
thanissaro	dhp100-115	dhp112:1	unreviewed-verse
thanissaro	dhp100-115	dhp112:2	unreviewed-verse,pending-recovered-candidate
thanissaro	dhp100-115	dhp112:3	unreviewed-verse,pending-recovered-candidate
thanissaro	dhp100-115	dhp112:4	unreviewed-verse,pending-recovered-candidate
thanissaro	dhp100-115	dhp113:1	unreviewed-verse
thanissaro	dhp100-115	dhp113:3	unreviewed-verse,pending-recovered-candidate
thanissaro	dhp100-115	dhp114:1	unreviewed-verse
thanissaro	dhp100-115	dhp114:2	unreviewed-verse,pending-recovered-candidate
thanissaro	dhp100-115	dhp114:3	unreviewed-verse,pending-recovered-candidate
thanissaro	dhp100-115	dhp114:4	unreviewed-verse,pending-recovered-candidate
thanissaro	dhp100-115	dhp115:1	unreviewed-verse
thanissaro	dhp100-115	dhp115:2	unreviewed-verse,pending-recovered-candidate
thanissaro	dhp100-115	dhp115:3	unreviewed-verse,pending-recovered-candidate
thanissaro	dhp100-115	dhp115:4	unreviewed-verse,pending-recovered-candidate
thanissaro	dhp116-128	dhp116:1	unreviewed-verse
thanissaro	dhp116-128	dhp116:2	unreviewed-verse
thanissaro	dhp116-128	dhp116:3	unreviewed-verse
thanissaro	dhp116-128	dhp116:4	unreviewed-verse
thanissaro	dhp116-128	dhp117:1	unreviewed-verse
thanissaro	dhp116-128	dhp117:2	unreviewed-verse
thanissaro	dhp116-128	dhp117:3	unreviewed-verse
thanissaro	dhp116-128	dhp117:4	unreviewed-verse
thanissaro	dhp116-128	dhp118:1	unreviewed-verse
thanissaro	dhp116-128	dhp118:2	unreviewed-verse
thanissaro	dhp116-128	dhp118:3	unreviewed-verse
thanissaro	dhp116-128	dhp118:4	unreviewed-verse
thanissaro	dhp116-128	dhp119:1	unreviewed-verse
thanissaro	dhp116-128	dhp119:2	unreviewed-verse
thanissaro	dhp116-128	dhp119:3	unreviewed-verse
thanissaro	dhp116-128	dhp119:4	unreviewed-verse
thanissaro	dhp116-128	dhp120:1	unreviewed-verse
thanissaro	dhp116-128	dhp120:2	unreviewed-verse
thanissaro	dhp116-128	dhp120:3	unreviewed-verse
thanissaro	dhp116-128	dhp120:4	unreviewed-verse
thanissaro	dhp116-128	dhp121:1	unreviewed-verse
thanissaro	dhp116-128	dhp121:2	unreviewed-verse
thanissaro	dhp116-128	dhp121:3	unreviewed-verse
thanissaro	dhp116-128	dhp121:4	unreviewed-verse,pending-recovered-candidate
thanissaro	dhp116-128	dhp121:5	unreviewed-verse
thanissaro	dhp116-128	dhp121:6	unreviewed-verse,pending-recovered-candidate
thanissaro	dhp116-128	dhp122:1	unreviewed-verse
thanissaro	dhp116-128	dhp122:2	unreviewed-verse
thanissaro	dhp116-128	dhp122:3	unreviewed-verse
thanissaro	dhp116-128	dhp122:4	unreviewed-verse,pending-recovered-candidate
thanissaro	dhp116-128	dhp122:5	unreviewed-verse
thanissaro	dhp116-128	dhp122:6	unreviewed-verse,pending-recovered-candidate
thanissaro	dhp116-128	dhp123:1	unreviewed-verse,pending-recovered-candidate
thanissaro	dhp116-128	dhp123:2	unreviewed-verse,pending-recovered-candidate
thanissaro	dhp116-128	dhp123:3	unreviewed-verse,pending-recovered-candidate
thanissaro	dhp116-128	dhp123:4	unreviewed-verse,pending-recovered-candidate
thanissaro	dhp116-128	dhp124:1	unreviewed-verse
thanissaro	dhp116-128	dhp124:2	unreviewed-verse,pending-recovered-candidate
thanissaro	dhp116-128	dhp124:3	unreviewed-verse
thanissaro	dhp116-128	dhp124:4	unreviewed-verse
thanissaro	dhp116-128	dhp125:1	unreviewed-verse
thanissaro	dhp116-128	dhp125:2	unreviewed-verse
thanissaro	dhp116-128	dhp125:3	unreviewed-verse
thanissaro	dhp116-128	dhp125:4	unreviewed-verse
thanissaro	dhp116-128	dhp126:1	unreviewed-verse
thanissaro	dhp116-128	dhp126:2	unreviewed-verse
thanissaro	dhp116-128	dhp126:3	unreviewed-verse
thanissaro	dhp116-128	dhp126:4	unreviewed-verse
thanissaro	dhp116-128	dhp127:1	unreviewed-verse
thanissaro	dhp116-128	dhp127:2	unreviewed-verse
thanissaro	dhp116-128	dhp127:3	unreviewed-verse
thanissaro	dhp116-128	dhp127:4	unreviewed-verse
thanissaro	dhp116-128	dhp128:1	unreviewed-verse
thanissaro	dhp116-128	dhp128:2	unreviewed-verse
thanissaro	dhp116-128	dhp128:3	unreviewed-verse
thanissaro	dhp116-128	dhp128:4	unreviewed-verse
thanissaro	dhp129-145	dhp129:1	unreviewed-verse
thanissaro	dhp129-145	dhp129:2	unreviewed-verse
thanissaro	dhp129-145	dhp129:3	unreviewed-verse
thanissaro	dhp129-145	dhp129:4	unreviewed-verse
thanissaro	dhp129-145	dhp131:1	unreviewed-verse
thanissaro	dhp129-145	dhp131:2	unreviewed-verse
thanissaro	dhp129-145	dhp131:3	unreviewed-verse
thanissaro	dhp129-145	dhp131:4	unreviewed-verse
thanissaro	dhp129-145	dhp132:1	unreviewed-verse
thanissaro	dhp129-145	dhp132:2	unreviewed-verse
thanissaro	dhp129-145	dhp132:3	unreviewed-verse
thanissaro	dhp129-145	dhp132:4	unreviewed-verse
thanissaro	dhp129-145	dhp133:1	unreviewed-verse
thanissaro	dhp129-145	dhp133:2	unreviewed-verse
thanissaro	dhp129-145	dhp133:3	unreviewed-verse
thanissaro	dhp129-145	dhp133:4	unreviewed-verse
thanissaro	dhp129-145	dhp134:1	unreviewed-verse
thanissaro	dhp129-145	dhp134:2	unreviewed-verse
thanissaro	dhp129-145	dhp134:3	unreviewed-verse
thanissaro	dhp129-145	dhp134:4	unreviewed-verse
thanissaro	dhp129-145	dhp135:1	unreviewed-verse
thanissaro	dhp129-145	dhp135:2	unreviewed-verse
thanissaro	dhp129-145	dhp135:3	unreviewed-verse
thanissaro	dhp129-145	dhp135:4	unreviewed-verse
thanissaro	dhp129-145	dhp136:1	unreviewed-verse
thanissaro	dhp129-145	dhp136:2	unreviewed-verse,pending-recovered-candidate
thanissaro	dhp129-145	dhp136:3	unreviewed-verse,pending-recovered-candidate
thanissaro	dhp129-145	dhp136:4	unreviewed-verse,pending-recovered-candidate
thanissaro	dhp129-145	dhp137:1	unreviewed-verse
thanissaro	dhp129-145	dhp137:2	unreviewed-verse
thanissaro	dhp129-145	dhp137:3	unreviewed-verse
thanissaro	dhp129-145	dhp137:4	unreviewed-verse
thanissaro	dhp129-145	dhp138:1	unreviewed-verse
thanissaro	dhp129-145	dhp138:2	unreviewed-verse
thanissaro	dhp129-145	dhp138:3	unreviewed-verse
thanissaro	dhp129-145	dhp138:4	unreviewed-verse
thanissaro	dhp129-145	dhp139:1	unreviewed-verse
thanissaro	dhp129-145	dhp139:2	unreviewed-verse
thanissaro	dhp129-145	dhp139:3	unreviewed-verse
thanissaro	dhp129-145	dhp139:4	unreviewed-verse
thanissaro	dhp129-145	dhp140:1	unreviewed-verse
thanissaro	dhp129-145	dhp140:2	unreviewed-verse,pending-recovered-candidate
thanissaro	dhp129-145	dhp140:3	unreviewed-verse
thanissaro	dhp129-145	dhp140:4	unreviewed-verse
thanissaro	dhp129-145	dhp141:1	unreviewed-verse
thanissaro	dhp129-145	dhp141:2	unreviewed-verse
thanissaro	dhp129-145	dhp141:3	unreviewed-verse
thanissaro	dhp129-145	dhp141:4	unreviewed-verse
thanissaro	dhp129-145	dhp142:1	unreviewed-verse
thanissaro	dhp129-145	dhp142:2	unreviewed-verse
thanissaro	dhp129-145	dhp142:3	unreviewed-verse
thanissaro	dhp129-145	dhp142:4	unreviewed-verse
thanissaro	dhp129-145	dhp143:1	unreviewed-verse
thanissaro	dhp129-145	dhp143:2	unreviewed-verse
thanissaro	dhp129-145	dhp143:3	unreviewed-verse
thanissaro	dhp129-145	dhp143:4	unreviewed-verse
thanissaro	dhp129-145	dhp144:1	unreviewed-verse
thanissaro	dhp129-145	dhp144:2	unreviewed-verse
thanissaro	dhp129-145	dhp144:3	unreviewed-verse
thanissaro	dhp129-145	dhp144:4	unreviewed-verse
thanissaro	dhp129-145	dhp144:5	unreviewed-verse
thanissaro	dhp129-145	dhp144:6	unreviewed-verse
thanissaro	dhp129-145	dhp145:1	unreviewed-verse
thanissaro	dhp129-145	dhp145:2	unreviewed-verse
thanissaro	dhp129-145	dhp145:3	unreviewed-verse
thanissaro	dhp129-145	dhp145:4	unreviewed-verse
thanissaro	dhp146-156	dhp146:1	unreviewed-verse
thanissaro	dhp146-156	dhp146:2	unreviewed-verse
thanissaro	dhp146-156	dhp146:3	unreviewed-verse
thanissaro	dhp146-156	dhp146:4	unreviewed-verse
thanissaro	dhp146-156	dhp147:1	unreviewed-verse
thanissaro	dhp146-156	dhp147:2	unreviewed-verse
thanissaro	dhp146-156	dhp147:3	unreviewed-verse
thanissaro	dhp146-156	dhp147:4	unreviewed-verse
thanissaro	dhp146-156	dhp148:1	unreviewed-verse
thanissaro	dhp146-156	dhp148:2	unreviewed-verse
thanissaro	dhp146-156	dhp148:3	unreviewed-verse
thanissaro	dhp146-156	dhp148:4	unreviewed-verse
thanissaro	dhp146-156	dhp149:1	unreviewed-verse
thanissaro	dhp146-156	dhp149:2	unreviewed-verse
thanissaro	dhp146-156	dhp149:3	unreviewed-verse,pending-recovered-candidate
thanissaro	dhp146-156	dhp149:4	unreviewed-verse,pending-recovered-candidate
thanissaro	dhp146-156	dhp150:1	unreviewed-verse
thanissaro	dhp146-156	dhp150:2	unreviewed-verse
thanissaro	dhp146-156	dhp150:3	unreviewed-verse
thanissaro	dhp146-156	dhp150:4	unreviewed-verse
thanissaro	dhp146-156	dhp151:1	unreviewed-verse
thanissaro	dhp146-156	dhp151:2	unreviewed-verse
thanissaro	dhp146-156	dhp151:3	unreviewed-verse
thanissaro	dhp146-156	dhp151:4	unreviewed-verse
thanissaro	dhp146-156	dhp153:1	unreviewed-verse
thanissaro	dhp146-156	dhp153:2	unreviewed-verse
thanissaro	dhp146-156	dhp153:3	unreviewed-verse
thanissaro	dhp146-156	dhp153:4	unreviewed-verse
thanissaro	dhp146-156	dhp154:1	unreviewed-verse
thanissaro	dhp146-156	dhp154:2	unreviewed-verse
thanissaro	dhp146-156	dhp154:3	unreviewed-verse
thanissaro	dhp146-156	dhp154:4	unreviewed-verse
thanissaro	dhp146-156	dhp154:5	unreviewed-verse
thanissaro	dhp146-156	dhp154:6	unreviewed-verse
thanissaro	dhp146-156	dhp155:1	unreviewed-verse
thanissaro	dhp146-156	dhp155:2	unreviewed-verse
thanissaro	dhp146-156	dhp155:3	unreviewed-verse
thanissaro	dhp146-156	dhp155:4	unreviewed-verse
thanissaro	dhp146-156	dhp156:1	unreviewed-verse
thanissaro	dhp146-156	dhp156:2	unreviewed-verse
thanissaro	dhp146-156	dhp156:3	unreviewed-verse
thanissaro	dhp146-156	dhp156:4	unreviewed-verse
thanissaro	dhp157-166	dhp157:1	unreviewed-verse
thanissaro	dhp157-166	dhp157:2	unreviewed-verse
thanissaro	dhp157-166	dhp157:3	unreviewed-verse
thanissaro	dhp157-166	dhp157:4	unreviewed-verse
thanissaro	dhp157-166	dhp158:1	unreviewed-verse,pending-recovered-candidate
thanissaro	dhp157-166	dhp158:2	unreviewed-verse,pending-recovered-candidate
thanissaro	dhp157-166	dhp158:3	unreviewed-verse,pending-recovered-candidate
thanissaro	dhp157-166	dhp158:4	unreviewed-verse,pending-recovered-candidate
thanissaro	dhp157-166	dhp159:1	unreviewed-verse
thanissaro	dhp157-166	dhp159:2	unreviewed-verse
thanissaro	dhp157-166	dhp159:3	unreviewed-verse
thanissaro	dhp157-166	dhp159:4	unreviewed-verse
thanissaro	dhp157-166	dhp160:1	unreviewed-verse
thanissaro	dhp157-166	dhp160:2	unreviewed-verse
thanissaro	dhp157-166	dhp160:3	unreviewed-verse
thanissaro	dhp157-166	dhp160:4	unreviewed-verse
thanissaro	dhp157-166	dhp161:1	unreviewed-verse
thanissaro	dhp157-166	dhp161:2	unreviewed-verse
thanissaro	dhp157-166	dhp161:3	unreviewed-verse
thanissaro	dhp157-166	dhp161:4	unreviewed-verse
thanissaro	dhp157-166	dhp162:1	unreviewed-verse
thanissaro	dhp157-166	dhp162:2	unreviewed-verse
thanissaro	dhp157-166	dhp162:3	unreviewed-verse
thanissaro	dhp157-166	dhp162:4	unreviewed-verse
thanissaro	dhp157-166	dhp163:1	unreviewed-verse
thanissaro	dhp157-166	dhp163:2	unreviewed-verse
thanissaro	dhp157-166	dhp163:3	unreviewed-verse
thanissaro	dhp157-166	dhp163:4	unreviewed-verse
thanissaro	dhp157-166	dhp164:1	unreviewed-verse
thanissaro	dhp157-166	dhp164:2	unreviewed-verse
thanissaro	dhp157-166	dhp164:3	unreviewed-verse,pending-recovered-candidate
thanissaro	dhp157-166	dhp164:4	unreviewed-verse,pending-recovered-candidate
thanissaro	dhp157-166	dhp164:5	unreviewed-verse,pending-recovered-candidate
thanissaro	dhp157-166	dhp164:6	unreviewed-verse,pending-recovered-candidate
thanissaro	dhp157-166	dhp165:1	unreviewed-verse
thanissaro	dhp157-166	dhp165:2	unreviewed-verse
thanissaro	dhp157-166	dhp165:3	unreviewed-verse
thanissaro	dhp157-166	dhp165:4	unreviewed-verse
thanissaro	dhp157-166	dhp165:5	unreviewed-verse
thanissaro	dhp157-166	dhp165:6	unreviewed-verse
thanissaro	dhp157-166	dhp166:1	unreviewed-verse
thanissaro	dhp157-166	dhp166:2	unreviewed-verse,pending-recovered-candidate
thanissaro	dhp157-166	dhp166:3	unreviewed-verse
thanissaro	dhp157-166	dhp166:4	unreviewed-verse
thanissaro	dhp167-178	dhp167:1	unreviewed-verse
thanissaro	dhp167-178	dhp167:2	unreviewed-verse
thanissaro	dhp167-178	dhp167:3	unreviewed-verse
thanissaro	dhp167-178	dhp167:4	unreviewed-verse
thanissaro	dhp167-178	dhp168:1	unreviewed-verse
thanissaro	dhp167-178	dhp168:2	unreviewed-verse
thanissaro	dhp167-178	dhp168:3	unreviewed-verse
thanissaro	dhp167-178	dhp168:4	unreviewed-verse
thanissaro	dhp167-178	dhp169:1	unreviewed-verse
thanissaro	dhp167-178	dhp169:2	unreviewed-verse
thanissaro	dhp167-178	dhp169:3	unreviewed-verse
thanissaro	dhp167-178	dhp169:4	unreviewed-verse
thanissaro	dhp167-178	dhp170:2	unreviewed-verse,pending-recovered-candidate
thanissaro	dhp167-178	dhp171:1	unreviewed-verse
thanissaro	dhp167-178	dhp171:2	unreviewed-verse
thanissaro	dhp167-178	dhp171:3	unreviewed-verse
thanissaro	dhp167-178	dhp171:4	unreviewed-verse
thanissaro	dhp167-178	dhp172:1	unreviewed-verse
thanissaro	dhp167-178	dhp172:2	unreviewed-verse
thanissaro	dhp167-178	dhp172:3	unreviewed-verse
thanissaro	dhp167-178	dhp172:4	unreviewed-verse
thanissaro	dhp167-178	dhp173:1	unreviewed-verse
thanissaro	dhp167-178	dhp173:2	unreviewed-verse
thanissaro	dhp167-178	dhp173:3	unreviewed-verse
thanissaro	dhp167-178	dhp173:4	unreviewed-verse
thanissaro	dhp167-178	dhp174:1	unreviewed-verse
thanissaro	dhp167-178	dhp174:2	unreviewed-verse
thanissaro	dhp167-178	dhp174:3	unreviewed-verse
thanissaro	dhp167-178	dhp174:4	unreviewed-verse,pending-recovered-candidate
thanissaro	dhp167-178	dhp175:1	unreviewed-verse
thanissaro	dhp167-178	dhp175:2	unreviewed-verse
thanissaro	dhp167-178	dhp175:3	unreviewed-verse
thanissaro	dhp167-178	dhp175:4	unreviewed-verse
thanissaro	dhp167-178	dhp176:1	unreviewed-verse
thanissaro	dhp167-178	dhp176:2	unreviewed-verse
thanissaro	dhp167-178	dhp176:3	unreviewed-verse,pending-recovered-candidate
thanissaro	dhp167-178	dhp176:4	unreviewed-verse
thanissaro	dhp167-178	dhp177:1	unreviewed-verse
thanissaro	dhp167-178	dhp177:2	unreviewed-verse
thanissaro	dhp167-178	dhp177:3	unreviewed-verse
thanissaro	dhp167-178	dhp177:4	unreviewed-verse
thanissaro	dhp167-178	dhp178:1	unreviewed-verse
thanissaro	dhp167-178	dhp178:2	unreviewed-verse,pending-recovered-candidate
thanissaro	dhp167-178	dhp178:3	unreviewed-verse,pending-recovered-candidate
thanissaro	dhp167-178	dhp178:4	unreviewed-verse,pending-recovered-candidate
thanissaro	dhp179-196	dhp179:1	unreviewed-verse
thanissaro	dhp179-196	dhp179:2	unreviewed-verse
thanissaro	dhp179-196	dhp179:3	unreviewed-verse
thanissaro	dhp179-196	dhp179:4	unreviewed-verse,pending-recovered-candidate
thanissaro	dhp179-196	dhp180:1	unreviewed-verse
thanissaro	dhp179-196	dhp180:2	unreviewed-verse,pending-recovered-candidate
thanissaro	dhp179-196	dhp180:3	unreviewed-verse
thanissaro	dhp179-196	dhp180:4	unreviewed-verse,pending-recovered-candidate
thanissaro	dhp179-196	dhp181:1	unreviewed-verse
thanissaro	dhp179-196	dhp181:2	unreviewed-verse
thanissaro	dhp179-196	dhp181:3	unreviewed-verse
thanissaro	dhp179-196	dhp181:4	unreviewed-verse,pending-recovered-candidate
thanissaro	dhp179-196	dhp182:1	unreviewed-verse
thanissaro	dhp179-196	dhp182:2	unreviewed-verse
thanissaro	dhp179-196	dhp182:3	unreviewed-verse
thanissaro	dhp179-196	dhp182:4	unreviewed-verse
thanissaro	dhp179-196	dhp183:1	unreviewed-verse
thanissaro	dhp179-196	dhp183:2	unreviewed-verse
thanissaro	dhp179-196	dhp183:3	unreviewed-verse
thanissaro	dhp179-196	dhp183:4	unreviewed-verse
thanissaro	dhp179-196	dhp185:1	unreviewed-verse
thanissaro	dhp179-196	dhp185:2	unreviewed-verse
thanissaro	dhp179-196	dhp185:3	unreviewed-verse
thanissaro	dhp179-196	dhp185:4	unreviewed-verse
thanissaro	dhp179-196	dhp185:5	unreviewed-verse
thanissaro	dhp179-196	dhp185:6	unreviewed-verse
thanissaro	dhp179-196	dhp186:1	unreviewed-verse
thanissaro	dhp179-196	dhp186:2	unreviewed-verse
thanissaro	dhp179-196	dhp186:3	unreviewed-verse
thanissaro	dhp179-196	dhp186:4	unreviewed-verse,pending-recovered-candidate
thanissaro	dhp179-196	dhp187:1	unreviewed-verse
thanissaro	dhp179-196	dhp187:2	unreviewed-verse,pending-recovered-candidate
thanissaro	dhp179-196	dhp187:3	unreviewed-verse
thanissaro	dhp179-196	dhp187:4	unreviewed-verse,pending-recovered-candidate
thanissaro	dhp179-196	dhp188:1	unreviewed-verse
thanissaro	dhp179-196	dhp188:2	unreviewed-verse
thanissaro	dhp179-196	dhp188:3	unreviewed-verse
thanissaro	dhp179-196	dhp188:4	unreviewed-verse
thanissaro	dhp179-196	dhp190:1	unreviewed-verse
thanissaro	dhp179-196	dhp190:2	unreviewed-verse
thanissaro	dhp179-196	dhp190:3	unreviewed-verse
thanissaro	dhp179-196	dhp190:4	unreviewed-verse
thanissaro	dhp179-196	dhp191:1	unreviewed-verse
thanissaro	dhp179-196	dhp191:2	unreviewed-verse
thanissaro	dhp179-196	dhp191:3	unreviewed-verse
thanissaro	dhp179-196	dhp191:4	unreviewed-verse
thanissaro	dhp179-196	dhp193:1	unreviewed-verse
thanissaro	dhp179-196	dhp193:2	unreviewed-verse
thanissaro	dhp179-196	dhp193:3	unreviewed-verse
thanissaro	dhp179-196	dhp193:4	unreviewed-verse
thanissaro	dhp179-196	dhp194:1	unreviewed-verse
thanissaro	dhp179-196	dhp194:2	unreviewed-verse
thanissaro	dhp179-196	dhp194:3	unreviewed-verse
thanissaro	dhp179-196	dhp194:4	unreviewed-verse
thanissaro	dhp179-196	dhp195:1	unreviewed-verse
thanissaro	dhp179-196	dhp195:2	unreviewed-verse
thanissaro	dhp179-196	dhp195:3	unreviewed-verse
thanissaro	dhp179-196	dhp195:4	unreviewed-verse
thanissaro	dhp179-196	dhp196:1	unreviewed-verse,pending-recovered-candidate
thanissaro	dhp179-196	dhp196:2	unreviewed-verse,pending-recovered-candidate
thanissaro	dhp179-196	dhp196:3	unreviewed-verse,pending-recovered-candidate
thanissaro	dhp179-196	dhp196:4	unreviewed-verse
thanissaro	dhp197-208	dhp197:1	unreviewed-verse
thanissaro	dhp197-208	dhp197:2	unreviewed-verse
thanissaro	dhp197-208	dhp197:3	unreviewed-verse
thanissaro	dhp197-208	dhp197:4	unreviewed-verse
thanissaro	dhp197-208	dhp198:1	unreviewed-verse
thanissaro	dhp197-208	dhp198:2	unreviewed-verse
thanissaro	dhp197-208	dhp198:3	unreviewed-verse
thanissaro	dhp197-208	dhp198:4	unreviewed-verse
thanissaro	dhp197-208	dhp199:1	unreviewed-verse
thanissaro	dhp197-208	dhp199:2	unreviewed-verse
thanissaro	dhp197-208	dhp199:3	unreviewed-verse
thanissaro	dhp197-208	dhp199:4	unreviewed-verse
thanissaro	dhp197-208	dhp200:1	unreviewed-verse
thanissaro	dhp197-208	dhp200:2	unreviewed-verse
thanissaro	dhp197-208	dhp200:3	unreviewed-verse
thanissaro	dhp197-208	dhp200:4	unreviewed-verse
thanissaro	dhp197-208	dhp201:1	unreviewed-verse
thanissaro	dhp197-208	dhp201:2	unreviewed-verse
thanissaro	dhp197-208	dhp201:3	unreviewed-verse
thanissaro	dhp197-208	dhp201:4	unreviewed-verse
thanissaro	dhp197-208	dhp202:1	unreviewed-verse
thanissaro	dhp197-208	dhp202:2	unreviewed-verse
thanissaro	dhp197-208	dhp202:3	unreviewed-verse
thanissaro	dhp197-208	dhp202:4	unreviewed-verse
thanissaro	dhp197-208	dhp203:1	unreviewed-verse
thanissaro	dhp197-208	dhp203:2	unreviewed-verse
thanissaro	dhp197-208	dhp203:3	unreviewed-verse
thanissaro	dhp197-208	dhp203:4	unreviewed-verse
thanissaro	dhp197-208	dhp204:1	unreviewed-verse
thanissaro	dhp197-208	dhp204:2	unreviewed-verse
thanissaro	dhp197-208	dhp204:3	unreviewed-verse
thanissaro	dhp197-208	dhp204:4	unreviewed-verse
thanissaro	dhp197-208	dhp205:1	unreviewed-verse
thanissaro	dhp197-208	dhp205:2	unreviewed-verse
thanissaro	dhp197-208	dhp205:3	unreviewed-verse
thanissaro	dhp197-208	dhp205:4	unreviewed-verse
thanissaro	dhp197-208	dhp206:1	unreviewed-verse
thanissaro	dhp197-208	dhp206:2	unreviewed-verse
thanissaro	dhp197-208	dhp206:3	unreviewed-verse
thanissaro	dhp197-208	dhp206:4	unreviewed-verse
thanissaro	dhp197-208	dhp207:1	unreviewed-verse
thanissaro	dhp197-208	dhp207:2	unreviewed-verse
thanissaro	dhp197-208	dhp207:3	unreviewed-verse
thanissaro	dhp197-208	dhp207:4	unreviewed-verse
thanissaro	dhp197-208	dhp207:5	unreviewed-verse
thanissaro	dhp197-208	dhp207:6	unreviewed-verse
thanissaro	dhp197-208	dhp208:1	unreviewed-verse
thanissaro	dhp197-208	dhp208:2	unreviewed-verse
thanissaro	dhp197-208	dhp208:3	unreviewed-verse
thanissaro	dhp197-208	dhp208:4	unreviewed-verse
thanissaro	dhp197-208	dhp208:5	unreviewed-verse
thanissaro	dhp209-220	dhp209:1	unreviewed-verse
thanissaro	dhp209-220	dhp209:2	unreviewed-verse
thanissaro	dhp209-220	dhp209:3	unreviewed-verse
thanissaro	dhp209-220	dhp209:4	unreviewed-verse
thanissaro	dhp209-220	dhp210:1	unreviewed-verse
thanissaro	dhp209-220	dhp210:2	unreviewed-verse,pending-recovered-candidate
thanissaro	dhp209-220	dhp210:3	unreviewed-verse
thanissaro	dhp209-220	dhp210:4	unreviewed-verse
thanissaro	dhp209-220	dhp211:1	unreviewed-verse
thanissaro	dhp209-220	dhp211:2	unreviewed-verse
thanissaro	dhp209-220	dhp211:3	unreviewed-verse
thanissaro	dhp209-220	dhp211:4	unreviewed-verse,pending-recovered-candidate
thanissaro	dhp209-220	dhp212:1	unreviewed-verse
thanissaro	dhp209-220	dhp212:2	unreviewed-verse
thanissaro	dhp209-220	dhp212:3	unreviewed-verse
thanissaro	dhp209-220	dhp212:4	unreviewed-verse
thanissaro	dhp209-220	dhp213:1	unreviewed-verse
thanissaro	dhp209-220	dhp213:2	unreviewed-verse
thanissaro	dhp209-220	dhp213:3	unreviewed-verse
thanissaro	dhp209-220	dhp213:4	unreviewed-verse
thanissaro	dhp209-220	dhp214:1	unreviewed-verse
thanissaro	dhp209-220	dhp214:2	unreviewed-verse
thanissaro	dhp209-220	dhp214:3	unreviewed-verse
thanissaro	dhp209-220	dhp214:4	unreviewed-verse
thanissaro	dhp209-220	dhp215:1	unreviewed-verse
thanissaro	dhp209-220	dhp215:2	unreviewed-verse
thanissaro	dhp209-220	dhp215:3	unreviewed-verse
thanissaro	dhp209-220	dhp215:4	unreviewed-verse
thanissaro	dhp209-220	dhp216:1	unreviewed-verse
thanissaro	dhp209-220	dhp216:2	unreviewed-verse
thanissaro	dhp209-220	dhp216:3	unreviewed-verse
thanissaro	dhp209-220	dhp216:4	unreviewed-verse
thanissaro	dhp209-220	dhp217:1	unreviewed-verse
thanissaro	dhp209-220	dhp217:2	unreviewed-verse
thanissaro	dhp209-220	dhp217:3	unreviewed-verse
thanissaro	dhp209-220	dhp217:4	unreviewed-verse
thanissaro	dhp209-220	dhp218:1	unreviewed-verse
thanissaro	dhp209-220	dhp218:2	unreviewed-verse
thanissaro	dhp209-220	dhp218:3	unreviewed-verse
thanissaro	dhp209-220	dhp218:4	unreviewed-verse
thanissaro	dhp209-220	dhp219:1	unreviewed-verse
thanissaro	dhp209-220	dhp219:2	unreviewed-verse,pending-recovered-candidate
thanissaro	dhp209-220	dhp219:3	unreviewed-verse
thanissaro	dhp209-220	dhp219:4	unreviewed-verse
thanissaro	dhp209-220	dhp220:1	unreviewed-verse
thanissaro	dhp209-220	dhp220:2	unreviewed-verse
thanissaro	dhp209-220	dhp220:3	unreviewed-verse
thanissaro	dhp209-220	dhp220:4	unreviewed-verse
thanissaro	dhp21-32	dhp21:1	unreviewed-verse
thanissaro	dhp21-32	dhp21:2	unreviewed-verse
thanissaro	dhp21-32	dhp21:3	unreviewed-verse
thanissaro	dhp21-32	dhp21:4	unreviewed-verse
thanissaro	dhp21-32	dhp22:1	unreviewed-verse
thanissaro	dhp21-32	dhp22:2	unreviewed-verse
thanissaro	dhp21-32	dhp22:3	unreviewed-verse
thanissaro	dhp21-32	dhp22:4	unreviewed-verse
thanissaro	dhp21-32	dhp23:1	unreviewed-verse
thanissaro	dhp21-32	dhp23:2	unreviewed-verse
thanissaro	dhp21-32	dhp23:3	unreviewed-verse
thanissaro	dhp21-32	dhp23:4	unreviewed-verse
thanissaro	dhp21-32	dhp24:1	unreviewed-verse
thanissaro	dhp21-32	dhp24:2	unreviewed-verse
thanissaro	dhp21-32	dhp24:3	unreviewed-verse
thanissaro	dhp21-32	dhp24:4	unreviewed-verse
thanissaro	dhp21-32	dhp25:1	unreviewed-verse
thanissaro	dhp21-32	dhp25:2	unreviewed-verse
thanissaro	dhp21-32	dhp25:3	unreviewed-verse
thanissaro	dhp21-32	dhp25:4	unreviewed-verse
thanissaro	dhp21-32	dhp26:1	unreviewed-verse
thanissaro	dhp21-32	dhp26:2	unreviewed-verse,pending-recovered-candidate
thanissaro	dhp21-32	dhp26:3	unreviewed-verse
thanissaro	dhp21-32	dhp26:4	unreviewed-verse
thanissaro	dhp21-32	dhp27:1	unreviewed-verse
thanissaro	dhp21-32	dhp27:2	unreviewed-verse
thanissaro	dhp21-32	dhp27:3	unreviewed-verse
thanissaro	dhp21-32	dhp27:4	unreviewed-verse
thanissaro	dhp21-32	dhp28:1	unreviewed-verse
thanissaro	dhp21-32	dhp28:2	unreviewed-verse,pending-recovered-candidate
thanissaro	dhp21-32	dhp28:3	unreviewed-verse
thanissaro	dhp21-32	dhp28:4	unreviewed-verse
thanissaro	dhp21-32	dhp28:5	unreviewed-verse
thanissaro	dhp21-32	dhp28:6	unreviewed-verse
thanissaro	dhp21-32	dhp29:1	unreviewed-verse
thanissaro	dhp21-32	dhp29:2	unreviewed-verse
thanissaro	dhp21-32	dhp29:3	unreviewed-verse
thanissaro	dhp21-32	dhp29:4	unreviewed-verse
thanissaro	dhp21-32	dhp30:1	unreviewed-verse
thanissaro	dhp21-32	dhp30:2	unreviewed-verse
thanissaro	dhp21-32	dhp30:3	unreviewed-verse
thanissaro	dhp21-32	dhp30:4	unreviewed-verse
thanissaro	dhp21-32	dhp31:1	unreviewed-verse
thanissaro	dhp21-32	dhp31:2	unreviewed-verse
thanissaro	dhp21-32	dhp31:3	unreviewed-verse
thanissaro	dhp21-32	dhp31:4	unreviewed-verse,pending-recovered-candidate
thanissaro	dhp21-32	dhp32:1	unreviewed-verse
thanissaro	dhp21-32	dhp32:2	unreviewed-verse
thanissaro	dhp21-32	dhp32:3	unreviewed-verse
thanissaro	dhp21-32	dhp32:4	unreviewed-verse
thanissaro	dhp221-234	dhp222:1	unreviewed-verse
thanissaro	dhp221-234	dhp222:2	unreviewed-verse
thanissaro	dhp221-234	dhp222:3	unreviewed-verse
thanissaro	dhp221-234	dhp222:4	unreviewed-verse
thanissaro	dhp221-234	dhp223:1	unreviewed-verse
thanissaro	dhp221-234	dhp223:2	unreviewed-verse
thanissaro	dhp221-234	dhp223:3	unreviewed-verse
thanissaro	dhp221-234	dhp223:4	unreviewed-verse
thanissaro	dhp221-234	dhp224:1	unreviewed-verse
thanissaro	dhp221-234	dhp224:2	unreviewed-verse
thanissaro	dhp221-234	dhp224:3	unreviewed-verse
thanissaro	dhp221-234	dhp224:4	unreviewed-verse
thanissaro	dhp221-234	dhp225:1	unreviewed-verse
thanissaro	dhp221-234	dhp225:2	unreviewed-verse
thanissaro	dhp221-234	dhp225:3	unreviewed-verse
thanissaro	dhp221-234	dhp225:4	unreviewed-verse
thanissaro	dhp221-234	dhp226:1	unreviewed-verse
thanissaro	dhp221-234	dhp226:2	unreviewed-verse
thanissaro	dhp221-234	dhp226:3	unreviewed-verse
thanissaro	dhp221-234	dhp226:4	unreviewed-verse
thanissaro	dhp221-234	dhp227:1	unreviewed-verse
thanissaro	dhp221-234	dhp227:2	unreviewed-verse
thanissaro	dhp221-234	dhp227:3	unreviewed-verse
thanissaro	dhp221-234	dhp227:4	unreviewed-verse
thanissaro	dhp221-234	dhp227:5	unreviewed-verse
thanissaro	dhp221-234	dhp227:6	unreviewed-verse
thanissaro	dhp221-234	dhp228:1	unreviewed-verse
thanissaro	dhp221-234	dhp228:2	unreviewed-verse
thanissaro	dhp221-234	dhp228:3	unreviewed-verse
thanissaro	dhp221-234	dhp228:4	unreviewed-verse,pending-recovered-candidate
thanissaro	dhp221-234	dhp229:1	unreviewed-verse,pending-recovered-candidate
thanissaro	dhp221-234	dhp229:2	unreviewed-verse,pending-recovered-candidate
thanissaro	dhp221-234	dhp229:3	unreviewed-verse
thanissaro	dhp221-234	dhp229:4	unreviewed-verse
thanissaro	dhp221-234	dhp230:1	unreviewed-verse
thanissaro	dhp221-234	dhp230:2	unreviewed-verse
thanissaro	dhp221-234	dhp230:3	unreviewed-verse
thanissaro	dhp221-234	dhp230:4	unreviewed-verse
thanissaro	dhp221-234	dhp231:1	unreviewed-verse
thanissaro	dhp221-234	dhp231:2	unreviewed-verse
thanissaro	dhp221-234	dhp231:3	unreviewed-verse
thanissaro	dhp221-234	dhp231:4	unreviewed-verse
thanissaro	dhp221-234	dhp232:1	unreviewed-verse
thanissaro	dhp221-234	dhp232:2	unreviewed-verse
thanissaro	dhp221-234	dhp232:3	unreviewed-verse
thanissaro	dhp221-234	dhp232:4	unreviewed-verse
thanissaro	dhp221-234	dhp233:1	unreviewed-verse
thanissaro	dhp221-234	dhp233:2	unreviewed-verse
thanissaro	dhp221-234	dhp233:3	unreviewed-verse
thanissaro	dhp221-234	dhp233:4	unreviewed-verse
thanissaro	dhp221-234	dhp234:1	unreviewed-verse
thanissaro	dhp221-234	dhp234:2	unreviewed-verse
thanissaro	dhp221-234	dhp234:3	unreviewed-verse
thanissaro	dhp221-234	dhp234:4	unreviewed-verse
thanissaro	dhp235-255	dhp235:1	unreviewed-verse
thanissaro	dhp235-255	dhp235:2	unreviewed-verse
thanissaro	dhp235-255	dhp235:3	unreviewed-verse
thanissaro	dhp235-255	dhp235:4	unreviewed-verse
thanissaro	dhp235-255	dhp236:1	unreviewed-verse
thanissaro	dhp235-255	dhp236:2	unreviewed-verse
thanissaro	dhp235-255	dhp236:3	unreviewed-verse
thanissaro	dhp235-255	dhp236:4	unreviewed-verse
thanissaro	dhp235-255	dhp237:1	unreviewed-verse
thanissaro	dhp235-255	dhp237:2	unreviewed-verse
thanissaro	dhp235-255	dhp237:3	unreviewed-verse
thanissaro	dhp235-255	dhp237:4	unreviewed-verse
thanissaro	dhp235-255	dhp238:1	unreviewed-verse
thanissaro	dhp235-255	dhp238:2	unreviewed-verse
thanissaro	dhp235-255	dhp238:3	unreviewed-verse
thanissaro	dhp235-255	dhp238:4	unreviewed-verse
thanissaro	dhp235-255	dhp239:1	unreviewed-verse
thanissaro	dhp235-255	dhp239:2	unreviewed-verse,pending-recovered-candidate
thanissaro	dhp235-255	dhp239:3	unreviewed-verse,pending-recovered-candidate
thanissaro	dhp235-255	dhp239:4	unreviewed-verse
thanissaro	dhp235-255	dhp240:1	unreviewed-verse
thanissaro	dhp235-255	dhp240:2	unreviewed-verse,pending-recovered-candidate
thanissaro	dhp235-255	dhp240:3	unreviewed-verse
thanissaro	dhp235-255	dhp240:4	unreviewed-verse,pending-recovered-candidate
thanissaro	dhp235-255	dhp241:1	unreviewed-verse
thanissaro	dhp235-255	dhp241:2	unreviewed-verse
thanissaro	dhp235-255	dhp241:3	unreviewed-verse
thanissaro	dhp235-255	dhp241:4	unreviewed-verse
thanissaro	dhp235-255	dhp242:1	unreviewed-verse
thanissaro	dhp235-255	dhp242:2	unreviewed-verse
thanissaro	dhp235-255	dhp242:3	unreviewed-verse
thanissaro	dhp235-255	dhp242:4	unreviewed-verse
thanissaro	dhp235-255	dhp243:1	unreviewed-verse
thanissaro	dhp235-255	dhp243:2	unreviewed-verse
thanissaro	dhp235-255	dhp243:3	unreviewed-verse
thanissaro	dhp235-255	dhp243:4	unreviewed-verse
thanissaro	dhp235-255	dhp244:1	unreviewed-verse
thanissaro	dhp235-255	dhp244:2	unreviewed-verse
thanissaro	dhp235-255	dhp244:3	unreviewed-verse
thanissaro	dhp235-255	dhp244:4	unreviewed-verse
thanissaro	dhp235-255	dhp245:1	unreviewed-verse
thanissaro	dhp235-255	dhp245:2	unreviewed-verse
thanissaro	dhp235-255	dhp245:3	unreviewed-verse
thanissaro	dhp235-255	dhp245:4	unreviewed-verse
thanissaro	dhp235-255	dhp246:1	unreviewed-verse
thanissaro	dhp235-255	dhp246:2	unreviewed-verse,pending-recovered-candidate
thanissaro	dhp235-255	dhp246:3	unreviewed-verse,pending-recovered-candidate
thanissaro	dhp235-255	dhp246:4	unreviewed-verse
thanissaro	dhp235-255	dhp247:1	unreviewed-verse,pending-recovered-candidate
thanissaro	dhp235-255	dhp247:2	unreviewed-verse,pending-recovered-candidate
thanissaro	dhp235-255	dhp247:3	unreviewed-verse,pending-recovered-candidate
thanissaro	dhp235-255	dhp247:4	unreviewed-verse,pending-recovered-candidate
thanissaro	dhp235-255	dhp248:1	unreviewed-verse
thanissaro	dhp235-255	dhp248:2	unreviewed-verse
thanissaro	dhp235-255	dhp248:3	unreviewed-verse
thanissaro	dhp235-255	dhp248:4	unreviewed-verse
thanissaro	dhp235-255	dhp249:1	unreviewed-verse
thanissaro	dhp235-255	dhp249:2	unreviewed-verse
thanissaro	dhp235-255	dhp249:3	unreviewed-verse
thanissaro	dhp235-255	dhp249:4	unreviewed-verse
thanissaro	dhp235-255	dhp249:5	unreviewed-verse
thanissaro	dhp235-255	dhp249:6	unreviewed-verse
thanissaro	dhp235-255	dhp250:1	unreviewed-verse,pending-recovered-candidate
thanissaro	dhp235-255	dhp250:2	unreviewed-verse
thanissaro	dhp235-255	dhp250:3	unreviewed-verse
thanissaro	dhp235-255	dhp250:4	unreviewed-verse
thanissaro	dhp235-255	dhp251:1	unreviewed-verse
thanissaro	dhp235-255	dhp251:2	unreviewed-verse
thanissaro	dhp235-255	dhp251:3	unreviewed-verse
thanissaro	dhp235-255	dhp251:4	unreviewed-verse
thanissaro	dhp235-255	dhp254:1	unreviewed-verse
thanissaro	dhp235-255	dhp254:2	unreviewed-verse
thanissaro	dhp235-255	dhp254:3	unreviewed-verse
thanissaro	dhp235-255	dhp254:4	unreviewed-verse
thanissaro	dhp235-255	dhp255:1	unreviewed-verse
thanissaro	dhp235-255	dhp255:2	unreviewed-verse
thanissaro	dhp235-255	dhp255:3	unreviewed-verse
thanissaro	dhp235-255	dhp255:4	unreviewed-verse
thanissaro	dhp256-272	dhp256:1	unreviewed-verse
thanissaro	dhp256-272	dhp256:2	unreviewed-verse
thanissaro	dhp256-272	dhp256:3	unreviewed-verse
thanissaro	dhp256-272	dhp256:4	unreviewed-verse,pending-recovered-candidate
thanissaro	dhp256-272	dhp257:1	unreviewed-verse
thanissaro	dhp256-272	dhp258:1	unreviewed-verse
thanissaro	dhp256-272	dhp258:2	unreviewed-verse
thanissaro	dhp256-272	dhp258:3	unreviewed-verse
thanissaro	dhp256-272	dhp258:4	unreviewed-verse
thanissaro	dhp256-272	dhp259:1	unreviewed-verse
thanissaro	dhp256-272	dhp259:2	unreviewed-verse
thanissaro	dhp256-272	dhp259:3	unreviewed-verse
thanissaro	dhp256-272	dhp259:4	unreviewed-verse
thanissaro	dhp256-272	dhp259:5	unreviewed-verse
thanissaro	dhp256-272	dhp259:6	unreviewed-verse,pending-recovered-candidate
thanissaro	dhp256-272	dhp260:1	unreviewed-verse,pending-recovered-candidate
thanissaro	dhp256-272	dhp260:2	unreviewed-verse,pending-recovered-candidate
thanissaro	dhp256-272	dhp260:3	unreviewed-verse
thanissaro	dhp256-272	dhp260:4	unreviewed-verse
thanissaro	dhp256-272	dhp261:1	unreviewed-verse
thanissaro	dhp256-272	dhp261:2	unreviewed-verse
thanissaro	dhp256-272	dhp261:3	unreviewed-verse,pending-recovered-candidate
thanissaro	dhp256-272	dhp261:4	unreviewed-verse
thanissaro	dhp256-272	dhp262:1	unreviewed-verse
thanissaro	dhp256-272	dhp262:2	unreviewed-verse
thanissaro	dhp256-272	dhp262:3	unreviewed-verse
thanissaro	dhp256-272	dhp262:4	unreviewed-verse
thanissaro	dhp256-272	dhp263:1	unreviewed-verse
thanissaro	dhp256-272	dhp263:2	unreviewed-verse
thanissaro	dhp256-272	dhp263:3	unreviewed-verse
thanissaro	dhp256-272	dhp263:4	unreviewed-verse
thanissaro	dhp256-272	dhp264:1	unreviewed-verse
thanissaro	dhp256-272	dhp264:2	unreviewed-verse,pending-recovered-candidate
thanissaro	dhp256-272	dhp264:3	unreviewed-verse,pending-recovered-candidate
thanissaro	dhp256-272	dhp264:4	unreviewed-verse,pending-recovered-candidate
thanissaro	dhp256-272	dhp265:1	unreviewed-verse
thanissaro	dhp256-272	dhp265:2	unreviewed-verse
thanissaro	dhp256-272	dhp265:3	unreviewed-verse
thanissaro	dhp256-272	dhp265:4	unreviewed-verse
thanissaro	dhp256-272	dhp266:1	unreviewed-verse,pending-recovered-candidate
thanissaro	dhp256-272	dhp266:2	unreviewed-verse,pending-recovered-candidate
thanissaro	dhp256-272	dhp266:3	unreviewed-verse
thanissaro	dhp256-272	dhp266:4	unreviewed-verse,pending-recovered-candidate
thanissaro	dhp256-272	dhp267:1	unreviewed-verse
thanissaro	dhp256-272	dhp267:2	unreviewed-verse,pending-recovered-candidate
thanissaro	dhp256-272	dhp267:3	unreviewed-verse
thanissaro	dhp256-272	dhp267:4	unreviewed-verse
thanissaro	dhp256-272	dhp268:1	unreviewed-verse
thanissaro	dhp256-272	dhp268:2	unreviewed-verse
thanissaro	dhp256-272	dhp268:3	unreviewed-verse
thanissaro	dhp256-272	dhp268:4	unreviewed-verse
thanissaro	dhp256-272	dhp269:1	unreviewed-verse
thanissaro	dhp256-272	dhp269:2	unreviewed-verse
thanissaro	dhp256-272	dhp269:3	unreviewed-verse
thanissaro	dhp256-272	dhp269:4	unreviewed-verse
thanissaro	dhp256-272	dhp270:1	unreviewed-verse
thanissaro	dhp256-272	dhp270:2	unreviewed-verse
thanissaro	dhp256-272	dhp270:3	unreviewed-verse
thanissaro	dhp256-272	dhp270:4	unreviewed-verse
thanissaro	dhp256-272	dhp271:1	unreviewed-verse
thanissaro	dhp256-272	dhp271:2	unreviewed-verse
thanissaro	dhp256-272	dhp271:3	unreviewed-verse
thanissaro	dhp256-272	dhp271:4	unreviewed-verse
thanissaro	dhp256-272	dhp272:1	unreviewed-verse
thanissaro	dhp256-272	dhp272:2	unreviewed-verse
thanissaro	dhp256-272	dhp272:3	unreviewed-verse
thanissaro	dhp256-272	dhp272:4	unreviewed-verse
thanissaro	dhp273-289	dhp273:1	unreviewed-verse
thanissaro	dhp273-289	dhp273:2	unreviewed-verse
thanissaro	dhp273-289	dhp273:3	unreviewed-verse
thanissaro	dhp273-289	dhp273:4	unreviewed-verse
thanissaro	dhp273-289	dhp274:1	unreviewed-verse
thanissaro	dhp273-289	dhp274:2	unreviewed-verse
thanissaro	dhp273-289	dhp274:3	unreviewed-verse
thanissaro	dhp273-289	dhp274:4	unreviewed-verse
thanissaro	dhp273-289	dhp275:1	unreviewed-verse
thanissaro	dhp273-289	dhp275:2	unreviewed-verse
thanissaro	dhp273-289	dhp275:3	unreviewed-verse
thanissaro	dhp273-289	dhp275:4	unreviewed-verse
thanissaro	dhp273-289	dhp276:1	unreviewed-verse
thanissaro	dhp273-289	dhp276:2	unreviewed-verse
thanissaro	dhp273-289	dhp276:3	unreviewed-verse
thanissaro	dhp273-289	dhp276:4	unreviewed-verse,pending-recovered-candidate
thanissaro	dhp273-289	dhp277:1	unreviewed-verse
thanissaro	dhp273-289	dhp277:2	unreviewed-verse
thanissaro	dhp273-289	dhp277:3	unreviewed-verse
thanissaro	dhp273-289	dhp277:4	unreviewed-verse
thanissaro	dhp273-289	dhp278:1	unreviewed-verse
thanissaro	dhp273-289	dhp278:2	unreviewed-verse
thanissaro	dhp273-289	dhp278:3	unreviewed-verse
thanissaro	dhp273-289	dhp278:4	unreviewed-verse
thanissaro	dhp273-289	dhp279:1	unreviewed-verse
thanissaro	dhp273-289	dhp279:2	unreviewed-verse
thanissaro	dhp273-289	dhp279:3	unreviewed-verse
thanissaro	dhp273-289	dhp279:4	unreviewed-verse
thanissaro	dhp273-289	dhp280:1	unreviewed-verse
thanissaro	dhp273-289	dhp280:2	unreviewed-verse
thanissaro	dhp273-289	dhp280:3	unreviewed-verse
thanissaro	dhp273-289	dhp280:4	unreviewed-verse
thanissaro	dhp273-289	dhp281:1	unreviewed-verse
thanissaro	dhp273-289	dhp281:2	unreviewed-verse
thanissaro	dhp273-289	dhp281:3	unreviewed-verse
thanissaro	dhp273-289	dhp281:4	unreviewed-verse
thanissaro	dhp273-289	dhp282:1	unreviewed-verse
thanissaro	dhp273-289	dhp282:2	unreviewed-verse
thanissaro	dhp273-289	dhp282:3	unreviewed-verse
thanissaro	dhp273-289	dhp282:4	unreviewed-verse
thanissaro	dhp273-289	dhp282:5	unreviewed-verse
thanissaro	dhp273-289	dhp282:6	unreviewed-verse
thanissaro	dhp273-289	dhp283:1	unreviewed-verse
thanissaro	dhp273-289	dhp283:2	unreviewed-verse
thanissaro	dhp273-289	dhp283:3	unreviewed-verse
thanissaro	dhp273-289	dhp283:4	unreviewed-verse
thanissaro	dhp273-289	dhp284:1	unreviewed-verse
thanissaro	dhp273-289	dhp285:1	unreviewed-verse
thanissaro	dhp273-289	dhp285:2	unreviewed-verse
thanissaro	dhp273-289	dhp285:3	unreviewed-verse
thanissaro	dhp273-289	dhp285:4	unreviewed-verse
thanissaro	dhp273-289	dhp286:1	unreviewed-verse
thanissaro	dhp273-289	dhp286:2	unreviewed-verse
thanissaro	dhp273-289	dhp286:3	unreviewed-verse
thanissaro	dhp273-289	dhp286:4	unreviewed-verse
thanissaro	dhp273-289	dhp287:1	unreviewed-verse
thanissaro	dhp273-289	dhp287:2	unreviewed-verse,pending-recovered-candidate
thanissaro	dhp273-289	dhp287:3	unreviewed-verse,pending-recovered-candidate
thanissaro	dhp273-289	dhp287:4	unreviewed-verse
thanissaro	dhp273-289	dhp288:1	unreviewed-verse
thanissaro	dhp273-289	dhp288:2	unreviewed-verse
thanissaro	dhp273-289	dhp288:3	unreviewed-verse
thanissaro	dhp273-289	dhp288:4	unreviewed-verse
thanissaro	dhp273-289	dhp289:1	unreviewed-verse
thanissaro	dhp273-289	dhp289:2	unreviewed-verse
thanissaro	dhp273-289	dhp289:3	unreviewed-verse
thanissaro	dhp273-289	dhp289:4	unreviewed-verse,pending-recovered-candidate
thanissaro	dhp290-305	dhp290:1	unreviewed-verse
thanissaro	dhp290-305	dhp290:2	unreviewed-verse
thanissaro	dhp290-305	dhp290:3	unreviewed-verse
thanissaro	dhp290-305	dhp290:4	unreviewed-verse
thanissaro	dhp290-305	dhp291:1	unreviewed-verse,pending-recovered-candidate
thanissaro	dhp290-305	dhp291:2	unreviewed-verse,pending-recovered-candidate
thanissaro	dhp290-305	dhp291:3	unreviewed-verse
thanissaro	dhp290-305	dhp291:4	unreviewed-verse
thanissaro	dhp290-305	dhp292:1	unreviewed-verse
thanissaro	dhp290-305	dhp292:2	unreviewed-verse
thanissaro	dhp290-305	dhp292:3	unreviewed-verse
thanissaro	dhp290-305	dhp292:4	unreviewed-verse
thanissaro	dhp290-305	dhp293:1	unreviewed-verse
thanissaro	dhp290-305	dhp293:2	unreviewed-verse
thanissaro	dhp290-305	dhp293:3	unreviewed-verse
thanissaro	dhp290-305	dhp293:4	unreviewed-verse
thanissaro	dhp290-305	dhp293:5	unreviewed-verse
thanissaro	dhp290-305	dhp293:6	unreviewed-verse
thanissaro	dhp290-305	dhp294:1	unreviewed-verse
thanissaro	dhp290-305	dhp294:2	unreviewed-verse
thanissaro	dhp290-305	dhp294:3	unreviewed-verse
thanissaro	dhp290-305	dhp294:4	unreviewed-verse
thanissaro	dhp290-305	dhp295:1	unreviewed-verse
thanissaro	dhp290-305	dhp295:2	unreviewed-verse
thanissaro	dhp290-305	dhp295:3	unreviewed-verse
thanissaro	dhp290-305	dhp295:4	unreviewed-verse
thanissaro	dhp290-305	dhp296:1	unreviewed-verse
thanissaro	dhp290-305	dhp296:2	unreviewed-verse,pending-recovered-candidate
thanissaro	dhp290-305	dhp296:3	unreviewed-verse
thanissaro	dhp290-305	dhp296:4	unreviewed-verse
thanissaro	dhp290-305	dhp297:1	unreviewed-verse
thanissaro	dhp290-305	dhp297:2	unreviewed-verse,pending-recovered-candidate
thanissaro	dhp290-305	dhp297:3	unreviewed-verse
thanissaro	dhp290-305	dhp297:4	unreviewed-verse
thanissaro	dhp290-305	dhp299:1	unreviewed-verse
thanissaro	dhp290-305	dhp299:2	unreviewed-verse,pending-recovered-candidate
thanissaro	dhp290-305	dhp299:3	unreviewed-verse
thanissaro	dhp290-305	dhp299:4	unreviewed-verse
thanissaro	dhp290-305	dhp300:1	unreviewed-verse
thanissaro	dhp290-305	dhp300:2	unreviewed-verse,pending-recovered-candidate
thanissaro	dhp290-305	dhp300:3	unreviewed-verse
thanissaro	dhp290-305	dhp300:4	unreviewed-verse,pending-recovered-candidate
thanissaro	dhp290-305	dhp301:1	unreviewed-verse
thanissaro	dhp290-305	dhp301:2	unreviewed-verse,pending-recovered-candidate
thanissaro	dhp290-305	dhp301:3	unreviewed-verse
thanissaro	dhp290-305	dhp301:4	unreviewed-verse,pending-recovered-candidate
thanissaro	dhp290-305	dhp302:1	unreviewed-verse
thanissaro	dhp290-305	dhp302:2	unreviewed-verse
thanissaro	dhp290-305	dhp302:3	unreviewed-verse
thanissaro	dhp290-305	dhp302:4	unreviewed-verse
thanissaro	dhp290-305	dhp302:5	unreviewed-verse
thanissaro	dhp290-305	dhp302:6	unreviewed-verse
thanissaro	dhp290-305	dhp303:1	unreviewed-verse
thanissaro	dhp290-305	dhp303:2	unreviewed-verse
thanissaro	dhp290-305	dhp303:3	unreviewed-verse
thanissaro	dhp290-305	dhp303:4	unreviewed-verse,pending-recovered-candidate
thanissaro	dhp290-305	dhp304:1	unreviewed-verse
thanissaro	dhp290-305	dhp304:2	unreviewed-verse
thanissaro	dhp290-305	dhp304:3	unreviewed-verse
thanissaro	dhp290-305	dhp304:4	unreviewed-verse
thanissaro	dhp290-305	dhp305:1	unreviewed-verse
thanissaro	dhp290-305	dhp305:2	unreviewed-verse
thanissaro	dhp290-305	dhp305:3	unreviewed-verse
thanissaro	dhp290-305	dhp305:4	unreviewed-verse
thanissaro	dhp306-319	dhp306:1	unreviewed-verse
thanissaro	dhp306-319	dhp306:2	unreviewed-verse
thanissaro	dhp306-319	dhp306:3	unreviewed-verse
thanissaro	dhp306-319	dhp306:4	unreviewed-verse
thanissaro	dhp306-319	dhp308:1	unreviewed-verse,pending-recovered-candidate
thanissaro	dhp306-319	dhp308:2	unreviewed-verse,pending-recovered-candidate
thanissaro	dhp306-319	dhp308:3	unreviewed-verse
thanissaro	dhp306-319	dhp308:4	unreviewed-verse
thanissaro	dhp306-319	dhp309:1	unreviewed-verse
thanissaro	dhp306-319	dhp309:2	unreviewed-verse
thanissaro	dhp306-319	dhp309:3	unreviewed-verse
thanissaro	dhp306-319	dhp309:4	unreviewed-verse
thanissaro	dhp306-319	dhp311:1	unreviewed-verse
thanissaro	dhp306-319	dhp311:2	unreviewed-verse
thanissaro	dhp306-319	dhp311:3	unreviewed-verse
thanissaro	dhp306-319	dhp311:4	unreviewed-verse
thanissaro	dhp306-319	dhp312:1	unreviewed-verse
thanissaro	dhp306-319	dhp312:2	unreviewed-verse
thanissaro	dhp306-319	dhp312:3	unreviewed-verse
thanissaro	dhp306-319	dhp312:4	unreviewed-verse
thanissaro	dhp306-319	dhp313:1	unreviewed-verse
thanissaro	dhp306-319	dhp313:2	unreviewed-verse
thanissaro	dhp306-319	dhp313:3	unreviewed-verse
thanissaro	dhp306-319	dhp313:4	unreviewed-verse
thanissaro	dhp306-319	dhp314:1	unreviewed-verse
thanissaro	dhp306-319	dhp314:2	unreviewed-verse
thanissaro	dhp306-319	dhp314:3	unreviewed-verse
thanissaro	dhp306-319	dhp314:4	unreviewed-verse
thanissaro	dhp306-319	dhp315:1	unreviewed-verse
thanissaro	dhp306-319	dhp315:2	unreviewed-verse
thanissaro	dhp306-319	dhp315:3	unreviewed-verse
thanissaro	dhp306-319	dhp315:4	unreviewed-verse
thanissaro	dhp306-319	dhp315:5	unreviewed-verse
thanissaro	dhp306-319	dhp315:6	unreviewed-verse,pending-recovered-candidate
thanissaro	dhp306-319	dhp316:1	unreviewed-verse,pending-recovered-candidate
thanissaro	dhp306-319	dhp316:2	unreviewed-verse,pending-recovered-candidate
thanissaro	dhp306-319	dhp316:3	unreviewed-verse
thanissaro	dhp306-319	dhp316:4	unreviewed-verse
thanissaro	dhp306-319	dhp317:1	unreviewed-verse
thanissaro	dhp306-319	dhp317:2	unreviewed-verse
thanissaro	dhp306-319	dhp317:3	unreviewed-verse
thanissaro	dhp306-319	dhp317:4	unreviewed-verse
thanissaro	dhp306-319	dhp318:1	unreviewed-verse
thanissaro	dhp306-319	dhp318:2	unreviewed-verse
thanissaro	dhp306-319	dhp318:3	unreviewed-verse
thanissaro	dhp306-319	dhp318:4	unreviewed-verse
thanissaro	dhp306-319	dhp319:1	unreviewed-verse
thanissaro	dhp306-319	dhp319:2	unreviewed-verse
thanissaro	dhp306-319	dhp319:3	unreviewed-verse
thanissaro	dhp306-319	dhp319:4	unreviewed-verse
thanissaro	dhp320-333	dhp320:1	unreviewed-verse
thanissaro	dhp320-333	dhp320:2	unreviewed-verse
thanissaro	dhp320-333	dhp320:3	unreviewed-verse
thanissaro	dhp320-333	dhp320:4	unreviewed-verse
thanissaro	dhp320-333	dhp321:3	unreviewed-verse
thanissaro	dhp320-333	dhp322:1	unreviewed-verse
thanissaro	dhp320-333	dhp322:2	unreviewed-verse,pending-recovered-candidate
thanissaro	dhp320-333	dhp322:3	unreviewed-verse,pending-recovered-candidate
thanissaro	dhp320-333	dhp322:4	unreviewed-verse,pending-recovered-candidate
thanissaro	dhp320-333	dhp323:1	unreviewed-verse
thanissaro	dhp320-333	dhp323:2	unreviewed-verse,pending-recovered-candidate
thanissaro	dhp320-333	dhp323:3	unreviewed-verse
thanissaro	dhp320-333	dhp323:4	unreviewed-verse,pending-recovered-candidate
thanissaro	dhp320-333	dhp324:1	unreviewed-verse
thanissaro	dhp320-333	dhp324:2	unreviewed-verse
thanissaro	dhp320-333	dhp324:3	unreviewed-verse
thanissaro	dhp320-333	dhp324:4	unreviewed-verse
thanissaro	dhp320-333	dhp325:1	unreviewed-verse
thanissaro	dhp320-333	dhp325:2	unreviewed-verse
thanissaro	dhp320-333	dhp325:3	unreviewed-verse
thanissaro	dhp320-333	dhp325:4	unreviewed-verse
thanissaro	dhp320-333	dhp326:1	unreviewed-verse
thanissaro	dhp320-333	dhp326:2	unreviewed-verse
thanissaro	dhp320-333	dhp326:3	unreviewed-verse
thanissaro	dhp320-333	dhp326:4	unreviewed-verse
thanissaro	dhp320-333	dhp327:1	unreviewed-verse
thanissaro	dhp320-333	dhp327:2	unreviewed-verse
thanissaro	dhp320-333	dhp327:3	unreviewed-verse
thanissaro	dhp320-333	dhp327:4	unreviewed-verse
thanissaro	dhp320-333	dhp328:1	unreviewed-verse
thanissaro	dhp320-333	dhp328:2	unreviewed-verse
thanissaro	dhp320-333	dhp328:3	unreviewed-verse
thanissaro	dhp320-333	dhp328:4	unreviewed-verse
thanissaro	dhp320-333	dhp329:1	unreviewed-verse
thanissaro	dhp320-333	dhp329:2	unreviewed-verse
thanissaro	dhp320-333	dhp329:3	unreviewed-verse
thanissaro	dhp320-333	dhp329:4	unreviewed-verse
thanissaro	dhp320-333	dhp330:1	unreviewed-verse
thanissaro	dhp320-333	dhp330:2	unreviewed-verse
thanissaro	dhp320-333	dhp330:3	unreviewed-verse
thanissaro	dhp320-333	dhp330:4	unreviewed-verse
thanissaro	dhp320-333	dhp331:1	unreviewed-verse
thanissaro	dhp320-333	dhp331:2	unreviewed-verse
thanissaro	dhp320-333	dhp331:3	unreviewed-verse
thanissaro	dhp320-333	dhp331:4	unreviewed-verse
thanissaro	dhp320-333	dhp332:1	unreviewed-verse
thanissaro	dhp320-333	dhp332:2	unreviewed-verse,pending-recovered-candidate
thanissaro	dhp320-333	dhp332:3	unreviewed-verse
thanissaro	dhp320-333	dhp332:4	unreviewed-verse,pending-recovered-candidate
thanissaro	dhp33-43	dhp33:1	unreviewed-verse
thanissaro	dhp33-43	dhp33:2	unreviewed-verse
thanissaro	dhp33-43	dhp33:3	unreviewed-verse
thanissaro	dhp33-43	dhp33:4	unreviewed-verse
thanissaro	dhp33-43	dhp34:1	unreviewed-verse
thanissaro	dhp33-43	dhp34:2	unreviewed-verse
thanissaro	dhp33-43	dhp34:3	unreviewed-verse
thanissaro	dhp33-43	dhp34:4	unreviewed-verse
thanissaro	dhp33-43	dhp35:1	unreviewed-verse
thanissaro	dhp33-43	dhp35:2	unreviewed-verse
thanissaro	dhp33-43	dhp35:3	unreviewed-verse
thanissaro	dhp33-43	dhp35:4	unreviewed-verse
thanissaro	dhp33-43	dhp36:1	unreviewed-verse
thanissaro	dhp33-43	dhp36:2	unreviewed-verse
thanissaro	dhp33-43	dhp36:3	unreviewed-verse
thanissaro	dhp33-43	dhp36:4	unreviewed-verse
thanissaro	dhp33-43	dhp37:1	unreviewed-verse
thanissaro	dhp33-43	dhp37:2	unreviewed-verse
thanissaro	dhp33-43	dhp37:3	unreviewed-verse
thanissaro	dhp33-43	dhp37:4	unreviewed-verse
thanissaro	dhp33-43	dhp38:1	unreviewed-verse
thanissaro	dhp33-43	dhp38:2	unreviewed-verse
thanissaro	dhp33-43	dhp38:3	unreviewed-verse
thanissaro	dhp33-43	dhp38:4	unreviewed-verse
thanissaro	dhp33-43	dhp39:1	unreviewed-verse
thanissaro	dhp33-43	dhp39:2	unreviewed-verse
thanissaro	dhp33-43	dhp39:3	unreviewed-verse
thanissaro	dhp33-43	dhp39:4	unreviewed-verse
thanissaro	dhp33-43	dhp40:1	unreviewed-verse
thanissaro	dhp33-43	dhp40:2	unreviewed-verse
thanissaro	dhp33-43	dhp40:3	unreviewed-verse
thanissaro	dhp33-43	dhp40:4	unreviewed-verse
thanissaro	dhp33-43	dhp41:1	unreviewed-verse
thanissaro	dhp33-43	dhp41:2	unreviewed-verse
thanissaro	dhp33-43	dhp41:3	unreviewed-verse
thanissaro	dhp33-43	dhp41:4	unreviewed-verse
thanissaro	dhp33-43	dhp42:1	unreviewed-verse,pending-recovered-candidate
thanissaro	dhp33-43	dhp42:2	unreviewed-verse,pending-recovered-candidate
thanissaro	dhp33-43	dhp42:3	unreviewed-verse,pending-recovered-candidate
thanissaro	dhp33-43	dhp42:4	unreviewed-verse,pending-recovered-candidate
thanissaro	dhp33-43	dhp43:1	unreviewed-verse
thanissaro	dhp33-43	dhp43:2	unreviewed-verse,pending-recovered-candidate
thanissaro	dhp33-43	dhp43:3	unreviewed-verse,pending-recovered-candidate
thanissaro	dhp33-43	dhp43:4	unreviewed-verse,pending-recovered-candidate
thanissaro	dhp334-359	dhp334:1	unreviewed-verse
thanissaro	dhp334-359	dhp334:2	unreviewed-verse
thanissaro	dhp334-359	dhp334:3	unreviewed-verse
thanissaro	dhp334-359	dhp334:4	unreviewed-verse
thanissaro	dhp334-359	dhp335:1	unreviewed-verse
thanissaro	dhp334-359	dhp335:2	unreviewed-verse
thanissaro	dhp334-359	dhp335:3	unreviewed-verse
thanissaro	dhp334-359	dhp335:4	unreviewed-verse
thanissaro	dhp334-359	dhp336:1	unreviewed-verse
thanissaro	dhp334-359	dhp336:2	unreviewed-verse
thanissaro	dhp334-359	dhp336:3	unreviewed-verse
thanissaro	dhp334-359	dhp336:4	unreviewed-verse
thanissaro	dhp334-359	dhp337:1	unreviewed-verse
thanissaro	dhp334-359	dhp337:2	unreviewed-verse
thanissaro	dhp334-359	dhp337:3	unreviewed-verse
thanissaro	dhp334-359	dhp337:4	unreviewed-verse
thanissaro	dhp334-359	dhp337:5	unreviewed-verse
thanissaro	dhp334-359	dhp337:6	unreviewed-verse,pending-recovered-candidate
thanissaro	dhp334-359	dhp338:1	unreviewed-verse
thanissaro	dhp334-359	dhp338:2	unreviewed-verse,pending-recovered-candidate
thanissaro	dhp334-359	dhp338:3	unreviewed-verse
thanissaro	dhp334-359	dhp338:4	unreviewed-verse,pending-recovered-candidate
thanissaro	dhp334-359	dhp339:1	unreviewed-verse
thanissaro	dhp334-359	dhp339:2	unreviewed-verse,pending-recovered-candidate
thanissaro	dhp334-359	dhp339:3	unreviewed-verse,pending-recovered-candidate
thanissaro	dhp334-359	dhp339:4	unreviewed-verse,pending-recovered-candidate
thanissaro	dhp334-359	dhp340:1	unreviewed-verse
thanissaro	dhp334-359	dhp340:2	unreviewed-verse
thanissaro	dhp334-359	dhp340:3	unreviewed-verse
thanissaro	dhp334-359	dhp340:4	unreviewed-verse
thanissaro	dhp334-359	dhp341:1	unreviewed-verse
thanissaro	dhp334-359	dhp341:2	unreviewed-verse,pending-recovered-candidate
thanissaro	dhp334-359	dhp341:3	unreviewed-verse
thanissaro	dhp334-359	dhp341:4	unreviewed-verse
thanissaro	dhp334-359	dhp342:1	unreviewed-verse
thanissaro	dhp334-359	dhp342:2	unreviewed-verse
thanissaro	dhp334-359	dhp342:3	unreviewed-verse
thanissaro	dhp334-359	dhp342:4	unreviewed-verse,pending-recovered-candidate
thanissaro	dhp334-359	dhp343:1	unreviewed-verse,pending-recovered-candidate
thanissaro	dhp334-359	dhp343:2	unreviewed-verse,pending-recovered-candidate
thanissaro	dhp334-359	dhp343:3	unreviewed-verse
thanissaro	dhp334-359	dhp343:4	unreviewed-verse,pending-recovered-candidate
thanissaro	dhp334-359	dhp344:1	unreviewed-verse
thanissaro	dhp334-359	dhp344:2	unreviewed-verse
thanissaro	dhp334-359	dhp344:3	unreviewed-verse
thanissaro	dhp334-359	dhp344:4	unreviewed-verse
thanissaro	dhp334-359	dhp345:1	unreviewed-verse
thanissaro	dhp334-359	dhp345:2	unreviewed-verse
thanissaro	dhp334-359	dhp345:3	unreviewed-verse
thanissaro	dhp334-359	dhp345:4	unreviewed-verse
thanissaro	dhp334-359	dhp346:1	unreviewed-verse
thanissaro	dhp334-359	dhp346:2	unreviewed-verse
thanissaro	dhp334-359	dhp346:3	unreviewed-verse
thanissaro	dhp334-359	dhp346:4	unreviewed-verse
thanissaro	dhp334-359	dhp347:1	unreviewed-verse
thanissaro	dhp334-359	dhp347:2	unreviewed-verse
thanissaro	dhp334-359	dhp347:3	unreviewed-verse
thanissaro	dhp334-359	dhp347:4	unreviewed-verse
thanissaro	dhp334-359	dhp348:1	unreviewed-verse
thanissaro	dhp334-359	dhp348:2	unreviewed-verse
thanissaro	dhp334-359	dhp348:3	unreviewed-verse
thanissaro	dhp334-359	dhp348:4	unreviewed-verse
thanissaro	dhp334-359	dhp349:1	unreviewed-verse
thanissaro	dhp334-359	dhp349:2	unreviewed-verse
thanissaro	dhp334-359	dhp349:3	unreviewed-verse
thanissaro	dhp334-359	dhp349:4	unreviewed-verse
thanissaro	dhp334-359	dhp351:1	unreviewed-verse
thanissaro	dhp334-359	dhp351:2	unreviewed-verse
thanissaro	dhp334-359	dhp351:3	unreviewed-verse
thanissaro	dhp334-359	dhp351:4	unreviewed-verse
thanissaro	dhp334-359	dhp352:1	unreviewed-verse
thanissaro	dhp334-359	dhp352:2	unreviewed-verse
thanissaro	dhp334-359	dhp352:3	unreviewed-verse
thanissaro	dhp334-359	dhp352:4	unreviewed-verse
thanissaro	dhp334-359	dhp352:5	unreviewed-verse
thanissaro	dhp334-359	dhp352:6	unreviewed-verse
thanissaro	dhp334-359	dhp353:1	unreviewed-verse
thanissaro	dhp334-359	dhp353:2	unreviewed-verse
thanissaro	dhp334-359	dhp353:3	unreviewed-verse
thanissaro	dhp334-359	dhp353:4	unreviewed-verse
thanissaro	dhp334-359	dhp354:1	unreviewed-verse
thanissaro	dhp334-359	dhp354:2	unreviewed-verse
thanissaro	dhp334-359	dhp354:3	unreviewed-verse
thanissaro	dhp334-359	dhp354:4	unreviewed-verse
thanissaro	dhp334-359	dhp355:1	unreviewed-verse
thanissaro	dhp334-359	dhp355:2	unreviewed-verse
thanissaro	dhp334-359	dhp355:3	unreviewed-verse
thanissaro	dhp334-359	dhp355:4	unreviewed-verse
thanissaro	dhp334-359	dhp356:1	unreviewed-verse
thanissaro	dhp334-359	dhp356:2	unreviewed-verse
thanissaro	dhp334-359	dhp356:3	unreviewed-verse
thanissaro	dhp334-359	dhp356:4	unreviewed-verse
thanissaro	dhp334-359	dhp357:1	unreviewed-verse
thanissaro	dhp334-359	dhp357:2	unreviewed-verse
thanissaro	dhp334-359	dhp357:3	unreviewed-verse
thanissaro	dhp334-359	dhp357:4	unreviewed-verse
thanissaro	dhp334-359	dhp358:1	unreviewed-verse
thanissaro	dhp334-359	dhp358:2	unreviewed-verse
thanissaro	dhp334-359	dhp358:3	unreviewed-verse
thanissaro	dhp334-359	dhp358:4	unreviewed-verse
thanissaro	dhp334-359	dhp359:1	unreviewed-verse
thanissaro	dhp334-359	dhp359:2	unreviewed-verse
thanissaro	dhp334-359	dhp359:3	unreviewed-verse
thanissaro	dhp334-359	dhp359:4	unreviewed-verse
thanissaro	dhp360-382	dhp360:1	unreviewed-verse
thanissaro	dhp360-382	dhp360:2	unreviewed-verse
thanissaro	dhp360-382	dhp360:3	unreviewed-verse
thanissaro	dhp360-382	dhp360:4	unreviewed-verse
thanissaro	dhp360-382	dhp361:1	unreviewed-verse
thanissaro	dhp360-382	dhp361:2	unreviewed-verse
thanissaro	dhp360-382	dhp361:3	unreviewed-verse
thanissaro	dhp360-382	dhp361:4	unreviewed-verse
thanissaro	dhp360-382	dhp361:5	unreviewed-verse
thanissaro	dhp360-382	dhp361:6	unreviewed-verse
thanissaro	dhp360-382	dhp362:1	unreviewed-verse
thanissaro	dhp360-382	dhp362:2	unreviewed-verse
thanissaro	dhp360-382	dhp362:3	unreviewed-verse
thanissaro	dhp360-382	dhp362:4	unreviewed-verse
thanissaro	dhp360-382	dhp363:1	unreviewed-verse
thanissaro	dhp360-382	dhp363:2	unreviewed-verse
thanissaro	dhp360-382	dhp363:3	unreviewed-verse
thanissaro	dhp360-382	dhp363:4	unreviewed-verse
thanissaro	dhp360-382	dhp364:1	unreviewed-verse
thanissaro	dhp360-382	dhp364:2	unreviewed-verse
thanissaro	dhp360-382	dhp364:3	unreviewed-verse
thanissaro	dhp360-382	dhp364:4	unreviewed-verse
thanissaro	dhp360-382	dhp366:1	unreviewed-verse
thanissaro	dhp360-382	dhp366:2	unreviewed-verse
thanissaro	dhp360-382	dhp366:3	unreviewed-verse
thanissaro	dhp360-382	dhp366:4	unreviewed-verse
thanissaro	dhp360-382	dhp367:1	unreviewed-verse
thanissaro	dhp360-382	dhp367:2	unreviewed-verse,pending-recovered-candidate
thanissaro	dhp360-382	dhp367:3	unreviewed-verse
thanissaro	dhp360-382	dhp367:4	unreviewed-verse
thanissaro	dhp360-382	dhp368:1	unreviewed-verse
thanissaro	dhp360-382	dhp368:2	unreviewed-verse
thanissaro	dhp360-382	dhp368:3	unreviewed-verse
thanissaro	dhp360-382	dhp368:4	unreviewed-verse
thanissaro	dhp360-382	dhp369:1	unreviewed-verse
thanissaro	dhp360-382	dhp369:2	unreviewed-verse
thanissaro	dhp360-382	dhp369:3	unreviewed-verse
thanissaro	dhp360-382	dhp369:4	unreviewed-verse
thanissaro	dhp360-382	dhp370:1	unreviewed-verse
thanissaro	dhp360-382	dhp370:2	unreviewed-verse
thanissaro	dhp360-382	dhp370:3	unreviewed-verse
thanissaro	dhp360-382	dhp370:4	unreviewed-verse
thanissaro	dhp360-382	dhp371:1	unreviewed-verse
thanissaro	dhp360-382	dhp371:2	unreviewed-verse
thanissaro	dhp360-382	dhp371:3	unreviewed-verse
thanissaro	dhp360-382	dhp371:4	unreviewed-verse
thanissaro	dhp360-382	dhp372:1	unreviewed-verse
thanissaro	dhp360-382	dhp372:2	unreviewed-verse
thanissaro	dhp360-382	dhp372:3	unreviewed-verse
thanissaro	dhp360-382	dhp372:4	unreviewed-verse
thanissaro	dhp360-382	dhp373:1	unreviewed-verse
thanissaro	dhp360-382	dhp373:2	unreviewed-verse
thanissaro	dhp360-382	dhp373:3	unreviewed-verse
thanissaro	dhp360-382	dhp373:4	unreviewed-verse
thanissaro	dhp360-382	dhp374:1	unreviewed-verse
thanissaro	dhp360-382	dhp374:2	unreviewed-verse
thanissaro	dhp360-382	dhp374:3	unreviewed-verse
thanissaro	dhp360-382	dhp374:4	unreviewed-verse
thanissaro	dhp360-382	dhp375:1	unreviewed-verse
thanissaro	dhp360-382	dhp375:2	unreviewed-verse
thanissaro	dhp360-382	dhp375:3	unreviewed-verse
thanissaro	dhp360-382	dhp375:4	unreviewed-verse
thanissaro	dhp360-382	dhp376:1	unreviewed-verse
thanissaro	dhp360-382	dhp376:2	unreviewed-verse
thanissaro	dhp360-382	dhp376:3	unreviewed-verse
thanissaro	dhp360-382	dhp376:4	unreviewed-verse
thanissaro	dhp360-382	dhp376:5	unreviewed-verse
thanissaro	dhp360-382	dhp376:6	unreviewed-verse
thanissaro	dhp360-382	dhp377:1	unreviewed-verse
thanissaro	dhp360-382	dhp377:2	unreviewed-verse
thanissaro	dhp360-382	dhp377:3	unreviewed-verse
thanissaro	dhp360-382	dhp377:4	unreviewed-verse
thanissaro	dhp360-382	dhp378:1	unreviewed-verse
thanissaro	dhp360-382	dhp378:2	unreviewed-verse
thanissaro	dhp360-382	dhp378:3	unreviewed-verse
thanissaro	dhp360-382	dhp378:4	unreviewed-verse,pending-recovered-candidate
thanissaro	dhp360-382	dhp379:1	unreviewed-verse
thanissaro	dhp360-382	dhp379:2	unreviewed-verse
thanissaro	dhp360-382	dhp379:3	unreviewed-verse
thanissaro	dhp360-382	dhp379:4	unreviewed-verse
thanissaro	dhp360-382	dhp380:1	unreviewed-verse
thanissaro	dhp360-382	dhp380:2	unreviewed-verse
thanissaro	dhp360-382	dhp380:3	unreviewed-verse
thanissaro	dhp360-382	dhp380:4	unreviewed-verse
thanissaro	dhp360-382	dhp380:5	unreviewed-verse
thanissaro	dhp360-382	dhp381:1	unreviewed-verse
thanissaro	dhp360-382	dhp381:2	unreviewed-verse
thanissaro	dhp360-382	dhp381:3	unreviewed-verse
thanissaro	dhp360-382	dhp381:4	unreviewed-verse
thanissaro	dhp360-382	dhp382:1	unreviewed-verse
thanissaro	dhp360-382	dhp382:2	unreviewed-verse
thanissaro	dhp360-382	dhp382:3	unreviewed-verse
thanissaro	dhp360-382	dhp382:4	unreviewed-verse
thanissaro	dhp383-423	dhp383:1	unreviewed-verse
thanissaro	dhp383-423	dhp383:2	unreviewed-verse
thanissaro	dhp383-423	dhp383:3	unreviewed-verse
thanissaro	dhp383-423	dhp383:4	unreviewed-verse
thanissaro	dhp383-423	dhp384:1	unreviewed-verse
thanissaro	dhp383-423	dhp384:2	unreviewed-verse
thanissaro	dhp383-423	dhp384:3	unreviewed-verse,pending-recovered-candidate
thanissaro	dhp383-423	dhp384:4	unreviewed-verse,pending-recovered-candidate
thanissaro	dhp383-423	dhp385:1	unreviewed-verse
thanissaro	dhp383-423	dhp385:2	unreviewed-verse
thanissaro	dhp383-423	dhp385:3	unreviewed-verse
thanissaro	dhp383-423	dhp385:4	unreviewed-verse
thanissaro	dhp383-423	dhp386:1	unreviewed-verse
thanissaro	dhp383-423	dhp386:2	unreviewed-verse
thanissaro	dhp383-423	dhp386:3	unreviewed-verse
thanissaro	dhp383-423	dhp386:4	unreviewed-verse
thanissaro	dhp383-423	dhp387:1	unreviewed-verse
thanissaro	dhp383-423	dhp387:2	unreviewed-verse
thanissaro	dhp383-423	dhp387:3	unreviewed-verse
thanissaro	dhp383-423	dhp387:4	unreviewed-verse
thanissaro	dhp383-423	dhp387:5	unreviewed-verse
thanissaro	dhp383-423	dhp387:6	unreviewed-verse
thanissaro	dhp383-423	dhp388:1	unreviewed-verse
thanissaro	dhp383-423	dhp388:2	unreviewed-verse
thanissaro	dhp383-423	dhp388:3	unreviewed-verse
thanissaro	dhp383-423	dhp388:4	unreviewed-verse
thanissaro	dhp383-423	dhp389:1	unreviewed-verse
thanissaro	dhp383-423	dhp389:2	unreviewed-verse
thanissaro	dhp383-423	dhp389:3	unreviewed-verse
thanissaro	dhp383-423	dhp389:4	unreviewed-verse
thanissaro	dhp383-423	dhp391:1	unreviewed-verse
thanissaro	dhp383-423	dhp391:2	unreviewed-verse,pending-recovered-candidate
thanissaro	dhp383-423	dhp391:3	unreviewed-verse
thanissaro	dhp383-423	dhp391:4	unreviewed-verse
thanissaro	dhp383-423	dhp392:1	unreviewed-verse
thanissaro	dhp383-423	dhp392:2	unreviewed-verse,pending-recovered-candidate
thanissaro	dhp383-423	dhp392:3	unreviewed-verse,pending-recovered-candidate
thanissaro	dhp383-423	dhp392:4	unreviewed-verse,pending-recovered-candidate
thanissaro	dhp383-423	dhp393:1	unreviewed-verse
thanissaro	dhp383-423	dhp393:2	unreviewed-verse
thanissaro	dhp383-423	dhp393:3	unreviewed-verse
thanissaro	dhp383-423	dhp393:4	unreviewed-verse
thanissaro	dhp383-423	dhp394:1	unreviewed-verse
thanissaro	dhp383-423	dhp394:2	unreviewed-verse
thanissaro	dhp383-423	dhp394:3	unreviewed-verse
thanissaro	dhp383-423	dhp394:4	unreviewed-verse
thanissaro	dhp383-423	dhp395:1	unreviewed-verse
thanissaro	dhp383-423	dhp395:2	unreviewed-verse
thanissaro	dhp383-423	dhp395:3	unreviewed-verse
thanissaro	dhp383-423	dhp395:4	unreviewed-verse
thanissaro	dhp383-423	dhp396:1	unreviewed-verse
thanissaro	dhp383-423	dhp396:2	unreviewed-verse
thanissaro	dhp383-423	dhp396:3	unreviewed-verse
thanissaro	dhp383-423	dhp396:4	unreviewed-verse,pending-recovered-candidate
thanissaro	dhp383-423	dhp396:5	unreviewed-verse
thanissaro	dhp383-423	dhp396:6	unreviewed-verse,pending-recovered-candidate
thanissaro	dhp383-423	dhp397:1	unreviewed-verse
thanissaro	dhp383-423	dhp397:2	unreviewed-verse
thanissaro	dhp383-423	dhp397:3	unreviewed-verse
thanissaro	dhp383-423	dhp397:4	unreviewed-verse
thanissaro	dhp383-423	dhp398:1	unreviewed-verse
thanissaro	dhp383-423	dhp398:2	unreviewed-verse
thanissaro	dhp383-423	dhp398:3	unreviewed-verse
thanissaro	dhp383-423	dhp398:4	unreviewed-verse
thanissaro	dhp383-423	dhp399:1	unreviewed-verse
thanissaro	dhp383-423	dhp399:2	unreviewed-verse
thanissaro	dhp383-423	dhp399:3	unreviewed-verse
thanissaro	dhp383-423	dhp399:4	unreviewed-verse
thanissaro	dhp383-423	dhp400:1	unreviewed-verse
thanissaro	dhp383-423	dhp400:2	unreviewed-verse
thanissaro	dhp383-423	dhp400:3	unreviewed-verse
thanissaro	dhp383-423	dhp400:4	unreviewed-verse
thanissaro	dhp383-423	dhp401:1	unreviewed-verse
thanissaro	dhp383-423	dhp401:2	unreviewed-verse
thanissaro	dhp383-423	dhp401:3	unreviewed-verse
thanissaro	dhp383-423	dhp401:4	unreviewed-verse
thanissaro	dhp383-423	dhp402:1	unreviewed-verse
thanissaro	dhp383-423	dhp402:2	unreviewed-verse,pending-recovered-candidate
thanissaro	dhp383-423	dhp402:3	unreviewed-verse
thanissaro	dhp383-423	dhp402:4	unreviewed-verse
thanissaro	dhp383-423	dhp403:1	unreviewed-verse
thanissaro	dhp383-423	dhp403:2	unreviewed-verse
thanissaro	dhp383-423	dhp403:3	unreviewed-verse
thanissaro	dhp383-423	dhp403:4	unreviewed-verse
thanissaro	dhp383-423	dhp404:1	unreviewed-verse
thanissaro	dhp383-423	dhp404:2	unreviewed-verse,pending-recovered-candidate
thanissaro	dhp383-423	dhp404:3	unreviewed-verse
thanissaro	dhp383-423	dhp404:4	unreviewed-verse
thanissaro	dhp383-423	dhp405:1	unreviewed-verse
thanissaro	dhp383-423	dhp405:2	unreviewed-verse
thanissaro	dhp383-423	dhp405:3	unreviewed-verse
thanissaro	dhp383-423	dhp405:4	unreviewed-verse
thanissaro	dhp383-423	dhp406:1	unreviewed-verse
thanissaro	dhp383-423	dhp406:2	unreviewed-verse
thanissaro	dhp383-423	dhp406:3	unreviewed-verse
thanissaro	dhp383-423	dhp406:4	unreviewed-verse
thanissaro	dhp383-423	dhp407:1	unreviewed-verse
thanissaro	dhp383-423	dhp407:2	unreviewed-verse
thanissaro	dhp383-423	dhp407:3	unreviewed-verse
thanissaro	dhp383-423	dhp407:4	unreviewed-verse
thanissaro	dhp383-423	dhp408:1	unreviewed-verse
thanissaro	dhp383-423	dhp408:2	unreviewed-verse,pending-recovered-candidate
thanissaro	dhp383-423	dhp408:3	unreviewed-verse
thanissaro	dhp383-423	dhp408:4	unreviewed-verse
thanissaro	dhp383-423	dhp409:1	unreviewed-verse
thanissaro	dhp383-423	dhp409:2	unreviewed-verse,pending-recovered-candidate
thanissaro	dhp383-423	dhp409:3	unreviewed-verse
thanissaro	dhp383-423	dhp409:4	unreviewed-verse
thanissaro	dhp383-423	dhp410:1	unreviewed-verse
thanissaro	dhp383-423	dhp410:2	unreviewed-verse,pending-recovered-candidate
thanissaro	dhp383-423	dhp410:3	unreviewed-verse
thanissaro	dhp383-423	dhp410:4	unreviewed-verse
thanissaro	dhp383-423	dhp411:1	unreviewed-verse
thanissaro	dhp383-423	dhp411:2	unreviewed-verse
thanissaro	dhp383-423	dhp411:3	unreviewed-verse
thanissaro	dhp383-423	dhp411:4	unreviewed-verse
thanissaro	dhp383-423	dhp412:1	unreviewed-verse
thanissaro	dhp383-423	dhp412:2	unreviewed-verse,pending-recovered-candidate
thanissaro	dhp383-423	dhp412:3	unreviewed-verse
thanissaro	dhp383-423	dhp412:4	unreviewed-verse
thanissaro	dhp383-423	dhp414:3	unreviewed-verse
thanissaro	dhp383-423	dhp415:1	unreviewed-verse
thanissaro	dhp383-423	dhp415:2	unreviewed-verse
thanissaro	dhp383-423	dhp415:3	unreviewed-verse
thanissaro	dhp383-423	dhp415:4	unreviewed-verse
thanissaro	dhp383-423	dhp416:1	unreviewed-verse
thanissaro	dhp383-423	dhp416:2	unreviewed-verse
thanissaro	dhp383-423	dhp416:3	unreviewed-verse
thanissaro	dhp383-423	dhp416:4	unreviewed-verse
thanissaro	dhp383-423	dhp416:5.1	unreviewed-verse
thanissaro	dhp383-423	dhp416:6	unreviewed-verse
thanissaro	dhp383-423	dhp416:7	unreviewed-verse
thanissaro	dhp383-423	dhp416:8	unreviewed-verse
thanissaro	dhp383-423	dhp417:1	unreviewed-verse
thanissaro	dhp383-423	dhp417:2	unreviewed-verse
thanissaro	dhp383-423	dhp417:3	unreviewed-verse
thanissaro	dhp383-423	dhp417:4	unreviewed-verse
thanissaro	dhp383-423	dhp418:1	unreviewed-verse
thanissaro	dhp383-423	dhp418:2	unreviewed-verse
thanissaro	dhp383-423	dhp418:3	unreviewed-verse
thanissaro	dhp383-423	dhp418:4	unreviewed-verse
thanissaro	dhp383-423	dhp419:1	unreviewed-verse
thanissaro	dhp383-423	dhp419:2	unreviewed-verse,pending-recovered-candidate
thanissaro	dhp383-423	dhp419:3	unreviewed-verse
thanissaro	dhp383-423	dhp419:4	unreviewed-verse
thanissaro	dhp383-423	dhp420:1	unreviewed-verse
thanissaro	dhp383-423	dhp420:2	unreviewed-verse,pending-recovered-candidate
thanissaro	dhp383-423	dhp420:3	unreviewed-verse
thanissaro	dhp383-423	dhp420:4	unreviewed-verse
thanissaro	dhp383-423	dhp421:1	unreviewed-verse
thanissaro	dhp383-423	dhp421:2	unreviewed-verse,pending-recovered-candidate
thanissaro	dhp383-423	dhp421:3	unreviewed-verse
thanissaro	dhp383-423	dhp421:4	unreviewed-verse
thanissaro	dhp383-423	dhp422:1	unreviewed-verse
thanissaro	dhp383-423	dhp422:2	unreviewed-verse
thanissaro	dhp383-423	dhp422:3	unreviewed-verse
thanissaro	dhp383-423	dhp422:4	unreviewed-verse
thanissaro	dhp383-423	dhp423:1	unreviewed-verse
thanissaro	dhp383-423	dhp423:2	unreviewed-verse
thanissaro	dhp383-423	dhp423:3	unreviewed-verse
thanissaro	dhp383-423	dhp423:4	unreviewed-verse
thanissaro	dhp383-423	dhp423:5	unreviewed-verse,pending-recovered-candidate
thanissaro	dhp383-423	dhp423:6	unreviewed-verse
thanissaro	dhp383-423	dhp423:14	unreviewed-verse
thanissaro	dhp383-423	dhp423:15	unreviewed-verse
thanissaro	dhp383-423	dhp423:16	unreviewed-verse
thanissaro	dhp383-423	dhp423:17	unreviewed-verse
thanissaro	dhp383-423	dhp423:18	unreviewed-verse
thanissaro	dhp383-423	dhp423:19	unreviewed-verse
thanissaro	dhp383-423	dhp423:20	unreviewed-verse
thanissaro	dhp383-423	dhp423:21	unreviewed-verse
thanissaro	dhp383-423	dhp423:22	unreviewed-verse
thanissaro	dhp383-423	dhp423:23	unreviewed-verse
thanissaro	dhp383-423	dhp423:24	unreviewed-verse
thanissaro	dhp383-423	dhp423:25	unreviewed-verse
thanissaro	dhp383-423	dhp423:27	unreviewed-verse
thanissaro	dhp383-423	dhp423:28	unreviewed-verse
thanissaro	dhp383-423	dhp423:29	unreviewed-verse
thanissaro	dhp383-423	dhp423:30	unreviewed-verse
thanissaro	dhp383-423	dhp423:31	unreviewed-verse
thanissaro	dhp383-423	dhp423:32	unreviewed-verse
thanissaro	dhp383-423	dhp423:33	unreviewed-verse
thanissaro	dhp383-423	dhp423:34	unreviewed-verse
thanissaro	dhp383-423	dhp423:35	unreviewed-verse
thanissaro	dhp383-423	dhp423:36	unreviewed-verse
thanissaro	dhp383-423	dhp423:37	unreviewed-verse
thanissaro	dhp383-423	dhp423:38	unreviewed-verse
thanissaro	dhp383-423	dhp423:39	unreviewed-verse
thanissaro	dhp383-423	dhp423:40	unreviewed-verse
thanissaro	dhp383-423	dhp423:41	unreviewed-verse
thanissaro	dhp383-423	dhp423:42	unreviewed-verse
thanissaro	dhp383-423	dhp423:43	unreviewed-verse
thanissaro	dhp383-423	dhp423:44	unreviewed-verse
thanissaro	dhp383-423	dhp423:45	unreviewed-verse
thanissaro	dhp383-423	dhp423:46	unreviewed-verse
thanissaro	dhp383-423	dhp423:47	unreviewed-verse
thanissaro	dhp383-423	dhp423:48	unreviewed-verse
thanissaro	dhp383-423	dhp423:49	unreviewed-verse
thanissaro	dhp383-423	dhp423:50	unreviewed-verse
thanissaro	dhp383-423	dhp423:51	unreviewed-verse
thanissaro	dhp383-423	dhp423:52	unreviewed-verse
thanissaro	dhp383-423	dhp423:53	unreviewed-verse
thanissaro	dhp383-423	dhp423:54	unreviewed-verse
thanissaro	dhp383-423	dhp423:55	unreviewed-verse
thanissaro	dhp383-423	dhp423:56	unreviewed-verse
thanissaro	dhp44-59	dhp44:1	unreviewed-verse
thanissaro	dhp44-59	dhp44:2	unreviewed-verse
thanissaro	dhp44-59	dhp44:3	unreviewed-verse
thanissaro	dhp44-59	dhp44:4	unreviewed-verse
thanissaro	dhp44-59	dhp45:1	unreviewed-verse
thanissaro	dhp44-59	dhp45:2	unreviewed-verse
thanissaro	dhp44-59	dhp45:3	unreviewed-verse
thanissaro	dhp44-59	dhp45:4	unreviewed-verse
thanissaro	dhp44-59	dhp47:1	unreviewed-verse
thanissaro	dhp44-59	dhp47:2	unreviewed-verse
thanissaro	dhp44-59	dhp47:3	unreviewed-verse,pending-recovered-candidate
thanissaro	dhp44-59	dhp47:4	unreviewed-verse
thanissaro	dhp44-59	dhp48:1	unreviewed-verse
thanissaro	dhp44-59	dhp48:2	unreviewed-verse
thanissaro	dhp44-59	dhp48:3	unreviewed-verse,pending-recovered-candidate
thanissaro	dhp44-59	dhp48:4	unreviewed-verse,pending-recovered-candidate
thanissaro	dhp44-59	dhp49:1	unreviewed-verse
thanissaro	dhp44-59	dhp49:2	unreviewed-verse
thanissaro	dhp44-59	dhp49:3	unreviewed-verse,pending-recovered-candidate
thanissaro	dhp44-59	dhp49:4	unreviewed-verse
thanissaro	dhp44-59	dhp50:1	unreviewed-verse
thanissaro	dhp44-59	dhp50:2	unreviewed-verse
thanissaro	dhp44-59	dhp50:3	unreviewed-verse
thanissaro	dhp44-59	dhp50:4	unreviewed-verse
thanissaro	dhp44-59	dhp51:3	unreviewed-verse
thanissaro	dhp44-59	dhp52:1	unreviewed-verse
thanissaro	dhp44-59	dhp52:2	unreviewed-verse
thanissaro	dhp44-59	dhp52:3	unreviewed-verse
thanissaro	dhp44-59	dhp52:4	unreviewed-verse,pending-recovered-candidate
thanissaro	dhp44-59	dhp53:1	unreviewed-verse
thanissaro	dhp44-59	dhp53:2	unreviewed-verse,pending-recovered-candidate
thanissaro	dhp44-59	dhp53:3	unreviewed-verse
thanissaro	dhp44-59	dhp53:4	unreviewed-verse,pending-recovered-candidate
thanissaro	dhp44-59	dhp54:1	unreviewed-verse
thanissaro	dhp44-59	dhp54:2	unreviewed-verse
thanissaro	dhp44-59	dhp54:3	unreviewed-verse
thanissaro	dhp44-59	dhp54:4	unreviewed-verse
thanissaro	dhp44-59	dhp55:1	unreviewed-verse
thanissaro	dhp44-59	dhp55:2	unreviewed-verse,pending-recovered-candidate
thanissaro	dhp44-59	dhp55:3	unreviewed-verse,pending-recovered-candidate
thanissaro	dhp44-59	dhp55:4	unreviewed-verse,pending-recovered-candidate
thanissaro	dhp44-59	dhp56:1	unreviewed-verse
thanissaro	dhp44-59	dhp56:2	unreviewed-verse
thanissaro	dhp44-59	dhp56:3	unreviewed-verse
thanissaro	dhp44-59	dhp56:4	unreviewed-verse
thanissaro	dhp44-59	dhp57:1	unreviewed-verse
thanissaro	dhp44-59	dhp57:2	unreviewed-verse
thanissaro	dhp44-59	dhp57:3	unreviewed-verse
thanissaro	dhp44-59	dhp57:4	unreviewed-verse
thanissaro	dhp44-59	dhp58:1	unreviewed-verse
thanissaro	dhp44-59	dhp58:2	unreviewed-verse
thanissaro	dhp44-59	dhp58:3	unreviewed-verse
thanissaro	dhp44-59	dhp58:4	unreviewed-verse
thanissaro	dhp60-75	dhp60:1	unreviewed-verse
thanissaro	dhp60-75	dhp60:2	unreviewed-verse
thanissaro	dhp60-75	dhp60:3	unreviewed-verse
thanissaro	dhp60-75	dhp60:4	unreviewed-verse
thanissaro	dhp60-75	dhp61:1	unreviewed-verse
thanissaro	dhp60-75	dhp61:2	unreviewed-verse
thanissaro	dhp60-75	dhp61:3	unreviewed-verse
thanissaro	dhp60-75	dhp61:4	unreviewed-verse
thanissaro	dhp60-75	dhp62:1	unreviewed-verse
thanissaro	dhp60-75	dhp62:2	unreviewed-verse
thanissaro	dhp60-75	dhp62:3	unreviewed-verse
thanissaro	dhp60-75	dhp62:4	unreviewed-verse
thanissaro	dhp60-75	dhp63:1	unreviewed-verse
thanissaro	dhp60-75	dhp63:2	unreviewed-verse
thanissaro	dhp60-75	dhp63:3	unreviewed-verse
thanissaro	dhp60-75	dhp63:4	unreviewed-verse
thanissaro	dhp60-75	dhp64:1	unreviewed-verse
thanissaro	dhp60-75	dhp64:2	unreviewed-verse,pending-recovered-candidate
thanissaro	dhp60-75	dhp64:3	unreviewed-verse
thanissaro	dhp60-75	dhp64:4	unreviewed-verse
thanissaro	dhp60-75	dhp65:1	unreviewed-verse
thanissaro	dhp60-75	dhp65:2	unreviewed-verse,pending-recovered-candidate
thanissaro	dhp60-75	dhp65:3	unreviewed-verse
thanissaro	dhp60-75	dhp65:4	unreviewed-verse
thanissaro	dhp60-75	dhp66:1	unreviewed-verse
thanissaro	dhp60-75	dhp66:2	unreviewed-verse
thanissaro	dhp60-75	dhp66:3	unreviewed-verse
thanissaro	dhp60-75	dhp66:4	unreviewed-verse
thanissaro	dhp60-75	dhp67:1	unreviewed-verse
thanissaro	dhp60-75	dhp67:2	unreviewed-verse
thanissaro	dhp60-75	dhp67:3	unreviewed-verse
thanissaro	dhp60-75	dhp67:4	unreviewed-verse
thanissaro	dhp60-75	dhp68:1	unreviewed-verse
thanissaro	dhp60-75	dhp68:2	unreviewed-verse
thanissaro	dhp60-75	dhp68:3	unreviewed-verse,pending-recovered-candidate
thanissaro	dhp60-75	dhp68:4	unreviewed-verse,pending-recovered-candidate
thanissaro	dhp60-75	dhp69:1	unreviewed-verse
thanissaro	dhp60-75	dhp69:2	unreviewed-verse
thanissaro	dhp60-75	dhp69:3	unreviewed-verse
thanissaro	dhp60-75	dhp69:4	unreviewed-verse
thanissaro	dhp60-75	dhp70:1	unreviewed-verse
thanissaro	dhp60-75	dhp70:2	unreviewed-verse,pending-recovered-candidate
thanissaro	dhp60-75	dhp70:3	unreviewed-verse
thanissaro	dhp60-75	dhp70:4	unreviewed-verse,pending-recovered-candidate
thanissaro	dhp60-75	dhp71:1	unreviewed-verse
thanissaro	dhp60-75	dhp71:2	unreviewed-verse
thanissaro	dhp60-75	dhp71:3	unreviewed-verse
thanissaro	dhp60-75	dhp71:4	unreviewed-verse
thanissaro	dhp60-75	dhp72:1	unreviewed-verse
thanissaro	dhp60-75	dhp72:2	unreviewed-verse
thanissaro	dhp60-75	dhp72:3	unreviewed-verse
thanissaro	dhp60-75	dhp72:4	unreviewed-verse
thanissaro	dhp60-75	dhp73:1	unreviewed-verse
thanissaro	dhp60-75	dhp73:2	unreviewed-verse
thanissaro	dhp60-75	dhp73:3	unreviewed-verse
thanissaro	dhp60-75	dhp73:4	unreviewed-verse
thanissaro	dhp60-75	dhp74:1	unreviewed-verse
thanissaro	dhp60-75	dhp74:2	unreviewed-verse,pending-recovered-candidate
thanissaro	dhp60-75	dhp74:3	unreviewed-verse,pending-recovered-candidate
thanissaro	dhp60-75	dhp74:4	unreviewed-verse,pending-recovered-candidate
thanissaro	dhp60-75	dhp74:5	unreviewed-verse
thanissaro	dhp60-75	dhp74:6	unreviewed-verse
thanissaro	dhp60-75	dhp75:1	unreviewed-verse
thanissaro	dhp60-75	dhp75:2	unreviewed-verse,pending-recovered-candidate
thanissaro	dhp60-75	dhp75:3	unreviewed-verse
thanissaro	dhp60-75	dhp75:4	unreviewed-verse,pending-recovered-candidate
thanissaro	dhp60-75	dhp75:5	unreviewed-verse
thanissaro	dhp60-75	dhp75:6	unreviewed-verse
thanissaro	dhp76-89	dhp76:1	unreviewed-verse
thanissaro	dhp76-89	dhp76:2	unreviewed-verse,pending-recovered-candidate
thanissaro	dhp76-89	dhp76:3	unreviewed-verse,pending-recovered-candidate
thanissaro	dhp76-89	dhp76:4	unreviewed-verse,pending-recovered-candidate
thanissaro	dhp76-89	dhp76:5	unreviewed-verse
thanissaro	dhp76-89	dhp76:6	unreviewed-verse
thanissaro	dhp76-89	dhp77:1	unreviewed-verse
thanissaro	dhp76-89	dhp77:2	unreviewed-verse
thanissaro	dhp76-89	dhp77:3	unreviewed-verse
thanissaro	dhp76-89	dhp77:4	unreviewed-verse
thanissaro	dhp76-89	dhp78:1	unreviewed-verse
thanissaro	dhp76-89	dhp78:2	unreviewed-verse,pending-recovered-candidate
thanissaro	dhp76-89	dhp78:3	unreviewed-verse
thanissaro	dhp76-89	dhp78:4	unreviewed-verse
thanissaro	dhp76-89	dhp80:1	unreviewed-verse
thanissaro	dhp76-89	dhp80:2	unreviewed-verse
thanissaro	dhp76-89	dhp80:3	unreviewed-verse
thanissaro	dhp76-89	dhp80:4	unreviewed-verse
thanissaro	dhp76-89	dhp81:1	unreviewed-verse
thanissaro	dhp76-89	dhp81:2	unreviewed-verse,pending-recovered-candidate
thanissaro	dhp76-89	dhp81:3	unreviewed-verse
thanissaro	dhp76-89	dhp81:4	unreviewed-verse
thanissaro	dhp76-89	dhp82:1	unreviewed-verse
thanissaro	dhp76-89	dhp82:2	unreviewed-verse
thanissaro	dhp76-89	dhp82:3	unreviewed-verse
thanissaro	dhp76-89	dhp82:4	unreviewed-verse,pending-recovered-candidate
thanissaro	dhp76-89	dhp83:1	unreviewed-verse
thanissaro	dhp76-89	dhp83:2	unreviewed-verse
thanissaro	dhp76-89	dhp83:3	unreviewed-verse
thanissaro	dhp76-89	dhp83:4	unreviewed-verse
thanissaro	dhp76-89	dhp84:1	unreviewed-verse
thanissaro	dhp76-89	dhp84:2	unreviewed-verse,pending-recovered-candidate
thanissaro	dhp76-89	dhp84:3	unreviewed-verse,pending-recovered-candidate
thanissaro	dhp76-89	dhp84:4	unreviewed-verse
thanissaro	dhp76-89	dhp85:1	unreviewed-verse
thanissaro	dhp76-89	dhp85:2	unreviewed-verse
thanissaro	dhp76-89	dhp85:3	unreviewed-verse
thanissaro	dhp76-89	dhp85:4	unreviewed-verse
thanissaro	dhp76-89	dhp86:1	unreviewed-verse
thanissaro	dhp76-89	dhp86:2	unreviewed-verse
thanissaro	dhp76-89	dhp86:3	unreviewed-verse
thanissaro	dhp76-89	dhp86:4	unreviewed-verse
thanissaro	dhp76-89	dhp87:1	unreviewed-verse
thanissaro	dhp76-89	dhp87:2	unreviewed-verse
thanissaro	dhp76-89	dhp87:3	unreviewed-verse
thanissaro	dhp76-89	dhp87:4	unreviewed-verse
thanissaro	dhp76-89	dhp88:1	unreviewed-verse
thanissaro	dhp76-89	dhp88:2	unreviewed-verse
thanissaro	dhp76-89	dhp88:3	unreviewed-verse
thanissaro	dhp76-89	dhp88:4	unreviewed-verse,pending-recovered-candidate
thanissaro	dhp76-89	dhp89:1	unreviewed-verse
thanissaro	dhp76-89	dhp89:2	unreviewed-verse,pending-recovered-candidate
thanissaro	dhp76-89	dhp89:3	unreviewed-verse,pending-recovered-candidate
thanissaro	dhp76-89	dhp89:4	unreviewed-verse,pending-recovered-candidate
thanissaro	dhp76-89	dhp89:5	unreviewed-verse
thanissaro	dhp76-89	dhp89:6	unreviewed-verse
thanissaro	dhp90-99	dhp90:1	unreviewed-verse
thanissaro	dhp90-99	dhp90:2	unreviewed-verse
thanissaro	dhp90-99	dhp90:3	unreviewed-verse
thanissaro	dhp90-99	dhp90:4	unreviewed-verse
thanissaro	dhp90-99	dhp92:1	unreviewed-verse
thanissaro	dhp90-99	dhp92:2	unreviewed-verse
thanissaro	dhp90-99	dhp92:3	unreviewed-verse
thanissaro	dhp90-99	dhp92:4	unreviewed-verse
thanissaro	dhp90-99	dhp92:5	unreviewed-verse,pending-recovered-candidate
thanissaro	dhp90-99	dhp92:6	unreviewed-verse,pending-recovered-candidate
thanissaro	dhp90-99	dhp93:1	unreviewed-verse
thanissaro	dhp90-99	dhp93:2	unreviewed-verse
thanissaro	dhp90-99	dhp93:3	unreviewed-verse
thanissaro	dhp90-99	dhp93:4	unreviewed-verse
thanissaro	dhp90-99	dhp93:5	unreviewed-verse
thanissaro	dhp90-99	dhp93:6	unreviewed-verse,pending-recovered-candidate
thanissaro	dhp90-99	dhp96:1	unreviewed-verse
thanissaro	dhp90-99	dhp96:2	unreviewed-verse
thanissaro	dhp90-99	dhp96:3	unreviewed-verse,pending-recovered-candidate
thanissaro	dhp90-99	dhp96:4	unreviewed-verse,pending-recovered-candidate
thanissaro	dhp90-99	dhp97:1	unreviewed-verse
thanissaro	dhp90-99	dhp97:2	unreviewed-verse
thanissaro	dhp90-99	dhp97:3	unreviewed-verse
thanissaro	dhp90-99	dhp97:4	unreviewed-verse
thanissaro	dhp90-99	dhp98:1	unreviewed-verse
thanissaro	dhp90-99	dhp98:2	unreviewed-verse
thanissaro	dhp90-99	dhp98:3	unreviewed-verse
thanissaro	dhp90-99	dhp98:4	unreviewed-verse
thanissaro	dhp90-99	dhp99:1	unreviewed-verse
thanissaro	dhp90-99	dhp99:2	unreviewed-verse
thanissaro	dhp90-99	dhp99:3	unreviewed-verse
thanissaro	dhp90-99	dhp99:4	unreviewed-verse
thanissaro	iti1	iti1:3.1	unreviewed-verse
thanissaro	iti1	iti1:3.2	unreviewed-verse
thanissaro	iti1	iti1:3.3	unreviewed-verse
thanissaro	iti1	iti1:3.4	unreviewed-verse
thanissaro	iti1	iti1:3.5	unreviewed-verse
thanissaro	iti1	iti1:3.6	unreviewed-verse,pending-recovered-candidate
thanissaro	iti2	iti2:3.1	unreviewed-verse
thanissaro	iti2	iti2:3.2	unreviewed-verse
thanissaro	iti2	iti2:3.3	unreviewed-verse
thanissaro	iti2	iti2:3.4	unreviewed-verse
thanissaro	iti2	iti2:3.5	unreviewed-verse
thanissaro	iti2	iti2:3.6	unreviewed-verse
thanissaro	iti3	iti3:3.1	unreviewed-verse
thanissaro	iti3	iti3:3.2	unreviewed-verse
thanissaro	iti3	iti3:3.3	unreviewed-verse
thanissaro	iti3	iti3:3.4	unreviewed-verse
thanissaro	iti3	iti3:3.5	unreviewed-verse
thanissaro	iti3	iti3:3.6	unreviewed-verse
thanissaro	iti4	iti4:3.1	unreviewed-verse
thanissaro	iti4	iti4:3.2	unreviewed-verse
thanissaro	iti4	iti4:3.3	unreviewed-verse
thanissaro	iti4	iti4:3.4	unreviewed-verse
thanissaro	iti4	iti4:3.5	unreviewed-verse
thanissaro	iti4	iti4:3.6	unreviewed-verse
thanissaro	iti5	iti5:3.1	unreviewed-verse
thanissaro	iti5	iti5:3.2	unreviewed-verse
thanissaro	iti5	iti5:3.3	unreviewed-verse
thanissaro	iti5	iti5:3.4	unreviewed-verse
thanissaro	iti5	iti5:3.5	unreviewed-verse
thanissaro	iti5	iti5:3.6	unreviewed-verse,pending-recovered-candidate
thanissaro	iti6	iti6:3.1	unreviewed-verse
thanissaro	iti6	iti6:3.2	unreviewed-verse
thanissaro	iti6	iti6:3.3	unreviewed-verse
thanissaro	iti6	iti6:3.4	unreviewed-verse
thanissaro	iti6	iti6:3.5	unreviewed-verse
thanissaro	iti6	iti6:3.6	unreviewed-verse
thanissaro	iti7	iti7:3.1	unreviewed-verse
thanissaro	iti7	iti7:3.2	unreviewed-verse
thanissaro	iti7	iti7:3.3	unreviewed-verse
thanissaro	iti7	iti7:3.4	unreviewed-verse
thanissaro	iti8	iti8:3.1	unreviewed-verse
thanissaro	iti8	iti8:3.2	unreviewed-verse
thanissaro	iti8	iti8:3.3	unreviewed-verse
thanissaro	iti8	iti8:3.4	unreviewed-verse
thanissaro	iti8	iti8:4.1	unreviewed-verse
thanissaro	iti8	iti8:4.2	unreviewed-verse
thanissaro	iti8	iti8:4.3	unreviewed-verse
thanissaro	iti8	iti8:4.4	unreviewed-verse
thanissaro	iti90	iti90:5.1	unreviewed-verse
thanissaro	iti90	iti90:5.2	unreviewed-verse,pending-recovered-candidate
thanissaro	iti90	iti90:5.3	unreviewed-verse
thanissaro	iti90	iti90:5.4	unreviewed-verse
thanissaro	iti90	iti90:6.1	unreviewed-verse
thanissaro	iti90	iti90:6.2	unreviewed-verse
thanissaro	iti90	iti90:6.3	unreviewed-verse
thanissaro	iti90	iti90:6.4	unreviewed-verse
thanissaro	iti90	iti90:7.1	unreviewed-verse
thanissaro	iti90	iti90:7.2	unreviewed-verse
thanissaro	iti90	iti90:7.3	unreviewed-verse
thanissaro	iti90	iti90:7.4	unreviewed-verse
thanissaro	iti90	iti90:8.1	unreviewed-verse
thanissaro	iti90	iti90:8.2	unreviewed-verse
thanissaro	iti90	iti90:8.3	unreviewed-verse
thanissaro	iti90	iti90:8.4	unreviewed-verse
thanissaro	iti91	iti91:3.1	unreviewed-verse
thanissaro	iti91	iti91:3.2	unreviewed-verse
thanissaro	iti91	iti91:3.3	unreviewed-verse
thanissaro	iti91	iti91:3.4	unreviewed-verse
thanissaro	iti91	iti91:4.1	unreviewed-verse
thanissaro	iti91	iti91:4.2	unreviewed-verse
thanissaro	iti91	iti91:4.3	unreviewed-verse
thanissaro	iti91	iti91:4.4	unreviewed-verse
thanissaro	iti92	iti92:4.1	unreviewed-verse
thanissaro	iti92	iti92:4.2	unreviewed-verse,pending-recovered-candidate
thanissaro	iti92	iti92:4.3	unreviewed-verse
thanissaro	iti92	iti92:4.4	unreviewed-verse,pending-recovered-candidate
thanissaro	iti92	iti92:4.5	unreviewed-verse,pending-recovered-candidate
thanissaro	iti92	iti92:4.6	unreviewed-verse,pending-recovered-candidate
thanissaro	iti92	iti92:5.1	unreviewed-verse
thanissaro	iti92	iti92:5.2	unreviewed-verse,pending-recovered-candidate
thanissaro	iti92	iti92:5.3	unreviewed-verse
thanissaro	iti92	iti92:5.4	unreviewed-verse,pending-recovered-candidate
thanissaro	iti92	iti92:6.1	unreviewed-verse
thanissaro	iti92	iti92:6.2	unreviewed-verse,pending-recovered-candidate
thanissaro	iti92	iti92:6.3	unreviewed-verse,pending-recovered-candidate
thanissaro	iti92	iti92:6.4	unreviewed-verse,pending-recovered-candidate
thanissaro	iti93	iti93:3.1	unreviewed-verse
thanissaro	iti93	iti93:3.2	unreviewed-verse
thanissaro	iti93	iti93:3.3	unreviewed-verse
thanissaro	iti93	iti93:3.4	unreviewed-verse
thanissaro	iti93	iti93:4.1	unreviewed-verse
thanissaro	iti93	iti93:4.2	unreviewed-verse
thanissaro	iti93	iti93:4.3	unreviewed-verse
thanissaro	iti93	iti93:4.4	unreviewed-verse
thanissaro	iti93	iti93:5.1	unreviewed-verse
thanissaro	iti93	iti93:5.2	unreviewed-verse
thanissaro	iti93	iti93:5.3	unreviewed-verse
thanissaro	iti93	iti93:5.4	unreviewed-verse
thanissaro	iti93	iti93:6.1	unreviewed-verse
thanissaro	iti93	iti93:6.2	unreviewed-verse
thanissaro	iti93	iti93:6.3	unreviewed-verse
thanissaro	iti93	iti93:6.4	unreviewed-verse
thanissaro	iti93	iti93:7.1	unreviewed-verse
thanissaro	iti93	iti93:7.2	unreviewed-verse,pending-recovered-candidate
thanissaro	iti93	iti93:9.1	unreviewed-verse
thanissaro	iti93	iti93:9.2	unreviewed-verse
thanissaro	iti93	iti93:9.3	unreviewed-verse
thanissaro	iti93	iti93:9.4	unreviewed-verse
thanissaro	iti94	iti94:3.1	unreviewed-verse
thanissaro	iti94	iti94:3.2	unreviewed-verse
thanissaro	iti94	iti94:3.3	unreviewed-verse
thanissaro	iti94	iti94:3.4	unreviewed-verse
thanissaro	iti95	iti95:3.1	unreviewed-verse
thanissaro	iti95	iti95:3.2	unreviewed-verse
thanissaro	iti95	iti95:3.3	unreviewed-verse
thanissaro	iti95	iti95:3.4	unreviewed-verse
thanissaro	iti95	iti95:3.5	unreviewed-verse
thanissaro	iti95	iti95:3.6	unreviewed-verse
thanissaro	iti95	iti95:4.1	unreviewed-verse
thanissaro	iti95	iti95:4.2	unreviewed-verse
thanissaro	iti95	iti95:4.3	unreviewed-verse
thanissaro	iti95	iti95:4.4	unreviewed-verse
thanissaro	iti95	iti95:5.1	unreviewed-verse
thanissaro	iti95	iti95:5.2	unreviewed-verse
thanissaro	iti95	iti95:5.3	unreviewed-verse
thanissaro	iti95	iti95:5.4	unreviewed-verse
thanissaro	iti95	iti95:6.1	unreviewed-verse
thanissaro	iti95	iti95:6.2	unreviewed-verse
thanissaro	iti95	iti95:6.3	unreviewed-verse
thanissaro	iti95	iti95:6.4	unreviewed-verse
thanissaro	iti96	iti96:3.1	unreviewed-verse
thanissaro	iti96	iti96:3.2	unreviewed-verse
thanissaro	iti96	iti96:3.3	unreviewed-verse
thanissaro	iti96	iti96:3.4	unreviewed-verse
thanissaro	iti96	iti96:4.1	unreviewed-verse
thanissaro	iti96	iti96:4.2	unreviewed-verse
thanissaro	iti96	iti96:4.3	unreviewed-verse
thanissaro	iti96	iti96:4.4	unreviewed-verse
thanissaro	iti96	iti96:5.1	unreviewed-verse
thanissaro	iti96	iti96:5.2	unreviewed-verse
thanissaro	iti96	iti96:5.3	unreviewed-verse
thanissaro	iti96	iti96:5.4	unreviewed-verse
thanissaro	iti97	iti97:7.1	unreviewed-verse
thanissaro	iti97	iti97:7.2	unreviewed-verse,pending-recovered-candidate
thanissaro	iti97	iti97:7.3	unreviewed-verse
thanissaro	iti97	iti97:7.4	unreviewed-verse
thanissaro	iti97	iti97:8.1	unreviewed-verse
thanissaro	iti97	iti97:8.2	unreviewed-verse
thanissaro	iti97	iti97:8.3	unreviewed-verse
thanissaro	iti97	iti97:8.4	unreviewed-verse
thanissaro	iti97	iti97:9.1	unreviewed-verse
thanissaro	iti97	iti97:9.2	unreviewed-verse,pending-recovered-candidate
thanissaro	iti97	iti97:9.3	unreviewed-verse
thanissaro	iti97	iti97:9.4	unreviewed-verse
thanissaro	iti97	iti97:10.1	unreviewed-verse
thanissaro	iti97	iti97:10.2	unreviewed-verse
thanissaro	iti97	iti97:10.3	unreviewed-verse
thanissaro	iti97	iti97:10.4	unreviewed-verse
thanissaro	iti98	iti98:5.1	unreviewed-verse
thanissaro	iti98	iti98:5.2	unreviewed-verse
thanissaro	iti98	iti98:5.3	unreviewed-verse
thanissaro	iti98	iti98:5.4	unreviewed-verse,pending-recovered-candidate
thanissaro	iti98	iti98:6.1	unreviewed-verse,pending-recovered-candidate
thanissaro	iti98	iti98:6.2	unreviewed-verse,pending-recovered-candidate
thanissaro	iti98	iti98:6.3	unreviewed-verse,pending-recovered-candidate
thanissaro	iti98	iti98:6.4	unreviewed-verse,pending-recovered-candidate
thanissaro	iti99	iti99:6.1	unreviewed-verse
thanissaro	iti99	iti99:6.2	unreviewed-verse
thanissaro	iti99	iti99:6.3	unreviewed-verse
thanissaro	iti99	iti99:6.4	unreviewed-verse
thanissaro	iti99	iti99:7.1	unreviewed-verse
thanissaro	iti99	iti99:7.2	unreviewed-verse
thanissaro	iti99	iti99:7.3	unreviewed-verse
thanissaro	iti99	iti99:7.4	unreviewed-verse
thanissaro	iti100	iti100:7.1	unreviewed-verse
thanissaro	iti100	iti100:7.2	unreviewed-verse,pending-recovered-candidate
thanissaro	iti100	iti100:7.3	unreviewed-verse
thanissaro	iti100	iti100:7.4	unreviewed-verse,pending-recovered-candidate
thanissaro	iti101	iti101:3.1	unreviewed-verse
thanissaro	iti101	iti101:3.2	unreviewed-verse
thanissaro	iti101	iti101:3.3	unreviewed-verse
thanissaro	iti101	iti101:3.4	unreviewed-verse,pending-recovered-candidate
thanissaro	iti101	iti101:3.5	unreviewed-verse,pending-recovered-candidate
thanissaro	iti101	iti101:3.6	unreviewed-verse
thanissaro	iti101	iti101:4.1	unreviewed-verse
thanissaro	iti101	iti101:4.2	unreviewed-verse,pending-recovered-candidate
thanissaro	iti101	iti101:4.3	unreviewed-verse
thanissaro	iti101	iti101:4.4	unreviewed-verse,pending-recovered-candidate
thanissaro	iti102	iti102:3.1	unreviewed-verse
thanissaro	iti102	iti102:3.2	unreviewed-verse
thanissaro	iti102	iti102:3.3	unreviewed-verse
thanissaro	iti102	iti102:3.4	unreviewed-verse
thanissaro	iti102	iti102:4.1	unreviewed-verse
thanissaro	iti102	iti102:4.2	unreviewed-verse
thanissaro	iti102	iti102:4.3	unreviewed-verse,pending-recovered-candidate
thanissaro	iti102	iti102:4.4	unreviewed-verse
thanissaro	iti102	iti102:5.4	unreviewed-verse
thanissaro	iti103	iti103:4.1	unreviewed-verse
thanissaro	iti103	iti103:4.3	unreviewed-verse,pending-recovered-candidate
thanissaro	iti103	iti103:4.6	unreviewed-verse
thanissaro	iti103	iti103:5.1	unreviewed-verse
thanissaro	iti103	iti103:5.2	unreviewed-verse
thanissaro	iti103	iti103:5.3	unreviewed-verse
thanissaro	iti103	iti103:5.4	unreviewed-verse
thanissaro	iti103	iti103:6.1	unreviewed-verse
thanissaro	iti103	iti103:6.3	unreviewed-verse,pending-recovered-candidate
thanissaro	iti103	iti103:6.6	unreviewed-verse
thanissaro	iti103	iti103:7.1	unreviewed-verse
thanissaro	iti103	iti103:7.2	unreviewed-verse
thanissaro	iti103	iti103:7.3	unreviewed-verse
thanissaro	iti103	iti103:7.4	unreviewed-verse
thanissaro	iti104	iti104:3.1	unreviewed-verse
thanissaro	iti104	iti104:4.2	unreviewed-verse
thanissaro	iti104	iti104:4.3	unreviewed-verse
thanissaro	iti104	iti104:4.4	unreviewed-verse
thanissaro	iti104	iti104:5.1	unreviewed-verse
thanissaro	iti104	iti104:5.2	unreviewed-verse
thanissaro	iti104	iti104:5.3	unreviewed-verse
thanissaro	iti104	iti104:5.4	unreviewed-verse
thanissaro	iti105	iti105:3.1	unreviewed-verse
thanissaro	iti105	iti105:3.2	unreviewed-verse
thanissaro	iti105	iti105:3.3	unreviewed-verse
thanissaro	iti105	iti105:3.4	unreviewed-verse
thanissaro	iti105	iti105:4.1	unreviewed-verse
thanissaro	iti105	iti105:4.2	unreviewed-verse
thanissaro	iti105	iti105:4.3	unreviewed-verse
thanissaro	iti105	iti105:4.4	unreviewed-verse
thanissaro	iti106	iti106:4.1	unreviewed-verse
thanissaro	iti106	iti106:4.2	unreviewed-verse
thanissaro	iti106	iti106:4.3	unreviewed-verse
thanissaro	iti106	iti106:4.4	unreviewed-verse
thanissaro	iti106	iti106:5.1	unreviewed-verse
thanissaro	iti106	iti106:5.3	unreviewed-verse
thanissaro	iti106	iti106:5.4	unreviewed-verse
thanissaro	iti106	iti106:5.5	unreviewed-verse
thanissaro	iti106	iti106:5.6	unreviewed-verse
thanissaro	iti106	iti106:6.1	unreviewed-verse
thanissaro	iti106	iti106:6.2	unreviewed-verse
thanissaro	iti106	iti106:6.3	unreviewed-verse
thanissaro	iti106	iti106:6.4	unreviewed-verse
thanissaro	iti107	iti107:3.1	unreviewed-verse
thanissaro	iti107	iti107:3.2	unreviewed-verse
thanissaro	iti107	iti107:3.3	unreviewed-verse
thanissaro	iti107	iti107:3.4	unreviewed-verse
thanissaro	iti107	iti107:4.1	unreviewed-verse
thanissaro	iti107	iti107:4.2	unreviewed-verse,pending-recovered-candidate
thanissaro	iti107	iti107:4.3	unreviewed-verse,pending-recovered-candidate
thanissaro	iti107	iti107:4.4	unreviewed-verse
thanissaro	iti107	iti107:5.1	unreviewed-verse
thanissaro	iti107	iti107:5.2	unreviewed-verse
thanissaro	iti107	iti107:5.3	unreviewed-verse
thanissaro	iti107	iti107:5.4	unreviewed-verse
thanissaro	iti107	iti107:6.1	unreviewed-verse
thanissaro	iti107	iti107:6.2	unreviewed-verse
thanissaro	iti107	iti107:6.3	unreviewed-verse
thanissaro	iti107	iti107:6.4	unreviewed-verse
thanissaro	iti108	iti108:3.1	unreviewed-verse
thanissaro	iti108	iti108:3.2	unreviewed-verse
thanissaro	iti108	iti108:3.3	unreviewed-verse
thanissaro	iti108	iti108:3.4	unreviewed-verse
thanissaro	iti108	iti108:4.1	unreviewed-verse
thanissaro	iti108	iti108:4.3	unreviewed-verse
thanissaro	iti108	iti108:4.4	unreviewed-verse
thanissaro	iti109	iti109:12.1	unreviewed-verse
thanissaro	iti109	iti109:12.2	unreviewed-verse
thanissaro	iti109	iti109:12.3	unreviewed-verse
thanissaro	iti109	iti109:12.4	unreviewed-verse
thanissaro	iti109	iti109:12.5	unreviewed-verse
thanissaro	iti109	iti109:12.6	unreviewed-verse
thanissaro	iti110	iti110:10.1	unreviewed-verse
thanissaro	iti110	iti110:10.2	unreviewed-verse
thanissaro	iti110	iti110:10.3	unreviewed-verse
thanissaro	iti110	iti110:10.4	unreviewed-verse
thanissaro	iti110	iti110:11.1	unreviewed-verse
thanissaro	iti110	iti110:11.2	unreviewed-verse
thanissaro	iti110	iti110:11.3	unreviewed-verse
thanissaro	iti110	iti110:11.4	unreviewed-verse
thanissaro	iti110	iti110:12.1	unreviewed-verse
thanissaro	iti110	iti110:12.2	unreviewed-verse
thanissaro	iti110	iti110:12.3	unreviewed-verse
thanissaro	iti110	iti110:12.4	unreviewed-verse
thanissaro	iti110	iti110:12.5	unreviewed-verse
thanissaro	iti110	iti110:12.6	unreviewed-verse
thanissaro	iti111	iti111:8.1	unreviewed-verse
thanissaro	iti111	iti111:8.2	unreviewed-verse
thanissaro	iti111	iti111:8.3	unreviewed-verse
thanissaro	iti111	iti111:8.4	unreviewed-verse
thanissaro	iti111	iti111:9.1	unreviewed-verse
thanissaro	iti111	iti111:9.2	unreviewed-verse
thanissaro	iti111	iti111:9.3	unreviewed-verse
thanissaro	iti111	iti111:9.4	unreviewed-verse,pending-recovered-candidate
thanissaro	iti111	iti111:10.1	unreviewed-verse
thanissaro	iti111	iti111:10.2	unreviewed-verse
thanissaro	iti111	iti111:10.3	unreviewed-verse
thanissaro	iti111	iti111:10.4	unreviewed-verse
thanissaro	iti111	iti111:10.5	unreviewed-verse
thanissaro	iti112	iti112:9.1	unreviewed-verse
thanissaro	iti14	iti14:3.1	unreviewed-verse
thanissaro	iti14	iti14:3.2	unreviewed-verse
thanissaro	iti14	iti14:3.3	unreviewed-verse,pending-recovered-candidate
thanissaro	iti14	iti14:3.4	unreviewed-verse,pending-recovered-candidate
thanissaro	iti14	iti14:4.1	unreviewed-verse
thanissaro	iti14	iti14:4.2	unreviewed-verse
thanissaro	iti14	iti14:4.3	unreviewed-verse
thanissaro	iti14	iti14:4.4	unreviewed-verse
thanissaro	iti15	iti15:3.1	unreviewed-verse
thanissaro	iti15	iti15:3.2	unreviewed-verse
thanissaro	iti15	iti15:3.3	unreviewed-verse
thanissaro	iti15	iti15:3.4	unreviewed-verse
thanissaro	iti15	iti15:4.1	unreviewed-verse
thanissaro	iti15	iti15:4.2	unreviewed-verse
thanissaro	iti15	iti15:4.3	unreviewed-verse
thanissaro	iti15	iti15:4.4	unreviewed-verse
thanissaro	iti16	iti16:3.1	unreviewed-verse
thanissaro	iti16	iti16:3.2	unreviewed-verse
thanissaro	iti16	iti16:3.3	unreviewed-verse
thanissaro	iti16	iti16:3.4	unreviewed-verse
thanissaro	iti16	iti16:3.5	unreviewed-verse
thanissaro	iti16	iti16:3.6	unreviewed-verse
thanissaro	iti17	iti17:3.1	unreviewed-verse
thanissaro	iti17	iti17:3.2	unreviewed-verse
thanissaro	iti17	iti17:3.3	unreviewed-verse
thanissaro	iti17	iti17:3.4	unreviewed-verse
thanissaro	iti17	iti17:3.5	unreviewed-verse
thanissaro	iti17	iti17:3.6	unreviewed-verse
thanissaro	iti18	iti18:3.1	unreviewed-verse
thanissaro	iti18	iti18:3.2	unreviewed-verse,pending-recovered-candidate
thanissaro	iti18	iti18:3.3	unreviewed-verse,pending-recovered-candidate
thanissaro	iti18	iti18:3.4	unreviewed-verse,pending-recovered-candidate
thanissaro	iti18	iti18:3.5	unreviewed-verse
thanissaro	iti18	iti18:3.6	unreviewed-verse
thanissaro	iti19	iti19:3.1	unreviewed-verse
thanissaro	iti19	iti19:3.2	unreviewed-verse
thanissaro	iti19	iti19:3.3	unreviewed-verse,pending-recovered-candidate
thanissaro	iti19	iti19:3.4	unreviewed-verse
thanissaro	iti19	iti19:3.5	unreviewed-verse
thanissaro	iti19	iti19:3.6	unreviewed-verse
thanissaro	iti20	iti20:3.1	unreviewed-verse
thanissaro	iti20	iti20:3.2	unreviewed-verse
thanissaro	iti20	iti20:3.3	unreviewed-verse
thanissaro	iti20	iti20:3.4	unreviewed-verse
thanissaro	iti20	iti20:4.1	unreviewed-verse
thanissaro	iti20	iti20:4.2	unreviewed-verse,pending-recovered-candidate
thanissaro	iti20	iti20:4.3	unreviewed-verse
thanissaro	iti20	iti20:4.4	unreviewed-verse
thanissaro	iti20	iti20:5.1	unreviewed-verse,pending-recovered-candidate
thanissaro	iti20	iti20:5.2	unreviewed-verse,pending-recovered-candidate
thanissaro	iti20	iti20:5.3	unreviewed-verse
thanissaro	iti20	iti20:5.4	unreviewed-verse
thanissaro	iti21	iti21:3.1	unreviewed-verse
thanissaro	iti21	iti21:3.2	unreviewed-verse
thanissaro	iti21	iti21:3.3	unreviewed-verse
thanissaro	iti21	iti21:3.4	unreviewed-verse
thanissaro	iti21	iti21:4.1	unreviewed-verse
thanissaro	iti21	iti21:4.2	unreviewed-verse,pending-recovered-candidate
thanissaro	iti21	iti21:4.3	unreviewed-verse
thanissaro	iti21	iti21:4.4	unreviewed-verse
thanissaro	iti21	iti21:5.1	unreviewed-verse,pending-recovered-candidate
thanissaro	iti21	iti21:5.2	unreviewed-verse,pending-recovered-candidate
thanissaro	iti21	iti21:5.3	unreviewed-verse
thanissaro	iti21	iti21:5.4	unreviewed-verse,pending-recovered-candidate
thanissaro	iti22	iti22:5.1	unreviewed-verse
thanissaro	iti22	iti22:6.2	unreviewed-verse
thanissaro	iti22	iti22:6.3	unreviewed-verse
thanissaro	iti23	iti23:3.1	unreviewed-verse
thanissaro	iti23	iti23:3.2	unreviewed-verse,pending-recovered-candidate
thanissaro	iti23	iti23:3.3	unreviewed-verse
thanissaro	iti23	iti23:3.4	unreviewed-verse,pending-recovered-candidate
thanissaro	iti23	iti23:4.1	unreviewed-verse
thanissaro	iti23	iti23:4.2	unreviewed-verse
thanissaro	iti24	iti24:3.1	unreviewed-verse
thanissaro	iti24	iti24:3.3	unreviewed-verse
thanissaro	iti24	iti24:3.4	unreviewed-verse
thanissaro	iti24	iti24:4.1	unreviewed-verse
thanissaro	iti24	iti24:4.2	unreviewed-verse
thanissaro	iti24	iti24:4.3	unreviewed-verse
thanissaro	iti24	iti24:4.4	unreviewed-verse
thanissaro	iti24	iti24:5.1	unreviewed-verse
thanissaro	iti24	iti24:5.2	unreviewed-verse,pending-recovered-candidate
thanissaro	iti24	iti24:5.3	unreviewed-verse
thanissaro	iti24	iti24:5.4	unreviewed-verse
thanissaro	iti24	iti24:5.5	unreviewed-verse
thanissaro	iti24	iti24:5.6	unreviewed-verse
thanissaro	iti24	iti24:6.1	unreviewed-verse
thanissaro	iti24	iti24:6.2	unreviewed-verse
thanissaro	iti24	iti24:6.3	unreviewed-verse
thanissaro	iti24	iti24:6.4	unreviewed-verse
thanissaro	iti25	iti25:3.1	unreviewed-verse,pending-recovered-candidate
thanissaro	iti25	iti25:3.2	unreviewed-verse,pending-recovered-candidate
thanissaro	iti25	iti25:3.3	unreviewed-verse
thanissaro	iti25	iti25:3.4	unreviewed-verse
thanissaro	iti26	iti26:3.1	unreviewed-verse
thanissaro	iti26	iti26:3.2	unreviewed-verse
thanissaro	iti26	iti26:3.3	unreviewed-verse
thanissaro	iti26	iti26:3.4	unreviewed-verse
thanissaro	iti26	iti26:4.1	unreviewed-verse
thanissaro	iti26	iti26:4.2	unreviewed-verse
thanissaro	iti26	iti26:4.3	unreviewed-verse
thanissaro	iti26	iti26:4.4	unreviewed-verse
thanissaro	iti26	iti26:5.1	unreviewed-verse
thanissaro	iti26	iti26:5.2	unreviewed-verse
thanissaro	iti26	iti26:5.3	unreviewed-verse
thanissaro	iti26	iti26:5.4	unreviewed-verse
thanissaro	iti26	iti26:6.1	unreviewed-verse
thanissaro	iti26	iti26:6.2	unreviewed-verse
thanissaro	iti26	iti26:6.3	unreviewed-verse
thanissaro	iti26	iti26:6.4	unreviewed-verse,pending-recovered-candidate
thanissaro	iti27	iti27:6.1	unreviewed-verse
thanissaro	iti27	iti27:6.2	unreviewed-verse
thanissaro	iti27	iti27:6.3	unreviewed-verse
thanissaro	iti27	iti27:6.4	unreviewed-verse
thanissaro	iti27	iti27:7.1	unreviewed-verse
thanissaro	iti27	iti27:7.2	unreviewed-verse
thanissaro	iti27	iti27:7.3	unreviewed-verse
thanissaro	iti27	iti27:7.4	unreviewed-verse
thanissaro	iti27	iti27:8.1	unreviewed-verse
thanissaro	iti27	iti27:8.2	unreviewed-verse
thanissaro	iti27	iti27:8.3	unreviewed-verse
thanissaro	iti27	iti27:8.4	unreviewed-verse
thanissaro	iti27	iti27:9.1	unreviewed-verse
thanissaro	iti27	iti27:9.2	unreviewed-verse,pending-recovered-candidate
thanissaro	iti27	iti27:9.3	unreviewed-verse
thanissaro	iti27	iti27:10.1	unreviewed-verse
thanissaro	iti27	iti27:10.2	unreviewed-verse
thanissaro	iti27	iti27:10.3	unreviewed-verse
thanissaro	iti27	iti27:10.4	unreviewed-verse
thanissaro	iti28	iti28:3.1	unreviewed-verse
thanissaro	iti28	iti28:3.2	unreviewed-verse
thanissaro	iti28	iti28:3.3	unreviewed-verse
thanissaro	iti28	iti28:3.4	unreviewed-verse
thanissaro	iti28	iti28:4.1	unreviewed-verse
thanissaro	iti28	iti28:4.2	unreviewed-verse
thanissaro	iti28	iti28:4.3	unreviewed-verse
thanissaro	iti28	iti28:4.4	unreviewed-verse,pending-recovered-candidate
thanissaro	iti28	iti28:5.1	unreviewed-verse
thanissaro	iti28	iti28:5.2	unreviewed-verse
thanissaro	iti28	iti28:5.3	unreviewed-verse
thanissaro	iti28	iti28:5.4	unreviewed-verse
thanissaro	iti29	iti29:3.1	unreviewed-verse
thanissaro	iti29	iti29:4.2	unreviewed-verse
thanissaro	iti29	iti29:5.1	unreviewed-verse
thanissaro	iti29	iti29:5.2	unreviewed-verse
thanissaro	iti29	iti29:5.3	unreviewed-verse
thanissaro	iti29	iti29:5.4	unreviewed-verse
thanissaro	iti30	iti30:3.1	unreviewed-verse
thanissaro	iti30	iti30:3.2	unreviewed-verse,pending-recovered-candidate
thanissaro	iti30	iti30:3.3	unreviewed-verse,pending-recovered-candidate
thanissaro	iti30	iti30:3.4	unreviewed-verse
thanissaro	iti30	iti30:4.1	unreviewed-verse
thanissaro	iti30	iti30:4.2	unreviewed-verse
thanissaro	iti30	iti30:4.3	unreviewed-verse
thanissaro	iti30	iti30:4.4	unreviewed-verse
thanissaro	iti31	iti31:3.1	unreviewed-verse
thanissaro	iti31	iti31:3.4	unreviewed-verse
thanissaro	iti31	iti31:4.1	unreviewed-verse
thanissaro	iti31	iti31:4.2	unreviewed-verse
thanissaro	iti32	iti32:3.1	unreviewed-verse
thanissaro	iti32	iti32:3.2	unreviewed-verse,pending-recovered-candidate
thanissaro	iti32	iti32:3.3	unreviewed-verse,pending-recovered-candidate
thanissaro	iti32	iti32:3.4	unreviewed-verse,pending-recovered-candidate
thanissaro	iti32	iti32:3.5	unreviewed-verse,pending-recovered-candidate
thanissaro	iti32	iti32:3.6	unreviewed-verse
thanissaro	iti33	iti33:3.3	unreviewed-verse
thanissaro	iti34	iti34:3.1	unreviewed-verse
thanissaro	iti34	iti34:3.2	unreviewed-verse
thanissaro	iti34	iti34:3.3	unreviewed-verse
thanissaro	iti34	iti34:3.4	unreviewed-verse
thanissaro	iti34	iti34:3.5	unreviewed-verse
thanissaro	iti34	iti34:3.6	unreviewed-verse
thanissaro	iti34	iti34:4.1	unreviewed-verse
thanissaro	iti34	iti34:4.2	unreviewed-verse
thanissaro	iti34	iti34:4.3	unreviewed-verse
thanissaro	iti34	iti34:4.4	unreviewed-verse
thanissaro	iti35	iti35:4.2	unreviewed-verse
thanissaro	iti35	iti35:4.3	unreviewed-verse
thanissaro	iti35	iti35:4.4	unreviewed-verse
thanissaro	iti35	iti35:4.5	unreviewed-verse
thanissaro	iti35	iti35:4.6	unreviewed-verse,pending-recovered-candidate
thanissaro	iti36	iti36:4.2	unreviewed-verse
thanissaro	iti36	iti36:4.3	unreviewed-verse
thanissaro	iti36	iti36:4.4	unreviewed-verse
thanissaro	iti36	iti36:4.5	unreviewed-verse
thanissaro	iti36	iti36:4.6	unreviewed-verse,pending-recovered-candidate
thanissaro	iti37	iti37:3.3	unreviewed-verse
thanissaro	iti37	iti37:3.4	unreviewed-verse
thanissaro	iti37	iti37:4.1	unreviewed-verse
thanissaro	iti37	iti37:4.2	unreviewed-verse
thanissaro	iti37	iti37:4.4	unreviewed-verse
thanissaro	iti38	iti38:6.1	unreviewed-verse
thanissaro	iti38	iti38:6.2	unreviewed-verse,pending-recovered-candidate
thanissaro	iti38	iti38:6.3	unreviewed-verse
thanissaro	iti38	iti38:6.4	unreviewed-verse
thanissaro	iti38	iti38:7.1	unreviewed-verse
thanissaro	iti38	iti38:7.2	unreviewed-verse
thanissaro	iti38	iti38:7.3	unreviewed-verse
thanissaro	iti38	iti38:7.4	unreviewed-verse
thanissaro	iti38	iti38:7.5	unreviewed-verse
thanissaro	iti38	iti38:8.1	unreviewed-verse
thanissaro	iti38	iti38:8.2	unreviewed-verse
thanissaro	iti38	iti38:8.3	unreviewed-verse
thanissaro	iti38	iti38:8.4	unreviewed-verse,pending-recovered-candidate
thanissaro	iti38	iti38:8.5	unreviewed-verse
thanissaro	iti38	iti38:8.6	unreviewed-verse,pending-recovered-candidate
thanissaro	iti39	iti39:3.1	unreviewed-verse
thanissaro	iti39	iti39:4.2	unreviewed-verse
thanissaro	iti39	iti39:4.3	unreviewed-verse
thanissaro	iti39	iti39:4.4	unreviewed-verse
thanissaro	iti40	iti40:3.1	unreviewed-verse
thanissaro	iti40	iti40:3.2	unreviewed-verse
thanissaro	iti40	iti40:3.3	unreviewed-verse
thanissaro	iti40	iti40:3.4	unreviewed-verse
thanissaro	iti40	iti40:4.1	unreviewed-verse
thanissaro	iti40	iti40:4.2	unreviewed-verse
thanissaro	iti40	iti40:4.3	unreviewed-verse
thanissaro	iti40	iti40:4.4	unreviewed-verse
thanissaro	iti40	iti40:5.1	unreviewed-verse
thanissaro	iti40	iti40:5.2	unreviewed-verse
thanissaro	iti40	iti40:5.3	unreviewed-verse
thanissaro	iti40	iti40:5.4	unreviewed-verse
thanissaro	iti41	iti41:3.1	unreviewed-verse
thanissaro	iti41	iti41:3.2	unreviewed-verse,pending-recovered-candidate
thanissaro	iti41	iti41:3.3	unreviewed-verse
thanissaro	iti41	iti41:3.4	unreviewed-verse
thanissaro	iti41	iti41:4.1	unreviewed-verse
thanissaro	iti41	iti41:4.2	unreviewed-verse
thanissaro	iti41	iti41:4.3	unreviewed-verse
thanissaro	iti41	iti41:4.4	unreviewed-verse
thanissaro	iti41	iti41:5.1	unreviewed-verse
thanissaro	iti42	iti42:3.1	unreviewed-verse
thanissaro	iti42	iti42:3.2	unreviewed-verse
thanissaro	iti42	iti42:3.3	unreviewed-verse
thanissaro	iti42	iti42:3.4	unreviewed-verse
thanissaro	iti42	iti42:4.1	unreviewed-verse
thanissaro	iti42	iti42:4.2	unreviewed-verse
thanissaro	iti42	iti42:4.3	unreviewed-verse
thanissaro	iti42	iti42:4.4	unreviewed-verse
thanissaro	iti43	iti43:3.1	unreviewed-verse
thanissaro	iti43	iti43:3.2	unreviewed-verse
thanissaro	iti43	iti43:3.3	unreviewed-verse
thanissaro	iti43	iti43:3.4	unreviewed-verse
thanissaro	iti43	iti43:4.1	unreviewed-verse
thanissaro	iti43	iti43:4.2	unreviewed-verse
thanissaro	iti43	iti43:4.3	unreviewed-verse
thanissaro	iti43	iti43:4.4	unreviewed-verse
thanissaro	iti43	iti43:5.1	unreviewed-verse
thanissaro	iti43	iti43:5.2	unreviewed-verse
thanissaro	iti43	iti43:5.3	unreviewed-verse
thanissaro	iti43	iti43:5.4	unreviewed-verse
thanissaro	iti44	iti44:5.1	unreviewed-verse
thanissaro	iti44	iti44:5.2	unreviewed-verse
thanissaro	iti44	iti44:5.3	unreviewed-verse
thanissaro	iti44	iti44:5.4	unreviewed-verse
thanissaro	iti44	iti44:5.5	unreviewed-verse
thanissaro	iti44	iti44:5.6	unreviewed-verse
thanissaro	iti44	iti44:6.1	unreviewed-verse
thanissaro	iti44	iti44:6.2	unreviewed-verse
thanissaro	iti44	iti44:6.3	unreviewed-verse
thanissaro	iti44	iti44:6.4	unreviewed-verse
thanissaro	iti46	iti46:3.1	unreviewed-verse
thanissaro	iti46	iti46:3.2	unreviewed-verse
thanissaro	iti46	iti46:3.3	unreviewed-verse
thanissaro	iti46	iti46:3.4	unreviewed-verse
thanissaro	iti46	iti46:4.1	unreviewed-verse
thanissaro	iti46	iti46:4.2	unreviewed-verse
thanissaro	iti46	iti46:4.3	unreviewed-verse
thanissaro	iti46	iti46:4.4	unreviewed-verse
thanissaro	iti47	iti47:3.1	unreviewed-verse
thanissaro	iti47	iti47:3.2	unreviewed-verse
thanissaro	iti47	iti47:3.3	unreviewed-verse
thanissaro	iti47	iti47:3.4	unreviewed-verse
thanissaro	iti47	iti47:4.1	unreviewed-verse
thanissaro	iti47	iti47:4.2	unreviewed-verse
thanissaro	iti47	iti47:4.3	unreviewed-verse
thanissaro	iti47	iti47:4.4	unreviewed-verse
thanissaro	iti47	iti47:5.1	unreviewed-verse
thanissaro	iti47	iti47:5.2	unreviewed-verse
thanissaro	iti47	iti47:5.3	unreviewed-verse
thanissaro	iti47	iti47:5.4	unreviewed-verse
thanissaro	iti48	iti48:3.1	unreviewed-verse
thanissaro	iti48	iti48:3.2	unreviewed-verse
thanissaro	iti48	iti48:3.3	unreviewed-verse
thanissaro	iti48	iti48:3.4	unreviewed-verse
thanissaro	iti48	iti48:4.1	unreviewed-verse
thanissaro	iti48	iti48:4.2	unreviewed-verse,pending-recovered-candidate
thanissaro	iti48	iti48:4.3	unreviewed-verse,pending-recovered-candidate
thanissaro	iti48	iti48:4.4	unreviewed-verse,pending-recovered-candidate
thanissaro	iti48	iti48:5.1	unreviewed-verse,pending-recovered-candidate
thanissaro	iti48	iti48:5.2	unreviewed-verse,pending-recovered-candidate
thanissaro	iti48	iti48:5.3	unreviewed-verse,pending-recovered-candidate
thanissaro	iti48	iti48:5.4	unreviewed-verse,pending-recovered-candidate
thanissaro	iti49	iti49:6.1	unreviewed-verse
thanissaro	iti49	iti49:6.2	unreviewed-verse
thanissaro	iti49	iti49:6.3	unreviewed-verse
thanissaro	iti49	iti49:6.4	unreviewed-verse
thanissaro	iti49	iti49:7.1	unreviewed-verse
thanissaro	iti49	iti49:7.2	unreviewed-verse
thanissaro	iti49	iti49:7.3	unreviewed-verse
thanissaro	iti49	iti49:7.4	unreviewed-verse
thanissaro	iti50	iti50:3.1	unreviewed-verse
thanissaro	iti50	iti50:3.2	unreviewed-verse
thanissaro	iti50	iti50:3.3	unreviewed-verse,pending-recovered-candidate
thanissaro	iti50	iti50:3.4	unreviewed-verse,pending-recovered-candidate
thanissaro	iti51	iti51:3.1	unreviewed-verse
thanissaro	iti51	iti51:3.2	unreviewed-verse
thanissaro	iti51	iti51:3.3	unreviewed-verse
thanissaro	iti51	iti51:3.4	unreviewed-verse
thanissaro	iti51	iti51:4.1	unreviewed-verse
thanissaro	iti51	iti51:4.3	unreviewed-verse
thanissaro	iti51	iti51:4.4	unreviewed-verse,pending-recovered-candidate
thanissaro	iti52	iti52:3.1	unreviewed-verse
thanissaro	iti52	iti52:3.2	unreviewed-verse
thanissaro	iti52	iti52:3.3	unreviewed-verse
thanissaro	iti52	iti52:3.4	unreviewed-verse
thanissaro	iti52	iti52:4.1	unreviewed-verse
thanissaro	iti52	iti52:4.2	unreviewed-verse
thanissaro	iti52	iti52:4.3	unreviewed-verse
thanissaro	iti52	iti52:4.4	unreviewed-verse
thanissaro	iti53	iti53:3.1	unreviewed-verse
thanissaro	iti53	iti53:3.2	unreviewed-verse
thanissaro	iti53	iti53:3.3	unreviewed-verse
thanissaro	iti53	iti53:3.4	unreviewed-verse
thanissaro	iti53	iti53:4.1	unreviewed-verse
thanissaro	iti53	iti53:4.2	unreviewed-verse
thanissaro	iti53	iti53:4.3	unreviewed-verse
thanissaro	iti53	iti53:4.4	unreviewed-verse,pending-recovered-candidate
thanissaro	iti54	iti54:3.1	unreviewed-verse
thanissaro	iti54	iti54:3.2	unreviewed-verse
thanissaro	iti54	iti54:3.3	unreviewed-verse
thanissaro	iti54	iti54:3.4	unreviewed-verse
thanissaro	iti54	iti54:4.1	unreviewed-verse
thanissaro	iti54	iti54:4.2	unreviewed-verse
thanissaro	iti54	iti54:4.3	unreviewed-verse
thanissaro	iti54	iti54:4.4	unreviewed-verse
thanissaro	iti55	iti55:3.1	unreviewed-verse
thanissaro	iti55	iti55:3.2	unreviewed-verse
thanissaro	iti55	iti55:3.3	unreviewed-verse
thanissaro	iti55	iti55:3.4	unreviewed-verse
thanissaro	iti55	iti55:4.1	unreviewed-verse
thanissaro	iti55	iti55:4.2	unreviewed-verse
thanissaro	iti55	iti55:4.3	unreviewed-verse
thanissaro	iti55	iti55:4.4	unreviewed-verse
thanissaro	iti55	iti55:4.5	unreviewed-verse
thanissaro	iti55	iti55:4.6	unreviewed-verse
thanissaro	iti56	iti56:3.1	unreviewed-verse
thanissaro	iti56	iti56:3.2	unreviewed-verse
thanissaro	iti56	iti56:3.3	unreviewed-verse
thanissaro	iti56	iti56:3.4	unreviewed-verse
thanissaro	iti56	iti56:4.1	unreviewed-verse
thanissaro	iti56	iti56:4.2	unreviewed-verse
thanissaro	iti56	iti56:4.3	unreviewed-verse
thanissaro	iti56	iti56:4.4	unreviewed-verse
thanissaro	iti57	iti57:3.1	unreviewed-verse
thanissaro	iti57	iti57:3.2	unreviewed-verse
thanissaro	iti57	iti57:3.3	unreviewed-verse
thanissaro	iti57	iti57:3.4	unreviewed-verse
thanissaro	iti57	iti57:3.5	unreviewed-verse
thanissaro	iti57	iti57:3.6	unreviewed-verse
thanissaro	iti58	iti58:3.1	unreviewed-verse
thanissaro	iti58	iti58:3.2	unreviewed-verse,pending-recovered-candidate
thanissaro	iti58	iti58:3.3	unreviewed-verse
thanissaro	iti58	iti58:3.4	unreviewed-verse
thanissaro	iti58	iti58:3.5	unreviewed-verse
thanissaro	iti58	iti58:3.6	unreviewed-verse
thanissaro	iti58	iti58:4.1	unreviewed-verse
thanissaro	iti58	iti58:4.2	unreviewed-verse
thanissaro	iti58	iti58:4.3	unreviewed-verse,pending-recovered-candidate
thanissaro	iti58	iti58:4.4	unreviewed-verse,pending-recovered-candidate
thanissaro	iti59	iti59:3.1	unreviewed-verse
thanissaro	iti59	iti59:3.2	unreviewed-verse,pending-recovered-candidate
thanissaro	iti59	iti59:3.3	unreviewed-verse
thanissaro	iti59	iti59:3.4	unreviewed-verse
thanissaro	iti60	iti60:3.1	unreviewed-verse
thanissaro	iti60	iti60:3.2	unreviewed-verse
thanissaro	iti60	iti60:4.1	unreviewed-verse
thanissaro	iti60	iti60:4.2	unreviewed-verse
thanissaro	iti60	iti60:4.3	unreviewed-verse
thanissaro	iti61	iti61:3.1	unreviewed-verse
thanissaro	iti61	iti61:3.2	unreviewed-verse
thanissaro	iti61	iti61:3.3	unreviewed-verse
thanissaro	iti61	iti61:4.1	unreviewed-verse
thanissaro	iti61	iti61:4.2	unreviewed-verse
thanissaro	iti61	iti61:4.3	unreviewed-verse
thanissaro	iti61	iti61:4.4	unreviewed-verse
thanissaro	iti61	iti61:4.5	unreviewed-verse
thanissaro	iti61	iti61:4.6	unreviewed-verse
thanissaro	iti62	iti62:3.1	unreviewed-verse
thanissaro	iti62	iti62:3.2	unreviewed-verse
thanissaro	iti62	iti62:3.3	unreviewed-verse
thanissaro	iti62	iti62:3.4	unreviewed-verse
thanissaro	iti62	iti62:4.1	unreviewed-verse
thanissaro	iti62	iti62:4.2	unreviewed-verse
thanissaro	iti62	iti62:4.3	unreviewed-verse,pending-recovered-candidate
thanissaro	iti62	iti62:4.4	unreviewed-verse,pending-recovered-candidate
thanissaro	iti62	iti62:5.1	unreviewed-verse
thanissaro	iti62	iti62:5.2	unreviewed-verse
thanissaro	iti62	iti62:5.3	unreviewed-verse
thanissaro	iti62	iti62:5.4	unreviewed-verse
thanissaro	iti63	iti63:3.1	unreviewed-verse
thanissaro	iti63	iti63:3.2	unreviewed-verse
thanissaro	iti63	iti63:3.3	unreviewed-verse
thanissaro	iti63	iti63:3.4	unreviewed-verse
thanissaro	iti63	iti63:4.1	unreviewed-verse
thanissaro	iti63	iti63:4.2	unreviewed-verse
thanissaro	iti63	iti63:4.3	unreviewed-verse
thanissaro	iti63	iti63:4.4	unreviewed-verse
thanissaro	iti63	iti63:5.1	unreviewed-verse
thanissaro	iti63	iti63:5.2	unreviewed-verse
thanissaro	iti63	iti63:5.3	unreviewed-verse
thanissaro	iti63	iti63:5.4	unreviewed-verse
thanissaro	iti64	iti64:3.1	unreviewed-verse
thanissaro	iti64	iti64:3.2	unreviewed-verse,pending-recovered-candidate
thanissaro	iti64	iti64:3.3	unreviewed-verse,pending-recovered-candidate
thanissaro	iti64	iti64:3.4	unreviewed-verse
thanissaro	iti64	iti64:4.1	unreviewed-verse
thanissaro	iti64	iti64:4.2	unreviewed-verse
thanissaro	iti64	iti64:4.3	unreviewed-verse
thanissaro	iti64	iti64:4.4	unreviewed-verse
thanissaro	iti65	iti65:3.1	unreviewed-verse
thanissaro	iti65	iti65:3.4	unreviewed-verse
thanissaro	iti66	iti66:3.1	unreviewed-verse
thanissaro	iti66	iti66:3.2	unreviewed-verse
thanissaro	iti66	iti66:3.3	unreviewed-verse
thanissaro	iti66	iti66:3.4	unreviewed-verse
thanissaro	iti67	iti67:3.1	unreviewed-verse
thanissaro	iti67	iti67:3.2	unreviewed-verse
thanissaro	iti67	iti67:3.3	unreviewed-verse
thanissaro	iti67	iti67:3.4	unreviewed-verse
thanissaro	iti68	iti68:3.1	unreviewed-verse
thanissaro	iti68	iti68:3.2	unreviewed-verse,pending-recovered-candidate
thanissaro	iti68	iti68:3.3	unreviewed-verse
thanissaro	iti68	iti68:3.4	unreviewed-verse
thanissaro	iti68	iti68:3.5	unreviewed-verse
thanissaro	iti68	iti68:3.6	unreviewed-verse
thanissaro	iti69	iti69:3.1	unreviewed-verse
thanissaro	iti69	iti69:3.2	unreviewed-verse,pending-recovered-candidate
thanissaro	iti69	iti69:3.3	unreviewed-verse
thanissaro	iti69	iti69:3.4	unreviewed-verse,pending-recovered-candidate
thanissaro	iti69	iti69:4.1	unreviewed-verse
thanissaro	iti69	iti69:4.2	unreviewed-verse
thanissaro	iti69	iti69:4.3	unreviewed-verse
thanissaro	iti69	iti69:4.4	unreviewed-verse
thanissaro	iti70	iti70:5.1	unreviewed-verse
thanissaro	iti70	iti70:5.2	unreviewed-verse
thanissaro	iti70	iti70:5.3	unreviewed-verse
thanissaro	iti70	iti70:5.4	unreviewed-verse
thanissaro	iti70	iti70:6.1	unreviewed-verse
thanissaro	iti70	iti70:6.2	unreviewed-verse
thanissaro	iti70	iti70:6.3	unreviewed-verse
thanissaro	iti70	iti70:6.4	unreviewed-verse
thanissaro	iti71	iti71:5.1	unreviewed-verse
thanissaro	iti71	iti71:5.2	unreviewed-verse
thanissaro	iti71	iti71:5.3	unreviewed-verse
thanissaro	iti71	iti71:5.4	unreviewed-verse
thanissaro	iti71	iti71:6.1	unreviewed-verse
thanissaro	iti71	iti71:6.2	unreviewed-verse
thanissaro	iti71	iti71:6.3	unreviewed-verse
thanissaro	iti71	iti71:6.4	unreviewed-verse
thanissaro	iti72	iti72:3.1	unreviewed-verse
thanissaro	iti72	iti72:3.2	unreviewed-verse
thanissaro	iti72	iti72:4.1	unreviewed-verse
thanissaro	iti72	iti72:4.2	unreviewed-verse
thanissaro	iti72	iti72:4.3	unreviewed-verse
thanissaro	iti72	iti72:4.4	unreviewed-verse
thanissaro	iti73	iti73:3.1	unreviewed-verse
thanissaro	iti73	iti73:3.2	unreviewed-verse
thanissaro	iti73	iti73:3.3	unreviewed-verse
thanissaro	iti73	iti73:3.4	unreviewed-verse
thanissaro	iti73	iti73:4.1	unreviewed-verse
thanissaro	iti73	iti73:4.2	unreviewed-verse
thanissaro	iti73	iti73:4.3	unreviewed-verse
thanissaro	iti73	iti73:4.4	unreviewed-verse
thanissaro	iti73	iti73:5.1	unreviewed-verse
thanissaro	iti73	iti73:5.2	unreviewed-verse
thanissaro	iti73	iti73:5.3	unreviewed-verse
thanissaro	iti73	iti73:5.4	unreviewed-verse,pending-recovered-candidate
thanissaro	iti73	iti73:5.5	unreviewed-verse
thanissaro	iti73	iti73:5.6	unreviewed-verse
thanissaro	iti74	iti74:6.1	unreviewed-verse
thanissaro	iti75	iti75:6.1	unreviewed-verse
thanissaro	iti75	iti75:7.2	unreviewed-verse
thanissaro	iti75	iti75:7.3	unreviewed-verse
thanissaro	iti75	iti75:7.4	unreviewed-verse
thanissaro	iti75	iti75:8.1	unreviewed-verse
thanissaro	iti75	iti75:8.2	unreviewed-verse,pending-recovered-candidate
thanissaro	iti75	iti75:8.3	unreviewed-verse,pending-recovered-candidate
thanissaro	iti75	iti75:8.4	unreviewed-verse
thanissaro	iti75	iti75:9.1	unreviewed-verse
thanissaro	iti75	iti75:9.2	unreviewed-verse,pending-recovered-candidate
thanissaro	iti75	iti75:9.3	unreviewed-verse
thanissaro	iti75	iti75:9.4	unreviewed-verse
thanissaro	iti75	iti75:10.1	unreviewed-verse
thanissaro	iti75	iti75:10.5	unreviewed-verse
thanissaro	iti75	iti75:10.6	unreviewed-verse
thanissaro	iti76	iti76:3.1	unreviewed-verse
thanissaro	iti76	iti76:3.2	unreviewed-verse,pending-recovered-candidate
thanissaro	iti76	iti76:3.3	unreviewed-verse,pending-recovered-candidate
thanissaro	iti76	iti76:7.1	unreviewed-verse
thanissaro	iti76	iti76:8.1	unreviewed-verse
thanissaro	iti76	iti76:9.1	unreviewed-verse
thanissaro	iti77	iti77:3.1	unreviewed-verse
thanissaro	iti77	iti77:3.2	unreviewed-verse
thanissaro	iti77	iti77:3.3	unreviewed-verse
thanissaro	iti77	iti77:3.4	unreviewed-verse
thanissaro	iti77	iti77:3.5	unreviewed-verse
thanissaro	iti77	iti77:3.6	unreviewed-verse
thanissaro	iti78	iti78:6.1	unreviewed-verse
thanissaro	iti78	iti78:6.2	unreviewed-verse
thanissaro	iti78	iti78:6.3	unreviewed-verse
thanissaro	iti78	iti78:6.4	unreviewed-verse,pending-recovered-candidate
thanissaro	iti78	iti78:7.1	unreviewed-verse
thanissaro	iti78	iti78:7.2	unreviewed-verse,pending-recovered-candidate
thanissaro	iti78	iti78:8.2	unreviewed-verse
thanissaro	iti78	iti78:8.3	unreviewed-verse
thanissaro	iti78	iti78:8.4	unreviewed-verse
thanissaro	iti79	iti79:4.1	unreviewed-verse
thanissaro	iti79	iti79:4.2	unreviewed-verse
thanissaro	iti79	iti79:4.3	unreviewed-verse
thanissaro	iti79	iti79:4.4	unreviewed-verse
thanissaro	iti79	iti79:5.1	unreviewed-verse
thanissaro	iti79	iti79:5.2	unreviewed-verse
thanissaro	iti79	iti79:5.3	unreviewed-verse
thanissaro	iti79	iti79:5.4	unreviewed-verse
thanissaro	iti81	iti81:9.1	unreviewed-verse
thanissaro	iti81	iti81:9.2	unreviewed-verse
thanissaro	iti81	iti81:9.3	unreviewed-verse
thanissaro	iti81	iti81:9.4	unreviewed-verse
thanissaro	iti81	iti81:10.1	unreviewed-verse
thanissaro	iti81	iti81:10.2	unreviewed-verse
thanissaro	iti81	iti81:10.3	unreviewed-verse
thanissaro	iti81	iti81:10.4	unreviewed-verse
thanissaro	iti82	iti82:5.1	unreviewed-verse
thanissaro	iti82	iti82:5.2	unreviewed-verse
thanissaro	iti82	iti82:5.3	unreviewed-verse
thanissaro	iti82	iti82:5.4	unreviewed-verse,pending-recovered-candidate
thanissaro	iti82	iti82:6.1	unreviewed-verse
thanissaro	iti82	iti82:6.2	unreviewed-verse
thanissaro	iti82	iti82:6.3	unreviewed-verse
thanissaro	iti82	iti82:6.4	unreviewed-verse
thanissaro	iti82	iti82:7.1	unreviewed-verse
thanissaro	iti82	iti82:7.2	unreviewed-verse,pending-recovered-candidate
thanissaro	iti82	iti82:7.3	unreviewed-verse
thanissaro	iti82	iti82:7.4	unreviewed-verse
thanissaro	iti83	iti83:12.4	unreviewed-verse
thanissaro	iti83	iti83:13.1	unreviewed-verse
thanissaro	iti83	iti83:13.2	unreviewed-verse
thanissaro	iti83	iti83:13.3	unreviewed-verse
thanissaro	iti83	iti83:13.4	unreviewed-verse,pending-recovered-candidate
thanissaro	iti83	iti83:14.1	unreviewed-verse
thanissaro	iti83	iti83:14.2	unreviewed-verse
thanissaro	iti83	iti83:14.3	unreviewed-verse
thanissaro	iti83	iti83:14.4	unreviewed-verse
thanissaro	iti83	iti83:15.1	unreviewed-verse
thanissaro	iti83	iti83:15.4	unreviewed-verse
thanissaro	iti83	iti83:16.1	unreviewed-verse
thanissaro	iti83	iti83:17.2	unreviewed-verse
thanissaro	iti83	iti83:17.3	unreviewed-verse
thanissaro	iti83	iti83:17.4	unreviewed-verse,pending-recovered-candidate
thanissaro	iti83	iti83:18.1	unreviewed-verse
thanissaro	iti84	iti84:5.1	unreviewed-verse
thanissaro	iti84	iti84:5.2	unreviewed-verse
thanissaro	iti84	iti84:5.3	unreviewed-verse
thanissaro	iti84	iti84:5.4	unreviewed-verse
thanissaro	iti84	iti84:6.1	unreviewed-verse
thanissaro	iti84	iti84:6.2	unreviewed-verse
thanissaro	iti84	iti84:6.3	unreviewed-verse
thanissaro	iti84	iti84:6.4	unreviewed-verse
thanissaro	iti84	iti84:7.1	unreviewed-verse
thanissaro	iti84	iti84:7.2	unreviewed-verse,pending-recovered-candidate
thanissaro	iti84	iti84:7.3	unreviewed-verse,historical-uncertainty
thanissaro	iti84	iti84:7.4	unreviewed-verse
thanissaro	iti85	iti85:3.1	unreviewed-verse
thanissaro	iti85	iti85:3.2	unreviewed-verse
thanissaro	iti85	iti85:3.3	unreviewed-verse
thanissaro	iti85	iti85:3.4	unreviewed-verse,pending-recovered-candidate
thanissaro	iti85	iti85:4.1	unreviewed-verse
thanissaro	iti85	iti85:4.2	unreviewed-verse
thanissaro	iti85	iti85:4.3	unreviewed-verse
thanissaro	iti85	iti85:4.4	unreviewed-verse
thanissaro	iti86	iti86:4.1	unreviewed-verse
thanissaro	iti86	iti86:4.2	unreviewed-verse
thanissaro	iti86	iti86:4.3	unreviewed-verse
thanissaro	iti86	iti86:4.4	unreviewed-verse
thanissaro	iti87	iti87:4.1	unreviewed-verse
thanissaro	iti87	iti87:4.2	unreviewed-verse
thanissaro	iti87	iti87:4.3	unreviewed-verse
thanissaro	iti87	iti87:4.4	unreviewed-verse
thanissaro	iti87	iti87:4.5	unreviewed-verse
thanissaro	iti87	iti87:4.6	unreviewed-verse
thanissaro	iti88	iti88:3.1	unreviewed-verse
thanissaro	iti88	iti88:4.2	unreviewed-verse
thanissaro	iti88	iti88:4.3	unreviewed-verse
thanissaro	iti88	iti88:4.4	unreviewed-verse,pending-recovered-candidate
thanissaro	iti88	iti88:5.1	unreviewed-verse
thanissaro	iti88	iti88:5.2	unreviewed-verse
thanissaro	iti88	iti88:5.3	unreviewed-verse
thanissaro	iti88	iti88:5.4	unreviewed-verse
thanissaro	iti88	iti88:6.1	unreviewed-verse
thanissaro	iti88	iti88:7.2	unreviewed-verse
thanissaro	iti88	iti88:7.3	unreviewed-verse
thanissaro	iti88	iti88:7.4	unreviewed-verse,pending-recovered-candidate
thanissaro	iti88	iti88:8.1	unreviewed-verse
thanissaro	iti88	iti88:8.2	unreviewed-verse
thanissaro	iti88	iti88:8.3	unreviewed-verse
thanissaro	iti88	iti88:8.4	unreviewed-verse
thanissaro	iti88	iti88:9.1	unreviewed-verse
thanissaro	iti88	iti88:10.2	unreviewed-verse
thanissaro	iti88	iti88:10.3	unreviewed-verse
thanissaro	iti88	iti88:10.4	unreviewed-verse,pending-recovered-candidate
thanissaro	iti88	iti88:11.1	unreviewed-verse
thanissaro	iti88	iti88:11.2	unreviewed-verse
thanissaro	iti88	iti88:11.3	unreviewed-verse
thanissaro	iti88	iti88:11.4	unreviewed-verse
thanissaro	iti89	iti89:3.1	unreviewed-verse,pending-recovered-candidate
thanissaro	iti89	iti89:3.4	unreviewed-verse
thanissaro	iti89	iti89:4.1	unreviewed-verse
thanissaro	iti89	iti89:4.2	unreviewed-verse
thanissaro	iti89	iti89:4.3	unreviewed-verse
thanissaro	iti89	iti89:4.4	unreviewed-verse
thanissaro	iti89	iti89:5.1	unreviewed-verse
thanissaro	iti89	iti89:5.2	unreviewed-verse
thanissaro	iti89	iti89:5.3	unreviewed-verse
thanissaro	iti89	iti89:5.4	unreviewed-verse
thanissaro	iti89	iti89:6.4	unreviewed-verse
thanissaro	iti89	iti89:7.3	unreviewed-verse
thanissaro	iti89	iti89:7.4	unreviewed-verse
thanissaro	iti89	iti89:8.4	unreviewed-verse
thanissaro	iti89	iti89:9.1	unreviewed-verse
thanissaro	iti89	iti89:9.2	unreviewed-verse
thanissaro	iti89	iti89:9.3	unreviewed-verse
thanissaro	iti89	iti89:9.4	unreviewed-verse
thanissaro	snp1.10	snp1.10:6.1	unreviewed-verse
thanissaro	snp1.10	snp1.10:6.2	unreviewed-verse
thanissaro	snp1.10	snp1.10:6.3	unreviewed-verse
thanissaro	snp1.10	snp1.10:6.4	unreviewed-verse
thanissaro	snp1.10	snp1.10:7.1	unreviewed-verse
thanissaro	snp1.10	snp1.10:7.2	unreviewed-verse
thanissaro	snp1.10	snp1.10:7.3	unreviewed-verse
thanissaro	snp1.10	snp1.10:7.4	unreviewed-verse
thanissaro	snp1.10	snp1.10:8.1	unreviewed-verse
thanissaro	snp1.10	snp1.10:8.2	unreviewed-verse
thanissaro	snp1.10	snp1.10:8.3	unreviewed-verse
thanissaro	snp1.10	snp1.10:8.4	unreviewed-verse
thanissaro	snp1.10	snp1.10:9.1	unreviewed-verse
thanissaro	snp1.10	snp1.10:9.2	unreviewed-verse
thanissaro	snp1.10	snp1.10:9.3	unreviewed-verse
thanissaro	snp1.10	snp1.10:9.4	unreviewed-verse
thanissaro	snp1.10	snp1.10:10.1	unreviewed-verse
thanissaro	snp1.10	snp1.10:10.2	unreviewed-verse
thanissaro	snp1.10	snp1.10:10.3	unreviewed-verse
thanissaro	snp1.10	snp1.10:10.4	unreviewed-verse
thanissaro	snp1.10	snp1.10:10.5	unreviewed-verse
thanissaro	snp1.10	snp1.10:10.6	unreviewed-verse
thanissaro	snp1.10	snp1.10:11.1	unreviewed-verse
thanissaro	snp1.10	snp1.10:11.2	unreviewed-verse
thanissaro	snp1.10	snp1.10:11.3	unreviewed-verse
thanissaro	snp1.10	snp1.10:11.4	unreviewed-verse
thanissaro	snp1.10	snp1.10:12.1	unreviewed-verse
thanissaro	snp1.10	snp1.10:12.2	unreviewed-verse
thanissaro	snp1.10	snp1.10:12.3	unreviewed-verse
thanissaro	snp1.10	snp1.10:12.4	unreviewed-verse
thanissaro	snp1.10	snp1.10:13.1	unreviewed-verse
thanissaro	snp1.10	snp1.10:13.2	unreviewed-verse
thanissaro	snp1.10	snp1.10:13.3	unreviewed-verse
thanissaro	snp1.10	snp1.10:13.4	unreviewed-verse
thanissaro	snp1.10	snp1.10:14.1	unreviewed-verse
thanissaro	snp1.10	snp1.10:14.2	unreviewed-verse
thanissaro	snp1.10	snp1.10:14.3	unreviewed-verse
thanissaro	snp1.10	snp1.10:14.4	unreviewed-verse
thanissaro	snp1.10	snp1.10:15.1	unreviewed-verse
thanissaro	snp1.10	snp1.10:15.2	unreviewed-verse
thanissaro	snp1.10	snp1.10:15.3	unreviewed-verse
thanissaro	snp1.10	snp1.10:15.4	unreviewed-verse
thanissaro	snp1.10	snp1.10:16.1	unreviewed-verse
thanissaro	snp1.10	snp1.10:16.2	unreviewed-verse
thanissaro	snp1.10	snp1.10:16.3	unreviewed-verse
thanissaro	snp1.10	snp1.10:16.4	unreviewed-verse
thanissaro	snp1.10	snp1.10:17.1	unreviewed-verse
thanissaro	snp1.10	snp1.10:17.2	unreviewed-verse
thanissaro	snp1.10	snp1.10:17.3	unreviewed-verse
thanissaro	snp1.10	snp1.10:17.4	unreviewed-verse
thanissaro	snp1.11	snp1.11:1.1	unreviewed-verse
thanissaro	snp1.11	snp1.11:1.2	unreviewed-verse
thanissaro	snp1.11	snp1.11:1.3	unreviewed-verse
thanissaro	snp1.11	snp1.11:1.4	unreviewed-verse
thanissaro	snp1.11	snp1.11:2.1	unreviewed-verse
thanissaro	snp1.11	snp1.11:2.2	unreviewed-verse
thanissaro	snp1.11	snp1.11:2.3	unreviewed-verse
thanissaro	snp1.11	snp1.11:2.4	unreviewed-verse
thanissaro	snp1.11	snp1.11:3.1	unreviewed-verse
thanissaro	snp1.11	snp1.11:3.2	unreviewed-verse
thanissaro	snp1.11	snp1.11:3.3	unreviewed-verse
thanissaro	snp1.11	snp1.11:3.4	unreviewed-verse
thanissaro	snp1.11	snp1.11:4.1	unreviewed-verse
thanissaro	snp1.11	snp1.11:4.2	unreviewed-verse
thanissaro	snp1.11	snp1.11:4.3	unreviewed-verse
thanissaro	snp1.11	snp1.11:4.4	unreviewed-verse
thanissaro	snp1.11	snp1.11:5.1	unreviewed-verse
thanissaro	snp1.11	snp1.11:5.2	unreviewed-verse
thanissaro	snp1.11	snp1.11:5.3	unreviewed-verse
thanissaro	snp1.11	snp1.11:5.4	unreviewed-verse
thanissaro	snp1.11	snp1.11:6.1	unreviewed-verse
thanissaro	snp1.11	snp1.11:6.2	unreviewed-verse
thanissaro	snp1.11	snp1.11:6.3	unreviewed-verse
thanissaro	snp1.11	snp1.11:6.4	unreviewed-verse
thanissaro	snp1.11	snp1.11:7.1	unreviewed-verse
thanissaro	snp1.11	snp1.11:7.2	unreviewed-verse
thanissaro	snp1.11	snp1.11:7.3	unreviewed-verse
thanissaro	snp1.11	snp1.11:7.4	unreviewed-verse
thanissaro	snp1.11	snp1.11:8.1	unreviewed-verse
thanissaro	snp1.11	snp1.11:8.2	unreviewed-verse
thanissaro	snp1.11	snp1.11:8.3	unreviewed-verse
thanissaro	snp1.11	snp1.11:8.4	unreviewed-verse
thanissaro	snp1.11	snp1.11:9.1	unreviewed-verse
thanissaro	snp1.11	snp1.11:9.2	unreviewed-verse
thanissaro	snp1.11	snp1.11:9.3	unreviewed-verse
thanissaro	snp1.11	snp1.11:9.4	unreviewed-verse
thanissaro	snp1.11	snp1.11:10.1	unreviewed-verse
thanissaro	snp1.11	snp1.11:10.2	unreviewed-verse
thanissaro	snp1.11	snp1.11:10.3	unreviewed-verse
thanissaro	snp1.11	snp1.11:10.4	unreviewed-verse
thanissaro	snp1.11	snp1.11:11.1	unreviewed-verse
thanissaro	snp1.11	snp1.11:11.2	unreviewed-verse
thanissaro	snp1.11	snp1.11:11.3	unreviewed-verse
thanissaro	snp1.11	snp1.11:11.4	unreviewed-verse
thanissaro	snp1.11	snp1.11:12.1	unreviewed-verse
thanissaro	snp1.11	snp1.11:12.2	unreviewed-verse
thanissaro	snp1.11	snp1.11:12.3	unreviewed-verse
thanissaro	snp1.11	snp1.11:12.4	unreviewed-verse
thanissaro	snp1.11	snp1.11:13.1	unreviewed-verse
thanissaro	snp1.11	snp1.11:13.2	unreviewed-verse
thanissaro	snp1.11	snp1.11:13.3	unreviewed-verse
thanissaro	snp1.11	snp1.11:13.4	unreviewed-verse
thanissaro	snp1.11	snp1.11:14.1	unreviewed-verse
thanissaro	snp1.11	snp1.11:14.2	unreviewed-verse
thanissaro	snp1.11	snp1.11:14.3	unreviewed-verse
thanissaro	snp1.11	snp1.11:14.4	unreviewed-verse
thanissaro	snp1.12	snp1.12:1.1	unreviewed-verse
thanissaro	snp1.12	snp1.12:1.2	unreviewed-verse
thanissaro	snp1.12	snp1.12:1.3	unreviewed-verse
thanissaro	snp1.12	snp1.12:1.4	unreviewed-verse
thanissaro	snp1.12	snp1.12:2.1	unreviewed-verse
thanissaro	snp1.12	snp1.12:2.2	unreviewed-verse
thanissaro	snp1.12	snp1.12:2.3	unreviewed-verse
thanissaro	snp1.12	snp1.12:2.4	unreviewed-verse
thanissaro	snp1.12	snp1.12:3.1	unreviewed-verse
thanissaro	snp1.12	snp1.12:3.2	unreviewed-verse
thanissaro	snp1.12	snp1.12:3.3	unreviewed-verse
thanissaro	snp1.12	snp1.12:3.4	unreviewed-verse
thanissaro	snp1.12	snp1.12:4.1	unreviewed-verse
thanissaro	snp1.12	snp1.12:4.2	unreviewed-verse
thanissaro	snp1.12	snp1.12:4.3	unreviewed-verse
thanissaro	snp1.12	snp1.12:4.4	unreviewed-verse
thanissaro	snp1.12	snp1.12:5.1	unreviewed-verse
thanissaro	snp1.12	snp1.12:5.2	unreviewed-verse
thanissaro	snp1.12	snp1.12:5.3	unreviewed-verse
thanissaro	snp1.12	snp1.12:5.4	unreviewed-verse
thanissaro	snp1.12	snp1.12:6.1	unreviewed-verse
thanissaro	snp1.12	snp1.12:6.2	unreviewed-verse
thanissaro	snp1.12	snp1.12:6.3	unreviewed-verse
thanissaro	snp1.12	snp1.12:6.4	unreviewed-verse
thanissaro	snp1.12	snp1.12:7.1	unreviewed-verse
thanissaro	snp1.12	snp1.12:7.2	unreviewed-verse
thanissaro	snp1.12	snp1.12:7.3	unreviewed-verse
thanissaro	snp1.12	snp1.12:7.4	unreviewed-verse
thanissaro	snp1.12	snp1.12:7.5	unreviewed-verse
thanissaro	snp1.12	snp1.12:7.6	unreviewed-verse
thanissaro	snp1.12	snp1.12:7.7	unreviewed-verse
thanissaro	snp1.12	snp1.12:8.1	unreviewed-verse
thanissaro	snp1.12	snp1.12:8.2	unreviewed-verse
thanissaro	snp1.12	snp1.12:8.3	unreviewed-verse
thanissaro	snp1.12	snp1.12:8.4	unreviewed-verse
thanissaro	snp1.12	snp1.12:9.1	unreviewed-verse
thanissaro	snp1.12	snp1.12:9.2	unreviewed-verse
thanissaro	snp1.12	snp1.12:9.3	unreviewed-verse
thanissaro	snp1.12	snp1.12:9.4	unreviewed-verse
thanissaro	snp1.12	snp1.12:10.1	unreviewed-verse
thanissaro	snp1.12	snp1.12:10.2	unreviewed-verse
thanissaro	snp1.12	snp1.12:10.3	unreviewed-verse
thanissaro	snp1.12	snp1.12:10.4	unreviewed-verse
thanissaro	snp1.12	snp1.12:11.1	unreviewed-verse
thanissaro	snp1.12	snp1.12:11.2	unreviewed-verse
thanissaro	snp1.12	snp1.12:11.3	unreviewed-verse
thanissaro	snp1.12	snp1.12:11.4	unreviewed-verse
thanissaro	snp1.12	snp1.12:12.1	unreviewed-verse
thanissaro	snp1.12	snp1.12:12.2	unreviewed-verse
thanissaro	snp1.12	snp1.12:12.3	unreviewed-verse
thanissaro	snp1.12	snp1.12:12.4	unreviewed-verse
thanissaro	snp1.12	snp1.12:13.1	unreviewed-verse
thanissaro	snp1.12	snp1.12:13.2	unreviewed-verse
thanissaro	snp1.12	snp1.12:13.3	unreviewed-verse
thanissaro	snp1.12	snp1.12:13.4	unreviewed-verse
thanissaro	snp1.12	snp1.12:14.1	unreviewed-verse
thanissaro	snp1.12	snp1.12:14.2	unreviewed-verse
thanissaro	snp1.12	snp1.12:14.3	unreviewed-verse
thanissaro	snp1.12	snp1.12:14.4	unreviewed-verse
thanissaro	snp1.12	snp1.12:15.1	unreviewed-verse
thanissaro	snp1.12	snp1.12:15.2	unreviewed-verse
thanissaro	snp1.12	snp1.12:15.3	unreviewed-verse
thanissaro	snp1.12	snp1.12:15.4	unreviewed-verse
thanissaro	snp1.1	snp1.1:1.1	unreviewed-verse
thanissaro	snp1.1	snp1.1:1.2	unreviewed-verse
thanissaro	snp1.1	snp1.1:1.3	unreviewed-verse
thanissaro	snp1.1	snp1.1:1.4	unreviewed-verse
thanissaro	snp1.1	snp1.1:2.1	unreviewed-verse
thanissaro	snp1.1	snp1.1:2.2	unreviewed-verse
thanissaro	snp1.1	snp1.1:2.3	unreviewed-verse
thanissaro	snp1.1	snp1.1:2.4	unreviewed-verse
thanissaro	snp1.1	snp1.1:3.1	unreviewed-verse
thanissaro	snp1.1	snp1.1:3.2	unreviewed-verse
thanissaro	snp1.1	snp1.1:3.3	unreviewed-verse
thanissaro	snp1.1	snp1.1:3.4	unreviewed-verse
thanissaro	snp1.1	snp1.1:4.1	unreviewed-verse
thanissaro	snp1.1	snp1.1:4.2	unreviewed-verse
thanissaro	snp1.1	snp1.1:4.3	unreviewed-verse
thanissaro	snp1.1	snp1.1:4.4	unreviewed-verse
thanissaro	snp1.1	snp1.1:5.1	unreviewed-verse
thanissaro	snp1.1	snp1.1:5.2	unreviewed-verse
thanissaro	snp1.1	snp1.1:5.3	unreviewed-verse
thanissaro	snp1.1	snp1.1:5.4	unreviewed-verse
thanissaro	snp1.1	snp1.1:6.1	unreviewed-verse
thanissaro	snp1.1	snp1.1:6.2	unreviewed-verse
thanissaro	snp1.1	snp1.1:6.3	unreviewed-verse
thanissaro	snp1.1	snp1.1:6.4	unreviewed-verse
thanissaro	snp1.1	snp1.1:7.1	unreviewed-verse
thanissaro	snp1.1	snp1.1:7.2	unreviewed-verse
thanissaro	snp1.1	snp1.1:7.3	unreviewed-verse
thanissaro	snp1.1	snp1.1:7.4	unreviewed-verse
thanissaro	snp1.1	snp1.1:8.1	unreviewed-verse
thanissaro	snp1.1	snp1.1:8.2	unreviewed-verse
thanissaro	snp1.1	snp1.1:8.3	unreviewed-verse
thanissaro	snp1.1	snp1.1:8.4	unreviewed-verse
thanissaro	snp1.1	snp1.1:9.1	unreviewed-verse
thanissaro	snp1.1	snp1.1:9.2	unreviewed-verse
thanissaro	snp1.1	snp1.1:9.3	unreviewed-verse
thanissaro	snp1.1	snp1.1:9.4	unreviewed-verse
thanissaro	snp1.1	snp1.1:10.1	unreviewed-verse
thanissaro	snp1.1	snp1.1:10.2	unreviewed-verse
thanissaro	snp1.1	snp1.1:10.3	unreviewed-verse
thanissaro	snp1.1	snp1.1:10.4	unreviewed-verse
thanissaro	snp1.1	snp1.1:11.1	unreviewed-verse
thanissaro	snp1.1	snp1.1:11.2	unreviewed-verse
thanissaro	snp1.1	snp1.1:11.3	unreviewed-verse
thanissaro	snp1.1	snp1.1:11.4	unreviewed-verse
thanissaro	snp1.1	snp1.1:12.1	unreviewed-verse
thanissaro	snp1.1	snp1.1:12.2	unreviewed-verse
thanissaro	snp1.1	snp1.1:12.3	unreviewed-verse
thanissaro	snp1.1	snp1.1:12.4	unreviewed-verse
thanissaro	snp1.1	snp1.1:13.1	unreviewed-verse
thanissaro	snp1.1	snp1.1:13.2	unreviewed-verse
thanissaro	snp1.1	snp1.1:13.3	unreviewed-verse
thanissaro	snp1.1	snp1.1:13.4	unreviewed-verse
thanissaro	snp1.1	snp1.1:14.1	unreviewed-verse
thanissaro	snp1.1	snp1.1:14.2	unreviewed-verse
thanissaro	snp1.1	snp1.1:14.3	unreviewed-verse
thanissaro	snp1.1	snp1.1:14.4	unreviewed-verse
thanissaro	snp1.1	snp1.1:15.1	unreviewed-verse
thanissaro	snp1.1	snp1.1:15.2	unreviewed-verse
thanissaro	snp1.1	snp1.1:15.3	unreviewed-verse
thanissaro	snp1.1	snp1.1:15.4	unreviewed-verse
thanissaro	snp1.1	snp1.1:16.1	unreviewed-verse
thanissaro	snp1.1	snp1.1:16.2	unreviewed-verse
thanissaro	snp1.1	snp1.1:16.3	unreviewed-verse
thanissaro	snp1.1	snp1.1:16.4	unreviewed-verse
thanissaro	snp1.1	snp1.1:17.1	unreviewed-verse
thanissaro	snp1.1	snp1.1:17.2	unreviewed-verse
thanissaro	snp1.1	snp1.1:17.3	unreviewed-verse
thanissaro	snp1.1	snp1.1:17.4	unreviewed-verse
thanissaro	snp1.2	snp1.2:1.1	unreviewed-verse
thanissaro	snp1.2	snp1.2:1.3	unreviewed-verse
thanissaro	snp1.2	snp1.2:1.4	unreviewed-verse
thanissaro	snp1.2	snp1.2:1.5	unreviewed-verse
thanissaro	snp1.2	snp1.2:2.1	unreviewed-verse
thanissaro	snp1.2	snp1.2:2.3	unreviewed-verse
thanissaro	snp1.2	snp1.2:2.4	unreviewed-verse
thanissaro	snp1.2	snp1.2:2.5	unreviewed-verse
thanissaro	snp1.2	snp1.2:3.1	unreviewed-verse
thanissaro	snp1.2	snp1.2:3.3	unreviewed-verse
thanissaro	snp1.2	snp1.2:3.4	unreviewed-verse
thanissaro	snp1.2	snp1.2:3.5	unreviewed-verse
thanissaro	snp1.2	snp1.2:4.1	unreviewed-verse
thanissaro	snp1.2	snp1.2:4.3	unreviewed-verse
thanissaro	snp1.2	snp1.2:4.4	unreviewed-verse
thanissaro	snp1.2	snp1.2:4.5	unreviewed-verse
thanissaro	snp1.2	snp1.2:5.1	unreviewed-verse
thanissaro	snp1.2	snp1.2:5.3	unreviewed-verse
thanissaro	snp1.2	snp1.2:5.4	unreviewed-verse
thanissaro	snp1.2	snp1.2:5.5	unreviewed-verse
thanissaro	snp1.2	snp1.2:6.1	unreviewed-verse
thanissaro	snp1.2	snp1.2:6.3	unreviewed-verse
thanissaro	snp1.2	snp1.2:6.4	unreviewed-verse
thanissaro	snp1.2	snp1.2:6.5	unreviewed-verse
thanissaro	snp1.2	snp1.2:7.1	unreviewed-verse
thanissaro	snp1.2	snp1.2:7.3	unreviewed-verse
thanissaro	snp1.2	snp1.2:7.4	unreviewed-verse
thanissaro	snp1.2	snp1.2:7.5	unreviewed-verse
thanissaro	snp1.2	snp1.2:8.1	unreviewed-verse
thanissaro	snp1.2	snp1.2:8.3	unreviewed-verse
thanissaro	snp1.2	snp1.2:8.4	unreviewed-verse
thanissaro	snp1.2	snp1.2:8.5	unreviewed-verse
thanissaro	snp1.2	snp1.2:9.1	unreviewed-verse
thanissaro	snp1.2	snp1.2:9.3	unreviewed-verse
thanissaro	snp1.2	snp1.2:9.4	unreviewed-verse
thanissaro	snp1.2	snp1.2:9.5	unreviewed-verse
thanissaro	snp1.2	snp1.2:10.1	unreviewed-verse
thanissaro	snp1.2	snp1.2:10.3	unreviewed-verse
thanissaro	snp1.2	snp1.2:10.4	unreviewed-verse
thanissaro	snp1.2	snp1.2:10.5	unreviewed-verse
thanissaro	snp1.2	snp1.2:11.1	unreviewed-verse
thanissaro	snp1.2	snp1.2:11.3	unreviewed-verse
thanissaro	snp1.2	snp1.2:11.4	unreviewed-verse
thanissaro	snp1.2	snp1.2:11.5	unreviewed-verse
thanissaro	snp1.2	snp1.2:12.1	unreviewed-verse
thanissaro	snp1.2	snp1.2:12.3	unreviewed-verse
thanissaro	snp1.2	snp1.2:12.4	unreviewed-verse
thanissaro	snp1.2	snp1.2:12.5	unreviewed-verse
thanissaro	snp1.2	snp1.2:13.1	unreviewed-verse
thanissaro	snp1.2	snp1.2:13.2	unreviewed-verse
thanissaro	snp1.2	snp1.2:13.3	unreviewed-verse
thanissaro	snp1.2	snp1.2:13.4	unreviewed-verse
thanissaro	snp1.2	snp1.2:14.1	unreviewed-verse
thanissaro	snp1.2	snp1.2:14.2	unreviewed-verse
thanissaro	snp1.2	snp1.2:14.3	unreviewed-verse
thanissaro	snp1.2	snp1.2:14.4	unreviewed-verse
thanissaro	snp1.2	snp1.2:15.1	unreviewed-verse
thanissaro	snp1.2	snp1.2:15.2	unreviewed-verse
thanissaro	snp1.2	snp1.2:15.3	unreviewed-verse
thanissaro	snp1.2	snp1.2:15.4	unreviewed-verse
thanissaro	snp1.2	snp1.2:16.1	unreviewed-verse
thanissaro	snp1.2	snp1.2:16.3	unreviewed-verse
thanissaro	snp1.2	snp1.2:16.4	unreviewed-verse
thanissaro	snp1.2	snp1.2:16.5	unreviewed-verse
thanissaro	snp1.2	snp1.2:17.1	unreviewed-verse
thanissaro	snp1.2	snp1.2:17.3	unreviewed-verse
thanissaro	snp1.2	snp1.2:17.4	unreviewed-verse
thanissaro	snp1.2	snp1.2:17.5	unreviewed-verse
thanissaro	snp1.3	snp1.3:1.1	unreviewed-verse
thanissaro	snp1.3	snp1.3:1.2	unreviewed-verse
thanissaro	snp1.3	snp1.3:1.3	unreviewed-verse
thanissaro	snp1.3	snp1.3:1.4	unreviewed-verse
thanissaro	snp1.3	snp1.3:2.1	unreviewed-verse
thanissaro	snp1.3	snp1.3:2.2	unreviewed-verse
thanissaro	snp1.3	snp1.3:2.3	unreviewed-verse
thanissaro	snp1.3	snp1.3:2.4	unreviewed-verse
thanissaro	snp1.3	snp1.3:3.1	unreviewed-verse
thanissaro	snp1.3	snp1.3:3.2	unreviewed-verse
thanissaro	snp1.3	snp1.3:3.3	unreviewed-verse
thanissaro	snp1.3	snp1.3:3.4	unreviewed-verse
thanissaro	snp1.3	snp1.3:4.1	unreviewed-verse
thanissaro	snp1.3	snp1.3:4.2	unreviewed-verse
thanissaro	snp1.3	snp1.3:4.3	unreviewed-verse
thanissaro	snp1.3	snp1.3:4.4	unreviewed-verse
thanissaro	snp1.3	snp1.3:5.1	unreviewed-verse
thanissaro	snp1.3	snp1.3:5.2	unreviewed-verse
thanissaro	snp1.3	snp1.3:5.3	unreviewed-verse
thanissaro	snp1.3	snp1.3:5.4	unreviewed-verse
thanissaro	snp1.3	snp1.3:6.1	unreviewed-verse
thanissaro	snp1.3	snp1.3:6.2	unreviewed-verse
thanissaro	snp1.3	snp1.3:6.3	unreviewed-verse
thanissaro	snp1.3	snp1.3:6.4	unreviewed-verse
thanissaro	snp1.3	snp1.3:7.1	unreviewed-verse
thanissaro	snp1.3	snp1.3:7.2	unreviewed-verse
thanissaro	snp1.3	snp1.3:7.3	unreviewed-verse
thanissaro	snp1.3	snp1.3:7.4	unreviewed-verse
thanissaro	snp1.3	snp1.3:8.1	unreviewed-verse
thanissaro	snp1.3	snp1.3:8.2	unreviewed-verse
thanissaro	snp1.3	snp1.3:8.3	unreviewed-verse
thanissaro	snp1.3	snp1.3:8.4	unreviewed-verse
thanissaro	snp1.3	snp1.3:9.1	unreviewed-verse
thanissaro	snp1.3	snp1.3:9.2	unreviewed-verse
thanissaro	snp1.3	snp1.3:9.3	unreviewed-verse
thanissaro	snp1.3	snp1.3:9.4	unreviewed-verse
thanissaro	snp1.3	snp1.3:10.1	unreviewed-verse
thanissaro	snp1.3	snp1.3:10.2	unreviewed-verse
thanissaro	snp1.3	snp1.3:10.3	unreviewed-verse
thanissaro	snp1.3	snp1.3:10.4	unreviewed-verse
thanissaro	snp1.3	snp1.3:11.1	unreviewed-verse
thanissaro	snp1.3	snp1.3:11.2	unreviewed-verse
thanissaro	snp1.3	snp1.3:11.3	unreviewed-verse
thanissaro	snp1.3	snp1.3:11.4	unreviewed-verse
thanissaro	snp1.3	snp1.3:12.1	unreviewed-verse
thanissaro	snp1.3	snp1.3:12.2	unreviewed-verse
thanissaro	snp1.3	snp1.3:12.3	unreviewed-verse
thanissaro	snp1.3	snp1.3:12.4	unreviewed-verse
thanissaro	snp1.3	snp1.3:13.1	unreviewed-verse
thanissaro	snp1.3	snp1.3:13.2	unreviewed-verse
thanissaro	snp1.3	snp1.3:13.3	unreviewed-verse
thanissaro	snp1.3	snp1.3:13.4	unreviewed-verse
thanissaro	snp1.3	snp1.3:14.1	unreviewed-verse
thanissaro	snp1.3	snp1.3:14.2	unreviewed-verse
thanissaro	snp1.3	snp1.3:14.3	unreviewed-verse
thanissaro	snp1.3	snp1.3:14.4	unreviewed-verse
thanissaro	snp1.3	snp1.3:15.1	unreviewed-verse
thanissaro	snp1.3	snp1.3:15.2	unreviewed-verse
thanissaro	snp1.3	snp1.3:15.3	unreviewed-verse
thanissaro	snp1.3	snp1.3:15.4	unreviewed-verse
thanissaro	snp1.3	snp1.3:16.1	unreviewed-verse
thanissaro	snp1.3	snp1.3:16.2	unreviewed-verse
thanissaro	snp1.3	snp1.3:16.3	unreviewed-verse
thanissaro	snp1.3	snp1.3:16.4	unreviewed-verse
thanissaro	snp1.3	snp1.3:17.1	unreviewed-verse
thanissaro	snp1.3	snp1.3:17.2	unreviewed-verse
thanissaro	snp1.3	snp1.3:17.3	unreviewed-verse
thanissaro	snp1.3	snp1.3:17.4	unreviewed-verse
thanissaro	snp1.3	snp1.3:18.1	unreviewed-verse
thanissaro	snp1.3	snp1.3:18.2	unreviewed-verse
thanissaro	snp1.3	snp1.3:18.3	unreviewed-verse
thanissaro	snp1.3	snp1.3:18.4	unreviewed-verse
thanissaro	snp1.3	snp1.3:19.1	unreviewed-verse
thanissaro	snp1.3	snp1.3:19.2	unreviewed-verse
thanissaro	snp1.3	snp1.3:19.3	unreviewed-verse
thanissaro	snp1.3	snp1.3:19.4	unreviewed-verse
thanissaro	snp1.3	snp1.3:20.1	unreviewed-verse
thanissaro	snp1.3	snp1.3:20.2	unreviewed-verse
thanissaro	snp1.3	snp1.3:20.3	unreviewed-verse
thanissaro	snp1.3	snp1.3:20.4	unreviewed-verse
thanissaro	snp1.3	snp1.3:21.1	unreviewed-verse
thanissaro	snp1.3	snp1.3:21.2	unreviewed-verse
thanissaro	snp1.3	snp1.3:21.3	unreviewed-verse
thanissaro	snp1.3	snp1.3:21.4	unreviewed-verse
thanissaro	snp1.3	snp1.3:22.1	unreviewed-verse
thanissaro	snp1.3	snp1.3:22.2	unreviewed-verse
thanissaro	snp1.3	snp1.3:22.3	unreviewed-verse
thanissaro	snp1.3	snp1.3:22.4	unreviewed-verse
thanissaro	snp1.3	snp1.3:23.1	unreviewed-verse
thanissaro	snp1.3	snp1.3:23.2	unreviewed-verse
thanissaro	snp1.3	snp1.3:23.3	unreviewed-verse
thanissaro	snp1.3	snp1.3:23.4	unreviewed-verse
thanissaro	snp1.3	snp1.3:24.1	unreviewed-verse
thanissaro	snp1.3	snp1.3:24.2	unreviewed-verse
thanissaro	snp1.3	snp1.3:24.3	unreviewed-verse
thanissaro	snp1.3	snp1.3:24.4	unreviewed-verse
thanissaro	snp1.3	snp1.3:25.1	unreviewed-verse
thanissaro	snp1.3	snp1.3:25.2	unreviewed-verse
thanissaro	snp1.3	snp1.3:25.3	unreviewed-verse
thanissaro	snp1.3	snp1.3:25.4	unreviewed-verse
thanissaro	snp1.3	snp1.3:26.1	unreviewed-verse
thanissaro	snp1.3	snp1.3:26.2	unreviewed-verse
thanissaro	snp1.3	snp1.3:26.3	unreviewed-verse
thanissaro	snp1.3	snp1.3:26.4	unreviewed-verse
thanissaro	snp1.3	snp1.3:27.1	unreviewed-verse
thanissaro	snp1.3	snp1.3:27.2	unreviewed-verse
thanissaro	snp1.3	snp1.3:27.3	unreviewed-verse
thanissaro	snp1.3	snp1.3:27.4	unreviewed-verse
thanissaro	snp1.3	snp1.3:28.1	unreviewed-verse
thanissaro	snp1.3	snp1.3:28.2	unreviewed-verse
thanissaro	snp1.3	snp1.3:28.3	unreviewed-verse
thanissaro	snp1.3	snp1.3:28.4	unreviewed-verse
thanissaro	snp1.3	snp1.3:29.1	unreviewed-verse
thanissaro	snp1.3	snp1.3:29.2	unreviewed-verse
thanissaro	snp1.3	snp1.3:29.3	unreviewed-verse
thanissaro	snp1.3	snp1.3:29.4	unreviewed-verse
thanissaro	snp1.3	snp1.3:30.1	unreviewed-verse
thanissaro	snp1.3	snp1.3:30.2	unreviewed-verse
thanissaro	snp1.3	snp1.3:30.3	unreviewed-verse
thanissaro	snp1.3	snp1.3:30.4	unreviewed-verse
thanissaro	snp1.3	snp1.3:31.1	unreviewed-verse
thanissaro	snp1.3	snp1.3:31.2	unreviewed-verse
thanissaro	snp1.3	snp1.3:31.3	unreviewed-verse
thanissaro	snp1.3	snp1.3:31.4	unreviewed-verse
thanissaro	snp1.3	snp1.3:32.1	unreviewed-verse
thanissaro	snp1.3	snp1.3:32.2	unreviewed-verse
thanissaro	snp1.3	snp1.3:32.3	unreviewed-verse
thanissaro	snp1.3	snp1.3:32.4	unreviewed-verse
thanissaro	snp1.3	snp1.3:33.1	unreviewed-verse
thanissaro	snp1.3	snp1.3:33.2	unreviewed-verse
thanissaro	snp1.3	snp1.3:33.3	unreviewed-verse
thanissaro	snp1.3	snp1.3:33.4	unreviewed-verse
thanissaro	snp1.3	snp1.3:34.1	unreviewed-verse
thanissaro	snp1.3	snp1.3:34.2	unreviewed-verse
thanissaro	snp1.3	snp1.3:34.3	unreviewed-verse
thanissaro	snp1.3	snp1.3:34.4	unreviewed-verse
thanissaro	snp1.3	snp1.3:35.1	unreviewed-verse
thanissaro	snp1.3	snp1.3:35.2	unreviewed-verse
thanissaro	snp1.3	snp1.3:35.3	unreviewed-verse
thanissaro	snp1.3	snp1.3:35.4	unreviewed-verse
thanissaro	snp1.3	snp1.3:36.1	unreviewed-verse
thanissaro	snp1.3	snp1.3:36.2	unreviewed-verse
thanissaro	snp1.3	snp1.3:36.3	unreviewed-verse
thanissaro	snp1.3	snp1.3:36.4	unreviewed-verse
thanissaro	snp1.3	snp1.3:37.1	unreviewed-verse
thanissaro	snp1.3	snp1.3:37.2	unreviewed-verse
thanissaro	snp1.3	snp1.3:37.3	unreviewed-verse
thanissaro	snp1.3	snp1.3:37.4	unreviewed-verse
thanissaro	snp1.3	snp1.3:38.1	unreviewed-verse
thanissaro	snp1.3	snp1.3:38.2	unreviewed-verse
thanissaro	snp1.3	snp1.3:38.3	unreviewed-verse
thanissaro	snp1.3	snp1.3:38.4	unreviewed-verse
thanissaro	snp1.3	snp1.3:39.1	unreviewed-verse
thanissaro	snp1.3	snp1.3:39.2	unreviewed-verse
thanissaro	snp1.3	snp1.3:39.3	unreviewed-verse
thanissaro	snp1.3	snp1.3:39.4	unreviewed-verse
thanissaro	snp1.3	snp1.3:40.1	unreviewed-verse
thanissaro	snp1.3	snp1.3:40.2	unreviewed-verse
thanissaro	snp1.3	snp1.3:40.3	unreviewed-verse
thanissaro	snp1.3	snp1.3:40.4	unreviewed-verse
thanissaro	snp1.3	snp1.3:41.1	unreviewed-verse
thanissaro	snp1.3	snp1.3:41.2	unreviewed-verse
thanissaro	snp1.3	snp1.3:41.3	unreviewed-verse
thanissaro	snp1.3	snp1.3:41.4	unreviewed-verse
thanissaro	snp1.4	snp1.4:5.1	unreviewed-verse
thanissaro	snp1.4	snp1.4:5.2	unreviewed-verse
thanissaro	snp1.4	snp1.4:5.3	unreviewed-verse
thanissaro	snp1.4	snp1.4:5.4	unreviewed-verse
thanissaro	snp1.4	snp1.4:6.1	unreviewed-verse
thanissaro	snp1.4	snp1.4:6.2	unreviewed-verse
thanissaro	snp1.4	snp1.4:6.3	unreviewed-verse
thanissaro	snp1.4	snp1.4:6.4	unreviewed-verse
thanissaro	snp1.4	snp1.4:7.1	unreviewed-verse
thanissaro	snp1.4	snp1.4:7.2	unreviewed-verse
thanissaro	snp1.4	snp1.4:7.3	unreviewed-verse
thanissaro	snp1.4	snp1.4:7.4	unreviewed-verse
thanissaro	snp1.4	snp1.4:8.1	unreviewed-verse
thanissaro	snp1.4	snp1.4:8.2	unreviewed-verse
thanissaro	snp1.4	snp1.4:8.3	unreviewed-verse
thanissaro	snp1.4	snp1.4:8.4	unreviewed-verse
thanissaro	snp1.4	snp1.4:9.1	unreviewed-verse
thanissaro	snp1.4	snp1.4:9.2	unreviewed-verse
thanissaro	snp1.4	snp1.4:9.3	unreviewed-verse
thanissaro	snp1.4	snp1.4:9.4	unreviewed-verse
thanissaro	snp1.4	snp1.4:11.1	unreviewed-verse
thanissaro	snp1.4	snp1.4:11.2	unreviewed-verse
thanissaro	snp1.4	snp1.4:11.3	unreviewed-verse
thanissaro	snp1.4	snp1.4:11.4	unreviewed-verse
thanissaro	snp1.4	snp1.4:12.1	unreviewed-verse
thanissaro	snp1.4	snp1.4:12.2	unreviewed-verse
thanissaro	snp1.4	snp1.4:12.3	unreviewed-verse
thanissaro	snp1.4	snp1.4:12.4	unreviewed-verse
thanissaro	snp1.5	snp1.5:1.1	unreviewed-verse
thanissaro	snp1.5	snp1.5:1.3	unreviewed-verse
thanissaro	snp1.5	snp1.5:1.4	unreviewed-verse
thanissaro	snp1.5	snp1.5:1.5	unreviewed-verse
thanissaro	snp1.5	snp1.5:2.1	unreviewed-verse
thanissaro	snp1.5	snp1.5:2.3	unreviewed-verse
thanissaro	snp1.5	snp1.5:2.4	unreviewed-verse
thanissaro	snp1.5	snp1.5:2.5	unreviewed-verse
thanissaro	snp1.5	snp1.5:3.1	unreviewed-verse
thanissaro	snp1.5	snp1.5:3.3	unreviewed-verse
thanissaro	snp1.5	snp1.5:3.4	unreviewed-verse
thanissaro	snp1.5	snp1.5:3.5	unreviewed-verse
thanissaro	snp1.5	snp1.5:4.1	unreviewed-verse
thanissaro	snp1.5	snp1.5:4.2	unreviewed-verse
thanissaro	snp1.5	snp1.5:4.3	unreviewed-verse
thanissaro	snp1.5	snp1.5:4.4	unreviewed-verse
thanissaro	snp1.5	snp1.5:5.1	unreviewed-verse
thanissaro	snp1.5	snp1.5:5.2	unreviewed-verse
thanissaro	snp1.5	snp1.5:5.3	unreviewed-verse
thanissaro	snp1.5	snp1.5:5.4	unreviewed-verse
thanissaro	snp1.5	snp1.5:6.1	unreviewed-verse
thanissaro	snp1.5	snp1.5:6.2	unreviewed-verse
thanissaro	snp1.5	snp1.5:6.3	unreviewed-verse
thanissaro	snp1.5	snp1.5:6.4	unreviewed-verse
thanissaro	snp1.5	snp1.5:7.1	unreviewed-verse
thanissaro	snp1.5	snp1.5:7.2	unreviewed-verse
thanissaro	snp1.5	snp1.5:7.3	unreviewed-verse
thanissaro	snp1.5	snp1.5:7.4	unreviewed-verse
thanissaro	snp1.5	snp1.5:8.1	unreviewed-verse
thanissaro	snp1.5	snp1.5:8.2	unreviewed-verse
thanissaro	snp1.5	snp1.5:8.3	unreviewed-verse
thanissaro	snp1.5	snp1.5:8.4	unreviewed-verse
thanissaro	snp1.5	snp1.5:8.5	unreviewed-verse
thanissaro	snp1.5	snp1.5:8.6	unreviewed-verse
thanissaro	snp1.6	snp1.6:2.1	unreviewed-verse
thanissaro	snp1.6	snp1.6:2.2	unreviewed-verse
thanissaro	snp1.6	snp1.6:2.3	unreviewed-verse
thanissaro	snp1.6	snp1.6:2.4	unreviewed-verse
thanissaro	snp1.6	snp1.6:3.1	unreviewed-verse
thanissaro	snp1.6	snp1.6:3.2	unreviewed-verse
thanissaro	snp1.6	snp1.6:3.3	unreviewed-verse
thanissaro	snp1.6	snp1.6:3.4	unreviewed-verse
thanissaro	snp1.6	snp1.6:4.1	unreviewed-verse
thanissaro	snp1.6	snp1.6:4.2	unreviewed-verse
thanissaro	snp1.6	snp1.6:4.3	unreviewed-verse
thanissaro	snp1.6	snp1.6:4.4	unreviewed-verse
thanissaro	snp1.6	snp1.6:5.1	unreviewed-verse
thanissaro	snp1.6	snp1.6:5.2	unreviewed-verse
thanissaro	snp1.6	snp1.6:5.3	unreviewed-verse
thanissaro	snp1.6	snp1.6:5.4	unreviewed-verse
thanissaro	snp1.6	snp1.6:6.1	unreviewed-verse
thanissaro	snp1.6	snp1.6:6.2	unreviewed-verse
thanissaro	snp1.6	snp1.6:6.3	unreviewed-verse
thanissaro	snp1.6	snp1.6:6.4	unreviewed-verse
thanissaro	snp1.6	snp1.6:7.1	unreviewed-verse
thanissaro	snp1.6	snp1.6:7.2	unreviewed-verse
thanissaro	snp1.6	snp1.6:7.3	unreviewed-verse
thanissaro	snp1.6	snp1.6:7.4	unreviewed-verse
thanissaro	snp1.6	snp1.6:8.1	unreviewed-verse
thanissaro	snp1.6	snp1.6:8.2	unreviewed-verse
thanissaro	snp1.6	snp1.6:8.3	unreviewed-verse
thanissaro	snp1.6	snp1.6:8.4	unreviewed-verse
thanissaro	snp1.6	snp1.6:9.1	unreviewed-verse
thanissaro	snp1.6	snp1.6:9.2	unreviewed-verse
thanissaro	snp1.6	snp1.6:9.3	unreviewed-verse
thanissaro	snp1.6	snp1.6:9.4	unreviewed-verse
thanissaro	snp1.6	snp1.6:10.1	unreviewed-verse
thanissaro	snp1.6	snp1.6:10.2	unreviewed-verse
thanissaro	snp1.6	snp1.6:10.3	unreviewed-verse
thanissaro	snp1.6	snp1.6:10.4	unreviewed-verse
thanissaro	snp1.6	snp1.6:11.1	unreviewed-verse
thanissaro	snp1.6	snp1.6:11.2	unreviewed-verse
thanissaro	snp1.6	snp1.6:11.3	unreviewed-verse
thanissaro	snp1.6	snp1.6:11.4	unreviewed-verse
thanissaro	snp1.6	snp1.6:12.1	unreviewed-verse
thanissaro	snp1.6	snp1.6:12.2	unreviewed-verse
thanissaro	snp1.6	snp1.6:12.3	unreviewed-verse
thanissaro	snp1.6	snp1.6:12.4	unreviewed-verse
thanissaro	snp1.6	snp1.6:13.1	unreviewed-verse
thanissaro	snp1.6	snp1.6:13.2	unreviewed-verse
thanissaro	snp1.6	snp1.6:13.3	unreviewed-verse
thanissaro	snp1.6	snp1.6:13.4	unreviewed-verse
thanissaro	snp1.6	snp1.6:14.1	unreviewed-verse
thanissaro	snp1.6	snp1.6:14.2	unreviewed-verse
thanissaro	snp1.6	snp1.6:14.3	unreviewed-verse
thanissaro	snp1.6	snp1.6:14.4	unreviewed-verse
thanissaro	snp1.6	snp1.6:15.1	unreviewed-verse
thanissaro	snp1.6	snp1.6:15.2	unreviewed-verse
thanissaro	snp1.6	snp1.6:15.3	unreviewed-verse
thanissaro	snp1.6	snp1.6:15.4	unreviewed-verse
thanissaro	snp1.6	snp1.6:16.1	unreviewed-verse
thanissaro	snp1.6	snp1.6:16.2	unreviewed-verse
thanissaro	snp1.6	snp1.6:16.3	unreviewed-verse
thanissaro	snp1.6	snp1.6:16.4	unreviewed-verse
thanissaro	snp1.6	snp1.6:17.1	unreviewed-verse
thanissaro	snp1.6	snp1.6:17.2	unreviewed-verse
thanissaro	snp1.6	snp1.6:17.3	unreviewed-verse
thanissaro	snp1.6	snp1.6:17.4	unreviewed-verse
thanissaro	snp1.6	snp1.6:18.1	unreviewed-verse
thanissaro	snp1.6	snp1.6:18.2	unreviewed-verse
thanissaro	snp1.6	snp1.6:18.3	unreviewed-verse
thanissaro	snp1.6	snp1.6:18.4	unreviewed-verse
thanissaro	snp1.6	snp1.6:19.1	unreviewed-verse
thanissaro	snp1.6	snp1.6:19.2	unreviewed-verse
thanissaro	snp1.6	snp1.6:19.3	unreviewed-verse
thanissaro	snp1.6	snp1.6:19.4	unreviewed-verse
thanissaro	snp1.6	snp1.6:20.1	unreviewed-verse
thanissaro	snp1.6	snp1.6:20.2	unreviewed-verse
thanissaro	snp1.6	snp1.6:20.3	unreviewed-verse
thanissaro	snp1.6	snp1.6:20.4	unreviewed-verse
thanissaro	snp1.6	snp1.6:21.1	unreviewed-verse
thanissaro	snp1.6	snp1.6:21.2	unreviewed-verse
thanissaro	snp1.6	snp1.6:21.3	unreviewed-verse
thanissaro	snp1.6	snp1.6:21.4	unreviewed-verse
thanissaro	snp1.6	snp1.6:22.1	unreviewed-verse
thanissaro	snp1.6	snp1.6:22.2	unreviewed-verse
thanissaro	snp1.6	snp1.6:22.3	unreviewed-verse
thanissaro	snp1.6	snp1.6:22.4	unreviewed-verse
thanissaro	snp1.6	snp1.6:23.1	unreviewed-verse
thanissaro	snp1.6	snp1.6:23.2	unreviewed-verse
thanissaro	snp1.6	snp1.6:23.3	unreviewed-verse
thanissaro	snp1.6	snp1.6:23.4	unreviewed-verse
thanissaro	snp1.6	snp1.6:24.1	unreviewed-verse
thanissaro	snp1.6	snp1.6:24.2	unreviewed-verse
thanissaro	snp1.6	snp1.6:24.3	unreviewed-verse
thanissaro	snp1.6	snp1.6:24.4	unreviewed-verse
thanissaro	snp1.6	snp1.6:25.1	unreviewed-verse
thanissaro	snp1.6	snp1.6:25.2	unreviewed-verse
thanissaro	snp1.6	snp1.6:25.3	unreviewed-verse
thanissaro	snp1.6	snp1.6:25.4	unreviewed-verse
thanissaro	snp1.6	snp1.6:26.1	unreviewed-verse
thanissaro	snp1.6	snp1.6:26.2	unreviewed-verse
thanissaro	snp1.6	snp1.6:26.3	unreviewed-verse
thanissaro	snp1.6	snp1.6:26.4	unreviewed-verse
thanissaro	snp1.7	snp1.7:4.1	unreviewed-verse
thanissaro	snp1.7	snp1.7:4.2	unreviewed-verse
thanissaro	snp1.7	snp1.7:4.3	unreviewed-verse
thanissaro	snp1.7	snp1.7:4.4	unreviewed-verse
thanissaro	snp1.7	snp1.7:5.1	unreviewed-verse
thanissaro	snp1.7	snp1.7:5.2	unreviewed-verse
thanissaro	snp1.7	snp1.7:5.3	unreviewed-verse
thanissaro	snp1.7	snp1.7:5.4	unreviewed-verse
thanissaro	snp1.7	snp1.7:6.1	unreviewed-verse
thanissaro	snp1.7	snp1.7:6.2	unreviewed-verse
thanissaro	snp1.7	snp1.7:6.3	unreviewed-verse
thanissaro	snp1.7	snp1.7:6.4	unreviewed-verse
thanissaro	snp1.7	snp1.7:7.1	unreviewed-verse
thanissaro	snp1.7	snp1.7:7.2	unreviewed-verse
thanissaro	snp1.7	snp1.7:7.3	unreviewed-verse
thanissaro	snp1.7	snp1.7:7.4	unreviewed-verse
thanissaro	snp1.7	snp1.7:8.1	unreviewed-verse
thanissaro	snp1.7	snp1.7:8.2	unreviewed-verse
thanissaro	snp1.7	snp1.7:8.3	unreviewed-verse
thanissaro	snp1.7	snp1.7:8.4	unreviewed-verse
thanissaro	snp1.7	snp1.7:9.1	unreviewed-verse
thanissaro	snp1.7	snp1.7:9.2	unreviewed-verse
thanissaro	snp1.7	snp1.7:9.3	unreviewed-verse
thanissaro	snp1.7	snp1.7:9.4	unreviewed-verse
thanissaro	snp1.7	snp1.7:10.1	unreviewed-verse
thanissaro	snp1.7	snp1.7:10.2	unreviewed-verse
thanissaro	snp1.7	snp1.7:10.3	unreviewed-verse
thanissaro	snp1.7	snp1.7:10.4	unreviewed-verse
thanissaro	snp1.7	snp1.7:11.1	unreviewed-verse
thanissaro	snp1.7	snp1.7:11.2	unreviewed-verse
thanissaro	snp1.7	snp1.7:11.3	unreviewed-verse
thanissaro	snp1.7	snp1.7:11.4	unreviewed-verse
thanissaro	snp1.7	snp1.7:12.1	unreviewed-verse
thanissaro	snp1.7	snp1.7:12.2	unreviewed-verse
thanissaro	snp1.7	snp1.7:12.3	unreviewed-verse
thanissaro	snp1.7	snp1.7:12.4	unreviewed-verse
thanissaro	snp1.7	snp1.7:13.1	unreviewed-verse
thanissaro	snp1.7	snp1.7:13.2	unreviewed-verse
thanissaro	snp1.7	snp1.7:13.3	unreviewed-verse
thanissaro	snp1.7	snp1.7:13.4	unreviewed-verse
thanissaro	snp1.7	snp1.7:14.1	unreviewed-verse
thanissaro	snp1.7	snp1.7:14.2	unreviewed-verse
thanissaro	snp1.7	snp1.7:14.3	unreviewed-verse
thanissaro	snp1.7	snp1.7:14.4	unreviewed-verse
thanissaro	snp1.7	snp1.7:15.1	unreviewed-verse
thanissaro	snp1.7	snp1.7:15.2	unreviewed-verse
thanissaro	snp1.7	snp1.7:15.3	unreviewed-verse
thanissaro	snp1.7	snp1.7:15.4	unreviewed-verse
thanissaro	snp1.7	snp1.7:16.1	unreviewed-verse
thanissaro	snp1.7	snp1.7:16.2	unreviewed-verse
thanissaro	snp1.7	snp1.7:16.3	unreviewed-verse
thanissaro	snp1.7	snp1.7:16.4	unreviewed-verse
thanissaro	snp1.7	snp1.7:17.1	unreviewed-verse
thanissaro	snp1.7	snp1.7:17.2	unreviewed-verse
thanissaro	snp1.7	snp1.7:17.3	unreviewed-verse
thanissaro	snp1.7	snp1.7:17.4	unreviewed-verse
thanissaro	snp1.7	snp1.7:18.1	unreviewed-verse
thanissaro	snp1.7	snp1.7:18.2	unreviewed-verse
thanissaro	snp1.7	snp1.7:18.3	unreviewed-verse
thanissaro	snp1.7	snp1.7:18.4	unreviewed-verse
thanissaro	snp1.7	snp1.7:19.1	unreviewed-verse
thanissaro	snp1.7	snp1.7:19.2	unreviewed-verse
thanissaro	snp1.7	snp1.7:19.3	unreviewed-verse
thanissaro	snp1.7	snp1.7:19.4	unreviewed-verse
thanissaro	snp1.7	snp1.7:20.1	unreviewed-verse
thanissaro	snp1.7	snp1.7:20.2	unreviewed-verse
thanissaro	snp1.7	snp1.7:20.3	unreviewed-verse
thanissaro	snp1.7	snp1.7:20.4	unreviewed-verse
thanissaro	snp1.7	snp1.7:21.1	unreviewed-verse
thanissaro	snp1.7	snp1.7:21.2	unreviewed-verse
thanissaro	snp1.7	snp1.7:21.3	unreviewed-verse
thanissaro	snp1.7	snp1.7:21.4	unreviewed-verse
thanissaro	snp1.7	snp1.7:22.1	unreviewed-verse
thanissaro	snp1.7	snp1.7:22.2	unreviewed-verse
thanissaro	snp1.7	snp1.7:22.3	unreviewed-verse
thanissaro	snp1.7	snp1.7:22.4	unreviewed-verse
thanissaro	snp1.7	snp1.7:23.1	unreviewed-verse
thanissaro	snp1.7	snp1.7:23.2	unreviewed-verse
thanissaro	snp1.7	snp1.7:23.3	unreviewed-verse
thanissaro	snp1.7	snp1.7:23.4	unreviewed-verse
thanissaro	snp1.7	snp1.7:23.5	unreviewed-verse
thanissaro	snp1.7	snp1.7:23.6	unreviewed-verse
thanissaro	snp1.7	snp1.7:24.1	unreviewed-verse
thanissaro	snp1.7	snp1.7:24.2	unreviewed-verse
thanissaro	snp1.7	snp1.7:24.3	unreviewed-verse
thanissaro	snp1.7	snp1.7:24.4	unreviewed-verse
thanissaro	snp1.7	snp1.7:25.1	unreviewed-verse
thanissaro	snp1.7	snp1.7:25.2	unreviewed-verse
thanissaro	snp1.7	snp1.7:25.3	unreviewed-verse
thanissaro	snp1.7	snp1.7:25.4	unreviewed-verse
thanissaro	snp1.7	snp1.7:26.1	unreviewed-verse
thanissaro	snp1.7	snp1.7:26.2	unreviewed-verse
thanissaro	snp1.7	snp1.7:26.3	unreviewed-verse
thanissaro	snp1.7	snp1.7:26.4	unreviewed-verse
thanissaro	snp1.7	snp1.7:27.1	unreviewed-verse
thanissaro	snp1.7	snp1.7:27.2	unreviewed-verse
thanissaro	snp1.7	snp1.7:27.3	unreviewed-verse
thanissaro	snp1.7	snp1.7:27.4	unreviewed-verse
thanissaro	snp1.7	snp1.7:27.5	unreviewed-verse
thanissaro	snp1.7	snp1.7:27.6	unreviewed-verse
thanissaro	snp1.7	snp1.7:28.1	unreviewed-verse
thanissaro	snp1.7	snp1.7:28.2	unreviewed-verse
thanissaro	snp1.7	snp1.7:28.3	unreviewed-verse
thanissaro	snp1.7	snp1.7:28.4	unreviewed-verse
thanissaro	snp1.7	snp1.7:29.1	unreviewed-verse
thanissaro	snp1.7	snp1.7:29.2	unreviewed-verse
thanissaro	snp1.7	snp1.7:29.3	unreviewed-verse
thanissaro	snp1.7	snp1.7:29.4	unreviewed-verse
thanissaro	snp1.7	snp1.7:30.1	unreviewed-verse
thanissaro	snp1.7	snp1.7:30.2	unreviewed-verse
thanissaro	snp1.7	snp1.7:30.3	unreviewed-verse
thanissaro	snp1.7	snp1.7:30.4	unreviewed-verse
thanissaro	snp1.8	snp1.8:1.1	unreviewed-verse
thanissaro	snp1.8	snp1.8:1.2	unreviewed-verse
thanissaro	snp1.8	snp1.8:1.3	unreviewed-verse
thanissaro	snp1.8	snp1.8:1.4	unreviewed-verse
thanissaro	snp1.8	snp1.8:2.1	unreviewed-verse
thanissaro	snp1.8	snp1.8:2.2	unreviewed-verse
thanissaro	snp1.8	snp1.8:2.3	unreviewed-verse
thanissaro	snp1.8	snp1.8:2.4	unreviewed-verse
thanissaro	snp1.8	snp1.8:3.1	unreviewed-verse
thanissaro	snp1.8	snp1.8:3.2	unreviewed-verse
thanissaro	snp1.8	snp1.8:3.3	unreviewed-verse
thanissaro	snp1.8	snp1.8:3.4	unreviewed-verse
thanissaro	snp1.8	snp1.8:4.1	unreviewed-verse
thanissaro	snp1.8	snp1.8:4.2	unreviewed-verse
thanissaro	snp1.8	snp1.8:4.3	unreviewed-verse
thanissaro	snp1.8	snp1.8:4.4	unreviewed-verse
thanissaro	snp1.8	snp1.8:5.1	unreviewed-verse
thanissaro	snp1.8	snp1.8:5.2	unreviewed-verse
thanissaro	snp1.8	snp1.8:5.3	unreviewed-verse
thanissaro	snp1.8	snp1.8:5.4	unreviewed-verse
thanissaro	snp1.8	snp1.8:6.1	unreviewed-verse
thanissaro	snp1.8	snp1.8:6.2	unreviewed-verse
thanissaro	snp1.8	snp1.8:6.3	unreviewed-verse
thanissaro	snp1.8	snp1.8:6.4	unreviewed-verse
thanissaro	snp1.8	snp1.8:7.1	unreviewed-verse
thanissaro	snp1.8	snp1.8:7.2	unreviewed-verse
thanissaro	snp1.8	snp1.8:7.3	unreviewed-verse
thanissaro	snp1.8	snp1.8:7.4	unreviewed-verse
thanissaro	snp1.8	snp1.8:8.1	unreviewed-verse
thanissaro	snp1.8	snp1.8:8.2	unreviewed-verse
thanissaro	snp1.8	snp1.8:8.3	unreviewed-verse
thanissaro	snp1.8	snp1.8:8.4	unreviewed-verse
thanissaro	snp1.8	snp1.8:9.1	unreviewed-verse
thanissaro	snp1.8	snp1.8:9.2	unreviewed-verse
thanissaro	snp1.8	snp1.8:9.3	unreviewed-verse
thanissaro	snp1.8	snp1.8:9.4	unreviewed-verse
thanissaro	snp1.8	snp1.8:10.1	unreviewed-verse
thanissaro	snp1.8	snp1.8:10.2	unreviewed-verse
thanissaro	snp1.8	snp1.8:10.3	unreviewed-verse
thanissaro	snp1.8	snp1.8:10.4	unreviewed-verse
thanissaro	snp1.9	snp1.9:1.1	unreviewed-verse
thanissaro	snp1.9	snp1.9:1.3	unreviewed-verse
thanissaro	snp1.9	snp1.9:1.4	unreviewed-verse
thanissaro	snp1.9	snp1.9:1.5	unreviewed-verse
thanissaro	snp1.9	snp1.9:2.1	unreviewed-verse
thanissaro	snp1.9	snp1.9:2.3	unreviewed-verse
thanissaro	snp1.9	snp1.9:2.4	unreviewed-verse
thanissaro	snp1.9	snp1.9:2.5	unreviewed-verse
thanissaro	snp1.9	snp1.9:3.1	unreviewed-verse
thanissaro	snp1.9	snp1.9:3.3	unreviewed-verse
thanissaro	snp1.9	snp1.9:3.4	unreviewed-verse
thanissaro	snp1.9	snp1.9:3.5	unreviewed-verse
thanissaro	snp1.9	snp1.9:4.1	unreviewed-verse
thanissaro	snp1.9	snp1.9:4.3	unreviewed-verse
thanissaro	snp1.9	snp1.9:4.4	unreviewed-verse
thanissaro	snp1.9	snp1.9:4.5	unreviewed-verse
thanissaro	snp1.9	snp1.9:5.1	unreviewed-verse
thanissaro	snp1.9	snp1.9:5.3	unreviewed-verse
thanissaro	snp1.9	snp1.9:5.4	unreviewed-verse
thanissaro	snp1.9	snp1.9:5.5	unreviewed-verse
thanissaro	snp1.9	snp1.9:6.1	unreviewed-verse
thanissaro	snp1.9	snp1.9:6.3	unreviewed-verse
thanissaro	snp1.9	snp1.9:6.4	unreviewed-verse
thanissaro	snp1.9	snp1.9:6.5	unreviewed-verse
thanissaro	snp1.9	snp1.9:7.1	unreviewed-verse
thanissaro	snp1.9	snp1.9:7.3	unreviewed-verse
thanissaro	snp1.9	snp1.9:7.4	unreviewed-verse
thanissaro	snp1.9	snp1.9:7.5	unreviewed-verse
thanissaro	snp1.9	snp1.9:8.1	unreviewed-verse
thanissaro	snp1.9	snp1.9:8.3	unreviewed-verse
thanissaro	snp1.9	snp1.9:8.4	unreviewed-verse
thanissaro	snp1.9	snp1.9:8.5	unreviewed-verse
thanissaro	snp1.9	snp1.9:9.1	unreviewed-verse
thanissaro	snp1.9	snp1.9:9.3	unreviewed-verse
thanissaro	snp1.9	snp1.9:9.4	unreviewed-verse
thanissaro	snp1.9	snp1.9:9.5	unreviewed-verse
thanissaro	snp1.9	snp1.9:10.1	unreviewed-verse
thanissaro	snp1.9	snp1.9:10.3	unreviewed-verse
thanissaro	snp1.9	snp1.9:10.4	unreviewed-verse
thanissaro	snp1.9	snp1.9:10.5	unreviewed-verse
thanissaro	snp1.9	snp1.9:11.1	unreviewed-verse
thanissaro	snp1.9	snp1.9:11.3	unreviewed-verse
thanissaro	snp1.9	snp1.9:11.4	unreviewed-verse
thanissaro	snp1.9	snp1.9:11.5	unreviewed-verse
thanissaro	snp1.9	snp1.9:12.1	unreviewed-verse
thanissaro	snp1.9	snp1.9:12.2	unreviewed-verse
thanissaro	snp1.9	snp1.9:12.3	unreviewed-verse
thanissaro	snp1.9	snp1.9:12.4	unreviewed-verse
thanissaro	snp1.9	snp1.9:13.1	unreviewed-verse
thanissaro	snp1.9	snp1.9:13.2	unreviewed-verse
thanissaro	snp1.9	snp1.9:13.3	unreviewed-verse
thanissaro	snp1.9	snp1.9:13.4	unreviewed-verse
thanissaro	snp1.9	snp1.9:14.1	unreviewed-verse
thanissaro	snp1.9	snp1.9:14.2	unreviewed-verse
thanissaro	snp1.9	snp1.9:14.3	unreviewed-verse,pending-recovered-candidate
thanissaro	snp1.9	snp1.9:14.4	unreviewed-verse
thanissaro	snp1.9	snp1.9:15.1	unreviewed-verse
thanissaro	snp1.9	snp1.9:15.2	unreviewed-verse
thanissaro	snp1.9	snp1.9:15.3	unreviewed-verse
thanissaro	snp1.9	snp1.9:15.4	unreviewed-verse
thanissaro	snp1.9	snp1.9:16.1	unreviewed-verse
thanissaro	snp1.9	snp1.9:16.2	unreviewed-verse
thanissaro	snp1.9	snp1.9:16.3	unreviewed-verse
thanissaro	snp1.9	snp1.9:16.4	unreviewed-verse
thanissaro	snp1.9	snp1.9:17.1	unreviewed-verse
thanissaro	snp1.9	snp1.9:17.2	unreviewed-verse
thanissaro	snp1.9	snp1.9:17.3	unreviewed-verse
thanissaro	snp1.9	snp1.9:17.4	unreviewed-verse
thanissaro	snp1.9	snp1.9:18.1	unreviewed-verse
thanissaro	snp1.9	snp1.9:18.3	unreviewed-verse
thanissaro	snp1.9	snp1.9:18.4	unreviewed-verse
thanissaro	snp1.9	snp1.9:18.5	unreviewed-verse
thanissaro	snp1.9	snp1.9:19.1	unreviewed-verse
thanissaro	snp1.9	snp1.9:19.3	unreviewed-verse
thanissaro	snp1.9	snp1.9:19.4	unreviewed-verse
thanissaro	snp1.9	snp1.9:19.5	unreviewed-verse
thanissaro	snp1.9	snp1.9:20.1	unreviewed-verse
thanissaro	snp1.9	snp1.9:20.2	unreviewed-verse
thanissaro	snp1.9	snp1.9:20.3	unreviewed-verse
thanissaro	snp1.9	snp1.9:20.4	unreviewed-verse
thanissaro	snp1.9	snp1.9:21.1	unreviewed-verse
thanissaro	snp1.9	snp1.9:21.2	unreviewed-verse
thanissaro	snp1.9	snp1.9:21.3	unreviewed-verse
thanissaro	snp1.9	snp1.9:21.4	unreviewed-verse
thanissaro	snp1.9	snp1.9:22.1	unreviewed-verse
thanissaro	snp1.9	snp1.9:22.2	unreviewed-verse
thanissaro	snp1.9	snp1.9:22.3	unreviewed-verse
thanissaro	snp1.9	snp1.9:22.4	unreviewed-verse
thanissaro	snp1.9	snp1.9:23.1	unreviewed-verse
thanissaro	snp1.9	snp1.9:23.2	unreviewed-verse
thanissaro	snp1.9	snp1.9:23.3	unreviewed-verse
thanissaro	snp1.9	snp1.9:23.4	unreviewed-verse
thanissaro	snp1.9	snp1.9:24.1	unreviewed-verse
thanissaro	snp1.9	snp1.9:24.2	unreviewed-verse
thanissaro	snp1.9	snp1.9:24.3	unreviewed-verse
thanissaro	snp1.9	snp1.9:24.4	unreviewed-verse
thanissaro	snp1.9	snp1.9:25.1	unreviewed-verse
thanissaro	snp1.9	snp1.9:25.2	unreviewed-verse
thanissaro	snp1.9	snp1.9:25.3	unreviewed-verse
thanissaro	snp1.9	snp1.9:25.4	unreviewed-verse
thanissaro	snp1.9	snp1.9:26.1	unreviewed-verse
thanissaro	snp1.9	snp1.9:26.2	unreviewed-verse
thanissaro	snp1.9	snp1.9:26.3	unreviewed-verse
thanissaro	snp1.9	snp1.9:26.4	unreviewed-verse
thanissaro	snp1.9	snp1.9:27.1	unreviewed-verse
thanissaro	snp1.9	snp1.9:27.2	unreviewed-verse
thanissaro	snp1.9	snp1.9:27.3	unreviewed-verse
thanissaro	snp1.9	snp1.9:27.4	unreviewed-verse
thanissaro	snp1.9	snp1.9:28.1	unreviewed-verse
thanissaro	snp1.9	snp1.9:28.2	unreviewed-verse
thanissaro	snp1.9	snp1.9:28.3	unreviewed-verse
thanissaro	snp1.9	snp1.9:28.4	unreviewed-verse
thanissaro	snp1.9	snp1.9:29.1	unreviewed-verse
thanissaro	snp1.9	snp1.9:29.2	unreviewed-verse
thanissaro	snp1.9	snp1.9:29.3	unreviewed-verse
thanissaro	snp1.9	snp1.9:29.4	unreviewed-verse
thanissaro	snp1.9	snp1.9:30.1	unreviewed-verse
thanissaro	snp1.9	snp1.9:30.2	unreviewed-verse
thanissaro	snp1.9	snp1.9:30.3	unreviewed-verse
thanissaro	snp1.9	snp1.9:30.4	unreviewed-verse
thanissaro	snp2.10	snp2.10:1.1	unreviewed-verse
thanissaro	snp2.10	snp2.10:1.2	unreviewed-verse
thanissaro	snp2.10	snp2.10:1.3	unreviewed-verse
thanissaro	snp2.10	snp2.10:1.4	unreviewed-verse
thanissaro	snp2.10	snp2.10:2.1	unreviewed-verse
thanissaro	snp2.10	snp2.10:2.2	unreviewed-verse
thanissaro	snp2.10	snp2.10:2.3	unreviewed-verse
thanissaro	snp2.10	snp2.10:2.4	unreviewed-verse
thanissaro	snp2.10	snp2.10:3.1	unreviewed-verse
thanissaro	snp2.10	snp2.10:3.2	unreviewed-verse
thanissaro	snp2.10	snp2.10:3.3	unreviewed-verse
thanissaro	snp2.10	snp2.10:3.4	unreviewed-verse
thanissaro	snp2.10	snp2.10:3.5	unreviewed-verse
thanissaro	snp2.10	snp2.10:3.6	unreviewed-verse
thanissaro	snp2.10	snp2.10:4.1	unreviewed-verse
thanissaro	snp2.10	snp2.10:4.2	unreviewed-verse
thanissaro	snp2.10	snp2.10:4.3	unreviewed-verse
thanissaro	snp2.10	snp2.10:4.4	unreviewed-verse
thanissaro	snp2.11	snp2.11:1.1	unreviewed-verse
thanissaro	snp2.11	snp2.11:1.2	unreviewed-verse
thanissaro	snp2.11	snp2.11:1.3	unreviewed-verse
thanissaro	snp2.11	snp2.11:1.4	unreviewed-verse
thanissaro	snp2.11	snp2.11:2.1	unreviewed-verse
thanissaro	snp2.11	snp2.11:2.2	unreviewed-verse
thanissaro	snp2.11	snp2.11:2.3	unreviewed-verse
thanissaro	snp2.11	snp2.11:2.4	unreviewed-verse
thanissaro	snp2.11	snp2.11:3.1	unreviewed-verse
thanissaro	snp2.11	snp2.11:3.2	unreviewed-verse
thanissaro	snp2.11	snp2.11:3.3	unreviewed-verse
thanissaro	snp2.11	snp2.11:3.4	unreviewed-verse
thanissaro	snp2.11	snp2.11:4.1	unreviewed-verse
thanissaro	snp2.11	snp2.11:4.2	unreviewed-verse
thanissaro	snp2.11	snp2.11:4.3	unreviewed-verse
thanissaro	snp2.11	snp2.11:4.4	unreviewed-verse
thanissaro	snp2.11	snp2.11:5.1	unreviewed-verse
thanissaro	snp2.11	snp2.11:5.2	unreviewed-verse
thanissaro	snp2.11	snp2.11:5.3	unreviewed-verse
thanissaro	snp2.11	snp2.11:5.4	unreviewed-verse
thanissaro	snp2.11	snp2.11:6.1	unreviewed-verse
thanissaro	snp2.11	snp2.11:6.2	unreviewed-verse
thanissaro	snp2.11	snp2.11:6.3	unreviewed-verse
thanissaro	snp2.11	snp2.11:6.4	unreviewed-verse
thanissaro	snp2.11	snp2.11:7.1	unreviewed-verse
thanissaro	snp2.11	snp2.11:7.2	unreviewed-verse
thanissaro	snp2.11	snp2.11:7.3	unreviewed-verse
thanissaro	snp2.11	snp2.11:7.4	unreviewed-verse
thanissaro	snp2.11	snp2.11:8.1	unreviewed-verse
thanissaro	snp2.11	snp2.11:8.2	unreviewed-verse
thanissaro	snp2.11	snp2.11:8.3	unreviewed-verse
thanissaro	snp2.11	snp2.11:8.4	unreviewed-verse
thanissaro	snp2.12	snp2.12:2.1	unreviewed-verse
thanissaro	snp2.12	snp2.12:2.2	unreviewed-verse
thanissaro	snp2.12	snp2.12:2.3	unreviewed-verse
thanissaro	snp2.12	snp2.12:2.4	unreviewed-verse
thanissaro	snp2.12	snp2.12:3.1	unreviewed-verse
thanissaro	snp2.12	snp2.12:3.2	unreviewed-verse
thanissaro	snp2.12	snp2.12:3.3	unreviewed-verse
thanissaro	snp2.12	snp2.12:3.4	unreviewed-verse
thanissaro	snp2.12	snp2.12:4.1	unreviewed-verse
thanissaro	snp2.12	snp2.12:4.2	unreviewed-verse
thanissaro	snp2.12	snp2.12:4.3	unreviewed-verse
thanissaro	snp2.12	snp2.12:4.4	unreviewed-verse
thanissaro	snp2.12	snp2.12:5.1	unreviewed-verse
thanissaro	snp2.12	snp2.12:5.2	unreviewed-verse
thanissaro	snp2.12	snp2.12:5.3	unreviewed-verse
thanissaro	snp2.12	snp2.12:5.4	unreviewed-verse
thanissaro	snp2.12	snp2.12:6.1	unreviewed-verse
thanissaro	snp2.12	snp2.12:6.2	unreviewed-verse
thanissaro	snp2.12	snp2.12:6.3	unreviewed-verse
thanissaro	snp2.12	snp2.12:6.4	unreviewed-verse
thanissaro	snp2.12	snp2.12:7.1	unreviewed-verse
thanissaro	snp2.12	snp2.12:7.2	unreviewed-verse
thanissaro	snp2.12	snp2.12:7.3	unreviewed-verse
thanissaro	snp2.12	snp2.12:7.4	unreviewed-verse
thanissaro	snp2.12	snp2.12:8.1	unreviewed-verse
thanissaro	snp2.12	snp2.12:8.2	unreviewed-verse
thanissaro	snp2.12	snp2.12:8.3	unreviewed-verse
thanissaro	snp2.12	snp2.12:8.4	unreviewed-verse
thanissaro	snp2.12	snp2.12:9.1	unreviewed-verse
thanissaro	snp2.12	snp2.12:9.2	unreviewed-verse
thanissaro	snp2.12	snp2.12:9.3	unreviewed-verse
thanissaro	snp2.12	snp2.12:9.4	unreviewed-verse
thanissaro	snp2.12	snp2.12:10.1	unreviewed-verse
thanissaro	snp2.12	snp2.12:10.2	unreviewed-verse
thanissaro	snp2.12	snp2.12:10.3	unreviewed-verse
thanissaro	snp2.12	snp2.12:10.4	unreviewed-verse
thanissaro	snp2.12	snp2.12:11.1	unreviewed-verse
thanissaro	snp2.12	snp2.12:11.2	unreviewed-verse
thanissaro	snp2.12	snp2.12:11.3	unreviewed-verse
thanissaro	snp2.12	snp2.12:11.4	unreviewed-verse
thanissaro	snp2.12	snp2.12:12.1	unreviewed-verse
thanissaro	snp2.12	snp2.12:12.2	unreviewed-verse
thanissaro	snp2.12	snp2.12:12.3	unreviewed-verse
thanissaro	snp2.12	snp2.12:12.4	unreviewed-verse
thanissaro	snp2.12	snp2.12:13.1	unreviewed-verse
thanissaro	snp2.12	snp2.12:13.2	unreviewed-verse
thanissaro	snp2.12	snp2.12:13.3	unreviewed-verse
thanissaro	snp2.12	snp2.12:13.4	unreviewed-verse
thanissaro	snp2.12	snp2.12:14.1	unreviewed-verse
thanissaro	snp2.12	snp2.12:14.3	unreviewed-verse
thanissaro	snp2.12	snp2.12:14.4	unreviewed-verse
thanissaro	snp2.12	snp2.12:14.5	unreviewed-verse
thanissaro	snp2.12	snp2.12:15.1	unreviewed-verse
thanissaro	snp2.12	snp2.12:15.2	unreviewed-verse
thanissaro	snp2.12	snp2.12:15.3	unreviewed-verse
thanissaro	snp2.12	snp2.12:15.4	unreviewed-verse
thanissaro	snp2.12	snp2.12:16.1	unreviewed-verse
thanissaro	snp2.12	snp2.12:16.2	unreviewed-verse
thanissaro	snp2.12	snp2.12:16.3	unreviewed-verse
thanissaro	snp2.12	snp2.12:16.4	unreviewed-verse
thanissaro	snp2.12	snp2.12:17.1	unreviewed-verse
thanissaro	snp2.12	snp2.12:17.2	unreviewed-verse
thanissaro	snp2.12	snp2.12:17.3	unreviewed-verse
thanissaro	snp2.12	snp2.12:17.4	unreviewed-verse
thanissaro	snp2.13	snp2.13:1.1	unreviewed-verse
thanissaro	snp2.13	snp2.13:1.2	unreviewed-verse
thanissaro	snp2.13	snp2.13:1.3	unreviewed-verse
thanissaro	snp2.13	snp2.13:1.4	unreviewed-verse
thanissaro	snp2.13	snp2.13:2.1	unreviewed-verse
thanissaro	snp2.13	snp2.13:2.3	unreviewed-verse
thanissaro	snp2.13	snp2.13:2.4	unreviewed-verse
thanissaro	snp2.13	snp2.13:2.5	unreviewed-verse
thanissaro	snp2.13	snp2.13:3.1	unreviewed-verse
thanissaro	snp2.13	snp2.13:3.2	unreviewed-verse
thanissaro	snp2.13	snp2.13:3.3	unreviewed-verse
thanissaro	snp2.13	snp2.13:3.4	unreviewed-verse
thanissaro	snp2.13	snp2.13:4.1	unreviewed-verse
thanissaro	snp2.13	snp2.13:4.2	unreviewed-verse
thanissaro	snp2.13	snp2.13:4.3	unreviewed-verse
thanissaro	snp2.13	snp2.13:4.4	unreviewed-verse
thanissaro	snp2.13	snp2.13:5.1	unreviewed-verse
thanissaro	snp2.13	snp2.13:5.2	unreviewed-verse
thanissaro	snp2.13	snp2.13:5.3	unreviewed-verse
thanissaro	snp2.13	snp2.13:5.4	unreviewed-verse
thanissaro	snp2.13	snp2.13:6.1	unreviewed-verse
thanissaro	snp2.13	snp2.13:6.2	unreviewed-verse
thanissaro	snp2.13	snp2.13:6.3	unreviewed-verse
thanissaro	snp2.13	snp2.13:6.4	unreviewed-verse
thanissaro	snp2.13	snp2.13:7.1	unreviewed-verse
thanissaro	snp2.13	snp2.13:7.2	unreviewed-verse
thanissaro	snp2.13	snp2.13:7.3	unreviewed-verse
thanissaro	snp2.13	snp2.13:7.4	unreviewed-verse
thanissaro	snp2.13	snp2.13:8.1	unreviewed-verse
thanissaro	snp2.13	snp2.13:8.2	unreviewed-verse
thanissaro	snp2.13	snp2.13:8.3	unreviewed-verse
thanissaro	snp2.13	snp2.13:8.4	unreviewed-verse
thanissaro	snp2.13	snp2.13:9.1	unreviewed-verse
thanissaro	snp2.13	snp2.13:9.2	unreviewed-verse
thanissaro	snp2.13	snp2.13:9.3	unreviewed-verse
thanissaro	snp2.13	snp2.13:9.4	unreviewed-verse
thanissaro	snp2.13	snp2.13:10.1	unreviewed-verse
thanissaro	snp2.13	snp2.13:10.2	unreviewed-verse
thanissaro	snp2.13	snp2.13:10.3	unreviewed-verse
thanissaro	snp2.13	snp2.13:10.4	unreviewed-verse
thanissaro	snp2.13	snp2.13:11.1	unreviewed-verse
thanissaro	snp2.13	snp2.13:11.2	unreviewed-verse
thanissaro	snp2.13	snp2.13:11.3	unreviewed-verse
thanissaro	snp2.13	snp2.13:11.4	unreviewed-verse
thanissaro	snp2.13	snp2.13:12.1	unreviewed-verse
thanissaro	snp2.13	snp2.13:12.2	unreviewed-verse
thanissaro	snp2.13	snp2.13:12.3	unreviewed-verse
thanissaro	snp2.13	snp2.13:12.4	unreviewed-verse
thanissaro	snp2.13	snp2.13:13.1	unreviewed-verse
thanissaro	snp2.13	snp2.13:13.2	unreviewed-verse
thanissaro	snp2.13	snp2.13:13.3	unreviewed-verse
thanissaro	snp2.13	snp2.13:13.4	unreviewed-verse
thanissaro	snp2.13	snp2.13:14.1	unreviewed-verse
thanissaro	snp2.13	snp2.13:14.2	unreviewed-verse
thanissaro	snp2.13	snp2.13:14.3	unreviewed-verse
thanissaro	snp2.13	snp2.13:14.4	unreviewed-verse
thanissaro	snp2.13	snp2.13:15.1	unreviewed-verse
thanissaro	snp2.13	snp2.13:15.2	unreviewed-verse
thanissaro	snp2.13	snp2.13:15.3	unreviewed-verse
thanissaro	snp2.13	snp2.13:15.4	unreviewed-verse
thanissaro	snp2.13	snp2.13:16.1	unreviewed-verse
thanissaro	snp2.13	snp2.13:16.2	unreviewed-verse
thanissaro	snp2.13	snp2.13:16.3	unreviewed-verse
thanissaro	snp2.13	snp2.13:16.4	unreviewed-verse
thanissaro	snp2.13	snp2.13:17.1	unreviewed-verse
thanissaro	snp2.13	snp2.13:17.2	unreviewed-verse
thanissaro	snp2.13	snp2.13:17.3	unreviewed-verse
thanissaro	snp2.13	snp2.13:17.4	unreviewed-verse
thanissaro	snp2.14	snp2.14:2.1	unreviewed-verse
thanissaro	snp2.14	snp2.14:2.2	unreviewed-verse
thanissaro	snp2.14	snp2.14:2.3	unreviewed-verse
thanissaro	snp2.14	snp2.14:2.4	unreviewed-verse
thanissaro	snp2.14	snp2.14:3.1	unreviewed-verse
thanissaro	snp2.14	snp2.14:3.2	unreviewed-verse
thanissaro	snp2.14	snp2.14:3.3	unreviewed-verse
thanissaro	snp2.14	snp2.14:3.4	unreviewed-verse
thanissaro	snp2.14	snp2.14:4.1	unreviewed-verse
thanissaro	snp2.14	snp2.14:4.2	unreviewed-verse
thanissaro	snp2.14	snp2.14:4.3	unreviewed-verse
thanissaro	snp2.14	snp2.14:4.4	unreviewed-verse
thanissaro	snp2.14	snp2.14:5.1	unreviewed-verse
thanissaro	snp2.14	snp2.14:5.2	unreviewed-verse
thanissaro	snp2.14	snp2.14:5.3	unreviewed-verse
thanissaro	snp2.14	snp2.14:5.4	unreviewed-verse
thanissaro	snp2.14	snp2.14:6.1	unreviewed-verse
thanissaro	snp2.14	snp2.14:6.2	unreviewed-verse
thanissaro	snp2.14	snp2.14:6.3	unreviewed-verse
thanissaro	snp2.14	snp2.14:6.4	unreviewed-verse
thanissaro	snp2.14	snp2.14:7.1	unreviewed-verse
thanissaro	snp2.14	snp2.14:7.2	unreviewed-verse
thanissaro	snp2.14	snp2.14:7.3	unreviewed-verse
thanissaro	snp2.14	snp2.14:7.4	unreviewed-verse
thanissaro	snp2.14	snp2.14:8.1	unreviewed-verse
thanissaro	snp2.14	snp2.14:8.2	unreviewed-verse
thanissaro	snp2.14	snp2.14:8.3	unreviewed-verse
thanissaro	snp2.14	snp2.14:8.4	unreviewed-verse
thanissaro	snp2.14	snp2.14:9.1	unreviewed-verse
thanissaro	snp2.14	snp2.14:9.2	unreviewed-verse
thanissaro	snp2.14	snp2.14:9.3	unreviewed-verse
thanissaro	snp2.14	snp2.14:9.4	unreviewed-verse
thanissaro	snp2.14	snp2.14:10.1	unreviewed-verse
thanissaro	snp2.14	snp2.14:10.2	unreviewed-verse
thanissaro	snp2.14	snp2.14:10.3	unreviewed-verse
thanissaro	snp2.14	snp2.14:10.4	unreviewed-verse
thanissaro	snp2.14	snp2.14:11.1	unreviewed-verse
thanissaro	snp2.14	snp2.14:11.2	unreviewed-verse
thanissaro	snp2.14	snp2.14:11.3	unreviewed-verse
thanissaro	snp2.14	snp2.14:11.4	unreviewed-verse
thanissaro	snp2.14	snp2.14:12.1	unreviewed-verse
thanissaro	snp2.14	snp2.14:12.2	unreviewed-verse
thanissaro	snp2.14	snp2.14:12.3	unreviewed-verse
thanissaro	snp2.14	snp2.14:12.4	unreviewed-verse
thanissaro	snp2.14	snp2.14:13.1	unreviewed-verse
thanissaro	snp2.14	snp2.14:13.2	unreviewed-verse
thanissaro	snp2.14	snp2.14:13.3	unreviewed-verse
thanissaro	snp2.14	snp2.14:13.4	unreviewed-verse
thanissaro	snp2.14	snp2.14:14.1	unreviewed-verse
thanissaro	snp2.14	snp2.14:14.2	unreviewed-verse
thanissaro	snp2.14	snp2.14:14.3	unreviewed-verse
thanissaro	snp2.14	snp2.14:14.4	unreviewed-verse
thanissaro	snp2.14	snp2.14:15.1	unreviewed-verse
thanissaro	snp2.14	snp2.14:15.2	unreviewed-verse
thanissaro	snp2.14	snp2.14:15.3	unreviewed-verse
thanissaro	snp2.14	snp2.14:15.4	unreviewed-verse
thanissaro	snp2.14	snp2.14:16.1	unreviewed-verse
thanissaro	snp2.14	snp2.14:16.2	unreviewed-verse
thanissaro	snp2.14	snp2.14:16.3	unreviewed-verse
thanissaro	snp2.14	snp2.14:16.4	unreviewed-verse
thanissaro	snp2.14	snp2.14:17.1	unreviewed-verse
thanissaro	snp2.14	snp2.14:17.2	unreviewed-verse
thanissaro	snp2.14	snp2.14:17.3	unreviewed-verse
thanissaro	snp2.14	snp2.14:17.4	unreviewed-verse
thanissaro	snp2.14	snp2.14:18.1	unreviewed-verse
thanissaro	snp2.14	snp2.14:18.2	unreviewed-verse,pending-recovered-candidate
thanissaro	snp2.14	snp2.14:18.3	unreviewed-verse
thanissaro	snp2.14	snp2.14:18.4	unreviewed-verse
thanissaro	snp2.14	snp2.14:19.1	unreviewed-verse
thanissaro	snp2.14	snp2.14:19.2	unreviewed-verse
thanissaro	snp2.14	snp2.14:19.3	unreviewed-verse
thanissaro	snp2.14	snp2.14:19.4	unreviewed-verse
thanissaro	snp2.14	snp2.14:20.1	unreviewed-verse
thanissaro	snp2.14	snp2.14:20.2	unreviewed-verse
thanissaro	snp2.14	snp2.14:20.3	unreviewed-verse
thanissaro	snp2.14	snp2.14:20.4	unreviewed-verse
thanissaro	snp2.14	snp2.14:21.1	unreviewed-verse
thanissaro	snp2.14	snp2.14:21.2	unreviewed-verse
thanissaro	snp2.14	snp2.14:21.3	unreviewed-verse
thanissaro	snp2.14	snp2.14:21.4	unreviewed-verse
thanissaro	snp2.14	snp2.14:22.1	unreviewed-verse
thanissaro	snp2.14	snp2.14:22.2	unreviewed-verse
thanissaro	snp2.14	snp2.14:22.3	unreviewed-verse
thanissaro	snp2.14	snp2.14:22.4	unreviewed-verse
thanissaro	snp2.14	snp2.14:23.1	unreviewed-verse
thanissaro	snp2.14	snp2.14:23.2	unreviewed-verse
thanissaro	snp2.14	snp2.14:23.3	unreviewed-verse
thanissaro	snp2.14	snp2.14:23.4	unreviewed-verse
thanissaro	snp2.14	snp2.14:24.1	unreviewed-verse
thanissaro	snp2.14	snp2.14:24.2	unreviewed-verse
thanissaro	snp2.14	snp2.14:24.3	unreviewed-verse
thanissaro	snp2.14	snp2.14:24.4	unreviewed-verse
thanissaro	snp2.14	snp2.14:25.1	unreviewed-verse
thanissaro	snp2.14	snp2.14:25.2	unreviewed-verse
thanissaro	snp2.14	snp2.14:25.3	unreviewed-verse
thanissaro	snp2.14	snp2.14:25.4	unreviewed-verse
thanissaro	snp2.14	snp2.14:26.1	unreviewed-verse
thanissaro	snp2.14	snp2.14:26.2	unreviewed-verse
thanissaro	snp2.14	snp2.14:26.3	unreviewed-verse
thanissaro	snp2.14	snp2.14:26.4	unreviewed-verse
thanissaro	snp2.14	snp2.14:27.1	unreviewed-verse
thanissaro	snp2.14	snp2.14:27.2	unreviewed-verse
thanissaro	snp2.14	snp2.14:27.3	unreviewed-verse
thanissaro	snp2.14	snp2.14:27.4	unreviewed-verse
thanissaro	snp2.14	snp2.14:28.1	unreviewed-verse
thanissaro	snp2.14	snp2.14:28.2	unreviewed-verse
thanissaro	snp2.14	snp2.14:28.3	unreviewed-verse
thanissaro	snp2.14	snp2.14:28.4	unreviewed-verse
thanissaro	snp2.14	snp2.14:29.1	unreviewed-verse
thanissaro	snp2.14	snp2.14:29.2	unreviewed-verse
thanissaro	snp2.14	snp2.14:29.3	unreviewed-verse
thanissaro	snp2.14	snp2.14:29.4	unreviewed-verse
thanissaro	snp2.14	snp2.14:30.1	unreviewed-verse
thanissaro	snp2.14	snp2.14:30.2	unreviewed-verse
thanissaro	snp2.14	snp2.14:30.3	unreviewed-verse
thanissaro	snp2.14	snp2.14:30.4	unreviewed-verse
thanissaro	snp2.1	snp2.1:1.1	unreviewed-verse
thanissaro	snp2.1	snp2.1:1.2	unreviewed-verse
thanissaro	snp2.1	snp2.1:1.3	unreviewed-verse
thanissaro	snp2.1	snp2.1:1.4	unreviewed-verse
thanissaro	snp2.1	snp2.1:2.1	unreviewed-verse
thanissaro	snp2.1	snp2.1:2.2	unreviewed-verse
thanissaro	snp2.1	snp2.1:2.3	unreviewed-verse
thanissaro	snp2.1	snp2.1:2.4	unreviewed-verse
thanissaro	snp2.1	snp2.1:3.1	unreviewed-verse
thanissaro	snp2.1	snp2.1:3.2	unreviewed-verse
thanissaro	snp2.1	snp2.1:3.3	unreviewed-verse
thanissaro	snp2.1	snp2.1:3.4	unreviewed-verse
thanissaro	snp2.1	snp2.1:3.5	unreviewed-verse
thanissaro	snp2.1	snp2.1:4.1	unreviewed-verse
thanissaro	snp2.1	snp2.1:4.2	unreviewed-verse
thanissaro	snp2.1	snp2.1:4.3	unreviewed-verse
thanissaro	snp2.1	snp2.1:4.4	unreviewed-verse
thanissaro	snp2.1	snp2.1:4.5	unreviewed-verse
thanissaro	snp2.1	snp2.1:5.1	unreviewed-verse
thanissaro	snp2.1	snp2.1:5.2	unreviewed-verse
thanissaro	snp2.1	snp2.1:5.3	unreviewed-verse
thanissaro	snp2.1	snp2.1:5.4	unreviewed-verse
thanissaro	snp2.1	snp2.1:5.5	unreviewed-verse
thanissaro	snp2.1	snp2.1:6.1	unreviewed-verse
thanissaro	snp2.1	snp2.1:6.2	unreviewed-verse
thanissaro	snp2.1	snp2.1:6.3	unreviewed-verse
thanissaro	snp2.1	snp2.1:6.4	unreviewed-verse
thanissaro	snp2.1	snp2.1:6.5	unreviewed-verse
thanissaro	snp2.1	snp2.1:6.6	unreviewed-verse
thanissaro	snp2.1	snp2.1:7.1	unreviewed-verse
thanissaro	snp2.1	snp2.1:7.2	unreviewed-verse
thanissaro	snp2.1	snp2.1:7.3	unreviewed-verse
thanissaro	snp2.1	snp2.1:7.4	unreviewed-verse
thanissaro	snp2.1	snp2.1:7.5	unreviewed-verse
thanissaro	snp2.1	snp2.1:7.6	unreviewed-verse
thanissaro	snp2.1	snp2.1:8.1	unreviewed-verse
thanissaro	snp2.1	snp2.1:8.2	unreviewed-verse
thanissaro	snp2.1	snp2.1:8.3	unreviewed-verse
thanissaro	snp2.1	snp2.1:8.4	unreviewed-verse
thanissaro	snp2.1	snp2.1:8.5	unreviewed-verse
thanissaro	snp2.1	snp2.1:8.6	unreviewed-verse
thanissaro	snp2.1	snp2.1:9.1	unreviewed-verse
thanissaro	snp2.1	snp2.1:9.2	unreviewed-verse
thanissaro	snp2.1	snp2.1:9.3	unreviewed-verse
thanissaro	snp2.1	snp2.1:9.4	unreviewed-verse
thanissaro	snp2.1	snp2.1:9.5	unreviewed-verse
thanissaro	snp2.1	snp2.1:9.6	unreviewed-verse
thanissaro	snp2.1	snp2.1:10.1	unreviewed-verse
thanissaro	snp2.1	snp2.1:10.2	unreviewed-verse
thanissaro	snp2.1	snp2.1:10.3	unreviewed-verse
thanissaro	snp2.1	snp2.1:10.4	unreviewed-verse
thanissaro	snp2.1	snp2.1:11.1	unreviewed-verse
thanissaro	snp2.1	snp2.1:11.2	unreviewed-verse
thanissaro	snp2.1	snp2.1:11.3	unreviewed-verse
thanissaro	snp2.1	snp2.1:11.4	unreviewed-verse
thanissaro	snp2.1	snp2.1:12.1	unreviewed-verse
thanissaro	snp2.1	snp2.1:12.2	unreviewed-verse
thanissaro	snp2.1	snp2.1:12.3	unreviewed-verse
thanissaro	snp2.1	snp2.1:12.4	unreviewed-verse
thanissaro	snp2.1	snp2.1:12.5	unreviewed-verse
thanissaro	snp2.1	snp2.1:12.6	unreviewed-verse
thanissaro	snp2.1	snp2.1:13.1	unreviewed-verse
thanissaro	snp2.1	snp2.1:13.2	unreviewed-verse
thanissaro	snp2.1	snp2.1:13.3	unreviewed-verse
thanissaro	snp2.1	snp2.1:13.4	unreviewed-verse
thanissaro	snp2.1	snp2.1:13.5	unreviewed-verse
thanissaro	snp2.1	snp2.1:13.6	unreviewed-verse
thanissaro	snp2.1	snp2.1:14.1	unreviewed-verse
thanissaro	snp2.1	snp2.1:14.2	unreviewed-verse
thanissaro	snp2.1	snp2.1:14.3	unreviewed-verse
thanissaro	snp2.1	snp2.1:14.4	unreviewed-verse
thanissaro	snp2.1	snp2.1:15.1	unreviewed-verse
thanissaro	snp2.1	snp2.1:15.2	unreviewed-verse
thanissaro	snp2.1	snp2.1:15.3	unreviewed-verse
thanissaro	snp2.1	snp2.1:15.4	unreviewed-verse
thanissaro	snp2.1	snp2.1:15.5	unreviewed-verse
thanissaro	snp2.1	snp2.1:15.6	unreviewed-verse
thanissaro	snp2.1	snp2.1:16.1	unreviewed-verse
thanissaro	snp2.1	snp2.1:16.2	unreviewed-verse
thanissaro	snp2.1	snp2.1:16.3	unreviewed-verse
thanissaro	snp2.1	snp2.1:16.4	unreviewed-verse
thanissaro	snp2.1	snp2.1:17.1	unreviewed-verse
thanissaro	snp2.1	snp2.1:17.2	unreviewed-verse
thanissaro	snp2.1	snp2.1:17.3	unreviewed-verse
thanissaro	snp2.1	snp2.1:17.4	unreviewed-verse
thanissaro	snp2.1	snp2.1:18.1	unreviewed-verse
thanissaro	snp2.1	snp2.1:18.2	unreviewed-verse
thanissaro	snp2.1	snp2.1:18.3	unreviewed-verse
thanissaro	snp2.1	snp2.1:18.4	unreviewed-verse
thanissaro	snp2.2	snp2.2:1.1	unreviewed-verse
thanissaro	snp2.2	snp2.2:1.2	unreviewed-verse
thanissaro	snp2.2	snp2.2:1.3	unreviewed-verse
thanissaro	snp2.2	snp2.2:1.4	unreviewed-verse
thanissaro	snp2.2	snp2.2:2.1	unreviewed-verse
thanissaro	snp2.2	snp2.2:2.2	unreviewed-verse
thanissaro	snp2.2	snp2.2:2.3	unreviewed-verse
thanissaro	snp2.2	snp2.2:2.4	unreviewed-verse
thanissaro	snp2.2	snp2.2:3.1	unreviewed-verse
thanissaro	snp2.2	snp2.2:3.2	unreviewed-verse
thanissaro	snp2.2	snp2.2:3.3	unreviewed-verse
thanissaro	snp2.2	snp2.2:3.4	unreviewed-verse
thanissaro	snp2.2	snp2.2:3.5	unreviewed-verse
thanissaro	snp2.2	snp2.2:3.6	unreviewed-verse
thanissaro	snp2.2	snp2.2:4.1	unreviewed-verse
thanissaro	snp2.2	snp2.2:4.2	unreviewed-verse
thanissaro	snp2.2	snp2.2:4.3	unreviewed-verse
thanissaro	snp2.2	snp2.2:4.4	unreviewed-verse
thanissaro	snp2.2	snp2.2:5.1	unreviewed-verse
thanissaro	snp2.2	snp2.2:5.2	unreviewed-verse
thanissaro	snp2.2	snp2.2:5.3	unreviewed-verse
thanissaro	snp2.2	snp2.2:5.4	unreviewed-verse
thanissaro	snp2.2	snp2.2:6.1	unreviewed-verse
thanissaro	snp2.2	snp2.2:6.2	unreviewed-verse
thanissaro	snp2.2	snp2.2:6.3	unreviewed-verse
thanissaro	snp2.2	snp2.2:6.4	unreviewed-verse
thanissaro	snp2.2	snp2.2:7.1	unreviewed-verse
thanissaro	snp2.2	snp2.2:7.2	unreviewed-verse
thanissaro	snp2.2	snp2.2:7.3	unreviewed-verse
thanissaro	snp2.2	snp2.2:7.4	unreviewed-verse
thanissaro	snp2.2	snp2.2:8.1	unreviewed-verse
thanissaro	snp2.2	snp2.2:8.2	unreviewed-verse
thanissaro	snp2.2	snp2.2:8.3	unreviewed-verse
thanissaro	snp2.2	snp2.2:8.4	unreviewed-verse
thanissaro	snp2.2	snp2.2:9.1	unreviewed-verse
thanissaro	snp2.2	snp2.2:9.2	unreviewed-verse
thanissaro	snp2.2	snp2.2:9.3	unreviewed-verse
thanissaro	snp2.2	snp2.2:9.4	unreviewed-verse
thanissaro	snp2.2	snp2.2:10.1	unreviewed-verse
thanissaro	snp2.2	snp2.2:10.2	unreviewed-verse,pending-recovered-candidate
thanissaro	snp2.2	snp2.2:10.3	unreviewed-verse
thanissaro	snp2.2	snp2.2:10.4	unreviewed-verse
thanissaro	snp2.2	snp2.2:11.1	unreviewed-verse
thanissaro	snp2.2	snp2.2:11.2	unreviewed-verse
thanissaro	snp2.2	snp2.2:11.3	unreviewed-verse
thanissaro	snp2.2	snp2.2:11.4	unreviewed-verse
thanissaro	snp2.2	snp2.2:11.5	unreviewed-verse
thanissaro	snp2.2	snp2.2:11.6	unreviewed-verse
thanissaro	snp2.2	snp2.2:12.1	unreviewed-verse
thanissaro	snp2.2	snp2.2:12.2	unreviewed-verse
thanissaro	snp2.2	snp2.2:12.3	unreviewed-verse
thanissaro	snp2.2	snp2.2:12.4	unreviewed-verse
thanissaro	snp2.2	snp2.2:13.1	unreviewed-verse
thanissaro	snp2.2	snp2.2:13.2	unreviewed-verse
thanissaro	snp2.2	snp2.2:13.3	unreviewed-verse
thanissaro	snp2.2	snp2.2:13.4	unreviewed-verse
thanissaro	snp2.2	snp2.2:14.1	unreviewed-verse
thanissaro	snp2.2	snp2.2:14.2	unreviewed-verse
thanissaro	snp2.2	snp2.2:14.3	unreviewed-verse
thanissaro	snp2.2	snp2.2:14.4	unreviewed-verse
thanissaro	snp2.3	snp2.3:1.1	unreviewed-verse
thanissaro	snp2.3	snp2.3:1.2	unreviewed-verse
thanissaro	snp2.3	snp2.3:1.3	unreviewed-verse
thanissaro	snp2.3	snp2.3:1.4	unreviewed-verse
thanissaro	snp2.3	snp2.3:2.1	unreviewed-verse
thanissaro	snp2.3	snp2.3:2.2	unreviewed-verse
thanissaro	snp2.3	snp2.3:2.3	unreviewed-verse
thanissaro	snp2.3	snp2.3:2.4	unreviewed-verse
thanissaro	snp2.3	snp2.3:3.1	unreviewed-verse
thanissaro	snp2.3	snp2.3:3.2	unreviewed-verse
thanissaro	snp2.3	snp2.3:3.3	unreviewed-verse
thanissaro	snp2.3	snp2.3:3.4	unreviewed-verse
thanissaro	snp2.3	snp2.3:4.1	unreviewed-verse
thanissaro	snp2.3	snp2.3:4.2	unreviewed-verse
thanissaro	snp2.3	snp2.3:4.3	unreviewed-verse
thanissaro	snp2.3	snp2.3:4.4	unreviewed-verse
thanissaro	snp2.3	snp2.3:5.1	unreviewed-verse
thanissaro	snp2.3	snp2.3:5.2	unreviewed-verse
thanissaro	snp2.3	snp2.3:5.3	unreviewed-verse
thanissaro	snp2.3	snp2.3:5.4	unreviewed-verse
thanissaro	snp2.4	snp2.4:2.1	unreviewed-verse
thanissaro	snp2.4	snp2.4:2.2	unreviewed-verse
thanissaro	snp2.4	snp2.4:2.3	unreviewed-verse
thanissaro	snp2.4	snp2.4:2.4	unreviewed-verse
thanissaro	snp2.4	snp2.4:3.1	unreviewed-verse
thanissaro	snp2.4	snp2.4:3.2	unreviewed-verse
thanissaro	snp2.4	snp2.4:3.3	unreviewed-verse
thanissaro	snp2.4	snp2.4:3.4	unreviewed-verse
thanissaro	snp2.4	snp2.4:4.1	unreviewed-verse
thanissaro	snp2.4	snp2.4:4.2	unreviewed-verse
thanissaro	snp2.4	snp2.4:4.3	unreviewed-verse
thanissaro	snp2.4	snp2.4:4.4	unreviewed-verse
thanissaro	snp2.4	snp2.4:5.1	unreviewed-verse
thanissaro	snp2.4	snp2.4:5.2	unreviewed-verse
thanissaro	snp2.4	snp2.4:5.3	unreviewed-verse
thanissaro	snp2.4	snp2.4:5.4	unreviewed-verse
thanissaro	snp2.4	snp2.4:6.1	unreviewed-verse
thanissaro	snp2.4	snp2.4:6.2	unreviewed-verse
thanissaro	snp2.4	snp2.4:6.3	unreviewed-verse
thanissaro	snp2.4	snp2.4:6.4	unreviewed-verse
thanissaro	snp2.4	snp2.4:7.1	unreviewed-verse
thanissaro	snp2.4	snp2.4:7.2	unreviewed-verse
thanissaro	snp2.4	snp2.4:7.3	unreviewed-verse
thanissaro	snp2.4	snp2.4:7.4	unreviewed-verse
thanissaro	snp2.4	snp2.4:8.1	unreviewed-verse
thanissaro	snp2.4	snp2.4:8.3	unreviewed-verse
thanissaro	snp2.4	snp2.4:8.4	unreviewed-verse
thanissaro	snp2.4	snp2.4:9.1	unreviewed-verse
thanissaro	snp2.4	snp2.4:9.2	unreviewed-verse
thanissaro	snp2.4	snp2.4:9.3	unreviewed-verse
thanissaro	snp2.4	snp2.4:9.4	unreviewed-verse
thanissaro	snp2.4	snp2.4:10.1	unreviewed-verse
thanissaro	snp2.4	snp2.4:10.2	unreviewed-verse
thanissaro	snp2.4	snp2.4:10.3	unreviewed-verse
thanissaro	snp2.4	snp2.4:10.4	unreviewed-verse
thanissaro	snp2.4	snp2.4:11.1	unreviewed-verse
thanissaro	snp2.4	snp2.4:11.2	unreviewed-verse
thanissaro	snp2.4	snp2.4:11.3	unreviewed-verse
thanissaro	snp2.4	snp2.4:11.4	unreviewed-verse
thanissaro	snp2.4	snp2.4:12.1	unreviewed-verse
thanissaro	snp2.4	snp2.4:12.2	unreviewed-verse
thanissaro	snp2.4	snp2.4:12.3	unreviewed-verse
thanissaro	snp2.4	snp2.4:12.4	unreviewed-verse
thanissaro	snp2.4	snp2.4:13.1	unreviewed-verse
thanissaro	snp2.4	snp2.4:13.2	unreviewed-verse
thanissaro	snp2.4	snp2.4:13.3	unreviewed-verse
thanissaro	snp2.4	snp2.4:13.4	unreviewed-verse
thanissaro	snp2.5	snp2.5:5.1	unreviewed-verse
thanissaro	snp2.5	snp2.5:5.2	unreviewed-verse
thanissaro	snp2.5	snp2.5:5.3	unreviewed-verse
thanissaro	snp2.5	snp2.5:5.4	unreviewed-verse
thanissaro	snp2.5	snp2.5:6.1	unreviewed-verse
thanissaro	snp2.5	snp2.5:6.2	unreviewed-verse
thanissaro	snp2.5	snp2.5:6.3	unreviewed-verse
thanissaro	snp2.5	snp2.5:6.4	unreviewed-verse
thanissaro	snp2.5	snp2.5:7.1	unreviewed-verse
thanissaro	snp2.5	snp2.5:7.2	unreviewed-verse
thanissaro	snp2.5	snp2.5:7.3	unreviewed-verse
thanissaro	snp2.5	snp2.5:7.4	unreviewed-verse
thanissaro	snp2.5	snp2.5:8.1	unreviewed-verse
thanissaro	snp2.5	snp2.5:8.2	unreviewed-verse
thanissaro	snp2.5	snp2.5:8.3	unreviewed-verse
thanissaro	snp2.5	snp2.5:8.4	unreviewed-verse
thanissaro	snp2.6	snp2.6:1.1	unreviewed-verse
thanissaro	snp2.6	snp2.6:1.2	unreviewed-verse
thanissaro	snp2.6	snp2.6:1.3	unreviewed-verse
thanissaro	snp2.6	snp2.6:1.4	unreviewed-verse
thanissaro	snp2.6	snp2.6:2.1	unreviewed-verse
thanissaro	snp2.6	snp2.6:2.2	unreviewed-verse
thanissaro	snp2.6	snp2.6:2.3	unreviewed-verse
thanissaro	snp2.6	snp2.6:2.4	unreviewed-verse
thanissaro	snp2.6	snp2.6:3.1	unreviewed-verse
thanissaro	snp2.6	snp2.6:3.2	unreviewed-verse
thanissaro	snp2.6	snp2.6:3.3	unreviewed-verse
thanissaro	snp2.6	snp2.6:3.4	unreviewed-verse
thanissaro	snp2.6	snp2.6:4.1	unreviewed-verse
thanissaro	snp2.6	snp2.6:4.2	unreviewed-verse
thanissaro	snp2.6	snp2.6:4.3	unreviewed-verse
thanissaro	snp2.6	snp2.6:4.4	unreviewed-verse
thanissaro	snp2.6	snp2.6:5.1	unreviewed-verse
thanissaro	snp2.6	snp2.6:5.2	unreviewed-verse
thanissaro	snp2.6	snp2.6:5.3	unreviewed-verse
thanissaro	snp2.6	snp2.6:5.4	unreviewed-verse
thanissaro	snp2.6	snp2.6:6.1	unreviewed-verse
thanissaro	snp2.6	snp2.6:6.2	unreviewed-verse
thanissaro	snp2.6	snp2.6:6.3	unreviewed-verse
thanissaro	snp2.6	snp2.6:6.4	unreviewed-verse
thanissaro	snp2.6	snp2.6:7.1	unreviewed-verse
thanissaro	snp2.6	snp2.6:7.2	unreviewed-verse
thanissaro	snp2.6	snp2.6:7.3	unreviewed-verse
thanissaro	snp2.6	snp2.6:7.4	unreviewed-verse
thanissaro	snp2.6	snp2.6:8.1	unreviewed-verse
thanissaro	snp2.6	snp2.6:8.2	unreviewed-verse
thanissaro	snp2.6	snp2.6:8.3	unreviewed-verse
thanissaro	snp2.6	snp2.6:8.4	unreviewed-verse
thanissaro	snp2.6	snp2.6:9.1	unreviewed-verse
thanissaro	snp2.6	snp2.6:9.2	unreviewed-verse
thanissaro	snp2.6	snp2.6:9.3	unreviewed-verse
thanissaro	snp2.6	snp2.6:9.4	unreviewed-verse
thanissaro	snp2.6	snp2.6:10.1	unreviewed-verse
thanissaro	snp2.6	snp2.6:10.2	unreviewed-verse
thanissaro	snp2.6	snp2.6:10.3	unreviewed-verse
thanissaro	snp2.6	snp2.6:10.4	unreviewed-verse
thanissaro	snp2.7	snp2.7:2.1	unreviewed-verse
thanissaro	snp2.7	snp2.7:2.2	unreviewed-verse
thanissaro	snp2.7	snp2.7:2.3	unreviewed-verse
thanissaro	snp2.7	snp2.7:2.4	unreviewed-verse
thanissaro	snp2.7	snp2.7:3.1	unreviewed-verse
thanissaro	snp2.7	snp2.7:3.2	unreviewed-verse
thanissaro	snp2.7	snp2.7:3.3	unreviewed-verse
thanissaro	snp2.7	snp2.7:3.4	unreviewed-verse
thanissaro	snp2.7	snp2.7:4.1	unreviewed-verse
thanissaro	snp2.7	snp2.7:4.2	unreviewed-verse
thanissaro	snp2.7	snp2.7:4.3	unreviewed-verse
thanissaro	snp2.7	snp2.7:4.4	unreviewed-verse
thanissaro	snp2.7	snp2.7:5.1	unreviewed-verse
thanissaro	snp2.7	snp2.7:5.2	unreviewed-verse
thanissaro	snp2.7	snp2.7:5.3	unreviewed-verse
thanissaro	snp2.7	snp2.7:5.4	unreviewed-verse
thanissaro	snp2.7	snp2.7:6.1	unreviewed-verse
thanissaro	snp2.7	snp2.7:6.2	unreviewed-verse
thanissaro	snp2.7	snp2.7:6.3	unreviewed-verse
thanissaro	snp2.7	snp2.7:6.4	unreviewed-verse
thanissaro	snp2.7	snp2.7:7.1	unreviewed-verse
thanissaro	snp2.7	snp2.7:7.2	unreviewed-verse
thanissaro	snp2.7	snp2.7:7.3	unreviewed-verse
thanissaro	snp2.7	snp2.7:7.4	unreviewed-verse
thanissaro	snp2.7	snp2.7:8.1	unreviewed-verse
thanissaro	snp2.7	snp2.7:8.2	unreviewed-verse
thanissaro	snp2.7	snp2.7:8.3	unreviewed-verse
thanissaro	snp2.7	snp2.7:8.4	unreviewed-verse
thanissaro	snp2.7	snp2.7:9.1	unreviewed-verse
thanissaro	snp2.7	snp2.7:9.2	unreviewed-verse
thanissaro	snp2.7	snp2.7:9.3	unreviewed-verse
thanissaro	snp2.7	snp2.7:9.4	unreviewed-verse
thanissaro	snp2.7	snp2.7:10.1	unreviewed-verse
thanissaro	snp2.7	snp2.7:10.2	unreviewed-verse
thanissaro	snp2.7	snp2.7:10.3	unreviewed-verse
thanissaro	snp2.7	snp2.7:10.4	unreviewed-verse
thanissaro	snp2.7	snp2.7:11.1	unreviewed-verse
thanissaro	snp2.7	snp2.7:11.2	unreviewed-verse
thanissaro	snp2.7	snp2.7:11.3	unreviewed-verse
thanissaro	snp2.7	snp2.7:11.4	unreviewed-verse
thanissaro	snp2.7	snp2.7:12.1	unreviewed-verse
thanissaro	snp2.7	snp2.7:12.2	unreviewed-verse
thanissaro	snp2.7	snp2.7:12.3	unreviewed-verse
thanissaro	snp2.7	snp2.7:12.4	unreviewed-verse
thanissaro	snp2.7	snp2.7:13.1	unreviewed-verse
thanissaro	snp2.7	snp2.7:13.2	unreviewed-verse
thanissaro	snp2.7	snp2.7:13.3	unreviewed-verse
thanissaro	snp2.7	snp2.7:13.4	unreviewed-verse
thanissaro	snp2.7	snp2.7:14.1	unreviewed-verse
thanissaro	snp2.7	snp2.7:14.2	unreviewed-verse
thanissaro	snp2.7	snp2.7:14.3	unreviewed-verse
thanissaro	snp2.7	snp2.7:14.4	unreviewed-verse
thanissaro	snp2.7	snp2.7:14.5	unreviewed-verse
thanissaro	snp2.7	snp2.7:14.6	unreviewed-verse
thanissaro	snp2.7	snp2.7:15.1	unreviewed-verse
thanissaro	snp2.7	snp2.7:15.2	unreviewed-verse
thanissaro	snp2.7	snp2.7:15.3	unreviewed-verse
thanissaro	snp2.7	snp2.7:15.4	unreviewed-verse
thanissaro	snp2.7	snp2.7:16.1	unreviewed-verse
thanissaro	snp2.7	snp2.7:16.2	unreviewed-verse
thanissaro	snp2.7	snp2.7:16.3	unreviewed-verse
thanissaro	snp2.7	snp2.7:16.4	unreviewed-verse
thanissaro	snp2.7	snp2.7:16.5	unreviewed-verse
thanissaro	snp2.7	snp2.7:16.6	unreviewed-verse
thanissaro	snp2.7	snp2.7:17.1	unreviewed-verse
thanissaro	snp2.7	snp2.7:17.2	unreviewed-verse
thanissaro	snp2.7	snp2.7:17.3	unreviewed-verse
thanissaro	snp2.7	snp2.7:17.4	unreviewed-verse
thanissaro	snp2.7	snp2.7:18.1	unreviewed-verse
thanissaro	snp2.7	snp2.7:18.2	unreviewed-verse
thanissaro	snp2.7	snp2.7:18.3	unreviewed-verse
thanissaro	snp2.7	snp2.7:18.4	unreviewed-verse
thanissaro	snp2.7	snp2.7:19.1	unreviewed-verse
thanissaro	snp2.7	snp2.7:19.2	unreviewed-verse
thanissaro	snp2.7	snp2.7:19.3	unreviewed-verse
thanissaro	snp2.7	snp2.7:19.4	unreviewed-verse
thanissaro	snp2.7	snp2.7:20.1	unreviewed-verse
thanissaro	snp2.7	snp2.7:20.2	unreviewed-verse
thanissaro	snp2.7	snp2.7:20.3	unreviewed-verse
thanissaro	snp2.7	snp2.7:20.4	unreviewed-verse
thanissaro	snp2.7	snp2.7:20.5	unreviewed-verse
thanissaro	snp2.7	snp2.7:21.1	unreviewed-verse
thanissaro	snp2.7	snp2.7:21.2	unreviewed-verse
thanissaro	snp2.7	snp2.7:21.3	unreviewed-verse
thanissaro	snp2.7	snp2.7:21.4	unreviewed-verse
thanissaro	snp2.7	snp2.7:21.5	unreviewed-verse
thanissaro	snp2.7	snp2.7:21.6	unreviewed-verse
thanissaro	snp2.7	snp2.7:22.1	unreviewed-verse
thanissaro	snp2.7	snp2.7:22.2	unreviewed-verse
thanissaro	snp2.7	snp2.7:22.3	unreviewed-verse
thanissaro	snp2.7	snp2.7:22.4	unreviewed-verse
thanissaro	snp2.7	snp2.7:23.1	unreviewed-verse
thanissaro	snp2.7	snp2.7:23.2	unreviewed-verse
thanissaro	snp2.7	snp2.7:23.3	unreviewed-verse
thanissaro	snp2.7	snp2.7:23.4	unreviewed-verse
thanissaro	snp2.7	snp2.7:24.1	unreviewed-verse
thanissaro	snp2.7	snp2.7:24.2	unreviewed-verse
thanissaro	snp2.7	snp2.7:24.3	unreviewed-verse
thanissaro	snp2.7	snp2.7:24.4	unreviewed-verse
thanissaro	snp2.7	snp2.7:24.5	unreviewed-verse
thanissaro	snp2.7	snp2.7:24.6	unreviewed-verse
thanissaro	snp2.7	snp2.7:25.1	unreviewed-verse
thanissaro	snp2.7	snp2.7:25.2	unreviewed-verse
thanissaro	snp2.7	snp2.7:25.3	unreviewed-verse
thanissaro	snp2.7	snp2.7:25.4	unreviewed-verse
thanissaro	snp2.7	snp2.7:25.5	unreviewed-verse
thanissaro	snp2.7	snp2.7:25.6	unreviewed-verse
thanissaro	snp2.7	snp2.7:26.1	unreviewed-verse
thanissaro	snp2.7	snp2.7:26.2	unreviewed-verse
thanissaro	snp2.7	snp2.7:26.3	unreviewed-verse
thanissaro	snp2.7	snp2.7:26.4	unreviewed-verse
thanissaro	snp2.7	snp2.7:27.1	unreviewed-verse
thanissaro	snp2.7	snp2.7:27.2	unreviewed-verse
thanissaro	snp2.7	snp2.7:27.3	unreviewed-verse
thanissaro	snp2.7	snp2.7:27.4	unreviewed-verse
thanissaro	snp2.7	snp2.7:27.5	unreviewed-verse
thanissaro	snp2.7	snp2.7:27.6	unreviewed-verse
thanissaro	snp2.7	snp2.7:28.1	unreviewed-verse
thanissaro	snp2.7	snp2.7:28.2	unreviewed-verse
thanissaro	snp2.7	snp2.7:28.3	unreviewed-verse
thanissaro	snp2.7	snp2.7:28.4	unreviewed-verse
thanissaro	snp2.7	snp2.7:29.1	unreviewed-verse
thanissaro	snp2.7	snp2.7:29.2	unreviewed-verse
thanissaro	snp2.7	snp2.7:29.3	unreviewed-verse
thanissaro	snp2.7	snp2.7:29.4	unreviewed-verse
thanissaro	snp2.7	snp2.7:30.1	unreviewed-verse
thanissaro	snp2.7	snp2.7:30.2	unreviewed-verse
thanissaro	snp2.7	snp2.7:30.3	unreviewed-verse
thanissaro	snp2.7	snp2.7:30.4	unreviewed-verse
thanissaro	snp2.7	snp2.7:31.1	unreviewed-verse
thanissaro	snp2.7	snp2.7:31.2	unreviewed-verse
thanissaro	snp2.7	snp2.7:31.3	unreviewed-verse
thanissaro	snp2.7	snp2.7:31.4	unreviewed-verse
thanissaro	snp2.7	snp2.7:32.1	unreviewed-verse
thanissaro	snp2.7	snp2.7:32.2	unreviewed-verse
thanissaro	snp2.7	snp2.7:32.3	unreviewed-verse
thanissaro	snp2.7	snp2.7:32.4	unreviewed-verse
thanissaro	snp2.7	snp2.7:33.1	unreviewed-verse
thanissaro	snp2.7	snp2.7:33.2	unreviewed-verse
thanissaro	snp2.7	snp2.7:33.3	unreviewed-verse
thanissaro	snp2.7	snp2.7:33.4	unreviewed-verse
thanissaro	snp2.8	snp2.8:1.1	unreviewed-verse
thanissaro	snp2.8	snp2.8:1.2	unreviewed-verse
thanissaro	snp2.8	snp2.8:1.3	unreviewed-verse
thanissaro	snp2.8	snp2.8:1.4	unreviewed-verse
thanissaro	snp2.8	snp2.8:2.1	unreviewed-verse
thanissaro	snp2.8	snp2.8:2.2	unreviewed-verse
thanissaro	snp2.8	snp2.8:2.3	unreviewed-verse
thanissaro	snp2.8	snp2.8:2.4	unreviewed-verse
thanissaro	snp2.8	snp2.8:3.1	unreviewed-verse
thanissaro	snp2.8	snp2.8:3.2	unreviewed-verse
thanissaro	snp2.8	snp2.8:3.3	unreviewed-verse
thanissaro	snp2.8	snp2.8:3.4	unreviewed-verse
thanissaro	snp2.8	snp2.8:4.1	unreviewed-verse
thanissaro	snp2.8	snp2.8:4.2	unreviewed-verse
thanissaro	snp2.8	snp2.8:4.3	unreviewed-verse
thanissaro	snp2.8	snp2.8:4.4	unreviewed-verse
thanissaro	snp2.8	snp2.8:5.1	unreviewed-verse
thanissaro	snp2.8	snp2.8:5.2	unreviewed-verse
thanissaro	snp2.8	snp2.8:5.3	unreviewed-verse
thanissaro	snp2.8	snp2.8:5.4	unreviewed-verse
thanissaro	snp2.8	snp2.8:6.1	unreviewed-verse
thanissaro	snp2.8	snp2.8:6.2	unreviewed-verse
thanissaro	snp2.8	snp2.8:6.3	unreviewed-verse
thanissaro	snp2.8	snp2.8:6.4	unreviewed-verse
thanissaro	snp2.8	snp2.8:7.1	unreviewed-verse
thanissaro	snp2.8	snp2.8:7.2	unreviewed-verse
thanissaro	snp2.8	snp2.8:7.3	unreviewed-verse
thanissaro	snp2.8	snp2.8:7.4	unreviewed-verse
thanissaro	snp2.8	snp2.8:8.1	unreviewed-verse
thanissaro	snp2.8	snp2.8:8.2	unreviewed-verse
thanissaro	snp2.8	snp2.8:8.3	unreviewed-verse
thanissaro	snp2.8	snp2.8:8.4	unreviewed-verse
thanissaro	snp2.9	snp2.9:1.1	unreviewed-verse
thanissaro	snp2.9	snp2.9:1.2	unreviewed-verse
thanissaro	snp2.9	snp2.9:1.3	unreviewed-verse
thanissaro	snp2.9	snp2.9:1.4	unreviewed-verse
thanissaro	snp2.9	snp2.9:2.1	unreviewed-verse
thanissaro	snp2.9	snp2.9:2.2	unreviewed-verse
thanissaro	snp2.9	snp2.9:2.3	unreviewed-verse
thanissaro	snp2.9	snp2.9:2.4	unreviewed-verse
thanissaro	snp2.9	snp2.9:3.1	unreviewed-verse
thanissaro	snp2.9	snp2.9:3.2	unreviewed-verse
thanissaro	snp2.9	snp2.9:3.3	unreviewed-verse
thanissaro	snp2.9	snp2.9:3.4	unreviewed-verse
thanissaro	snp2.9	snp2.9:4.1	unreviewed-verse
thanissaro	snp2.9	snp2.9:4.2	unreviewed-verse
thanissaro	snp2.9	snp2.9:4.3	unreviewed-verse
thanissaro	snp2.9	snp2.9:4.4	unreviewed-verse
thanissaro	snp2.9	snp2.9:5.1	unreviewed-verse
thanissaro	snp2.9	snp2.9:5.2	unreviewed-verse
thanissaro	snp2.9	snp2.9:5.3	unreviewed-verse
thanissaro	snp2.9	snp2.9:5.4	unreviewed-verse
thanissaro	snp2.9	snp2.9:6.1	unreviewed-verse
thanissaro	snp2.9	snp2.9:6.2	unreviewed-verse
thanissaro	snp2.9	snp2.9:6.3	unreviewed-verse
thanissaro	snp2.9	snp2.9:6.4	unreviewed-verse
thanissaro	snp2.9	snp2.9:7.1	unreviewed-verse
thanissaro	snp2.9	snp2.9:7.2	unreviewed-verse
thanissaro	snp2.9	snp2.9:7.3	unreviewed-verse
thanissaro	snp2.9	snp2.9:7.4	unreviewed-verse
thanissaro	snp3.10	snp3.10:9.1	unreviewed-verse
thanissaro	snp3.10	snp3.10:9.2	unreviewed-verse
thanissaro	snp3.10	snp3.10:9.3	unreviewed-verse
thanissaro	snp3.10	snp3.10:9.4	unreviewed-verse
thanissaro	snp3.10	snp3.10:10.1	unreviewed-verse
thanissaro	snp3.10	snp3.10:10.2	unreviewed-verse
thanissaro	snp3.10	snp3.10:10.3	unreviewed-verse
thanissaro	snp3.10	snp3.10:10.4	unreviewed-verse
thanissaro	snp3.10	snp3.10:11.1	unreviewed-verse
thanissaro	snp3.10	snp3.10:11.2	unreviewed-verse
thanissaro	snp3.10	snp3.10:11.3	unreviewed-verse
thanissaro	snp3.10	snp3.10:11.4	unreviewed-verse
thanissaro	snp3.10	snp3.10:11.5	unreviewed-verse
thanissaro	snp3.10	snp3.10:12.1	unreviewed-verse
thanissaro	snp3.10	snp3.10:12.2	unreviewed-verse
thanissaro	snp3.10	snp3.10:12.3	unreviewed-verse
thanissaro	snp3.10	snp3.10:12.4	unreviewed-verse,pending-recovered-candidate
thanissaro	snp3.10	snp3.10:13.1	unreviewed-verse
thanissaro	snp3.10	snp3.10:13.2	unreviewed-verse
thanissaro	snp3.10	snp3.10:13.3	unreviewed-verse
thanissaro	snp3.10	snp3.10:13.4	unreviewed-verse
thanissaro	snp3.10	snp3.10:14.1	unreviewed-verse
thanissaro	snp3.10	snp3.10:14.2	unreviewed-verse
thanissaro	snp3.10	snp3.10:14.3	unreviewed-verse
thanissaro	snp3.10	snp3.10:14.4	unreviewed-verse
thanissaro	snp3.10	snp3.10:15.1	unreviewed-verse
thanissaro	snp3.10	snp3.10:15.2	unreviewed-verse
thanissaro	snp3.10	snp3.10:15.3	unreviewed-verse
thanissaro	snp3.10	snp3.10:15.4	unreviewed-verse
thanissaro	snp3.10	snp3.10:16.1	unreviewed-verse
thanissaro	snp3.10	snp3.10:16.2	unreviewed-verse
thanissaro	snp3.10	snp3.10:16.3	unreviewed-verse
thanissaro	snp3.10	snp3.10:16.4	unreviewed-verse
thanissaro	snp3.10	snp3.10:17.1	unreviewed-verse
thanissaro	snp3.10	snp3.10:17.2	unreviewed-verse
thanissaro	snp3.10	snp3.10:17.3	unreviewed-verse
thanissaro	snp3.10	snp3.10:17.4	unreviewed-verse
thanissaro	snp3.10	snp3.10:18.1	unreviewed-verse
thanissaro	snp3.10	snp3.10:18.2	unreviewed-verse
thanissaro	snp3.10	snp3.10:18.3	unreviewed-verse
thanissaro	snp3.10	snp3.10:18.4	unreviewed-verse
thanissaro	snp3.10	snp3.10:19.1	unreviewed-verse
thanissaro	snp3.10	snp3.10:19.2	unreviewed-verse
thanissaro	snp3.10	snp3.10:19.3	unreviewed-verse
thanissaro	snp3.10	snp3.10:19.4	unreviewed-verse
thanissaro	snp3.10	snp3.10:20.1	unreviewed-verse
thanissaro	snp3.10	snp3.10:20.2	unreviewed-verse
thanissaro	snp3.10	snp3.10:20.3	unreviewed-verse
thanissaro	snp3.10	snp3.10:20.4	unreviewed-verse
thanissaro	snp3.10	snp3.10:21.1	unreviewed-verse
thanissaro	snp3.10	snp3.10:21.2	unreviewed-verse
thanissaro	snp3.10	snp3.10:21.3	unreviewed-verse
thanissaro	snp3.10	snp3.10:21.4	unreviewed-verse
thanissaro	snp3.10	snp3.10:22.1	unreviewed-verse
thanissaro	snp3.10	snp3.10:22.2	unreviewed-verse
thanissaro	snp3.10	snp3.10:22.3	unreviewed-verse
thanissaro	snp3.10	snp3.10:22.4	unreviewed-verse
thanissaro	snp3.10	snp3.10:23.1	unreviewed-verse
thanissaro	snp3.10	snp3.10:23.2	unreviewed-verse
thanissaro	snp3.10	snp3.10:23.3	unreviewed-verse
thanissaro	snp3.10	snp3.10:23.4	unreviewed-verse
thanissaro	snp3.10	snp3.10:24.1	unreviewed-verse
thanissaro	snp3.10	snp3.10:24.2	unreviewed-verse
thanissaro	snp3.10	snp3.10:24.3	unreviewed-verse
thanissaro	snp3.10	snp3.10:24.4	unreviewed-verse
thanissaro	snp3.10	snp3.10:25.1	unreviewed-verse
thanissaro	snp3.10	snp3.10:25.2	unreviewed-verse
thanissaro	snp3.10	snp3.10:25.3	unreviewed-verse
thanissaro	snp3.10	snp3.10:25.4	unreviewed-verse
thanissaro	snp3.10	snp3.10:26.1	unreviewed-verse
thanissaro	snp3.10	snp3.10:26.2	unreviewed-verse
thanissaro	snp3.10	snp3.10:26.3	unreviewed-verse
thanissaro	snp3.10	snp3.10:26.4	unreviewed-verse
thanissaro	snp3.10	snp3.10:27.1	unreviewed-verse
thanissaro	snp3.10	snp3.10:27.2	unreviewed-verse
thanissaro	snp3.10	snp3.10:27.3	unreviewed-verse
thanissaro	snp3.10	snp3.10:27.4	unreviewed-verse
thanissaro	snp3.10	snp3.10:28.1	unreviewed-verse
thanissaro	snp3.10	snp3.10:28.2	unreviewed-verse
thanissaro	snp3.10	snp3.10:28.3	unreviewed-verse
thanissaro	snp3.10	snp3.10:28.4	unreviewed-verse
thanissaro	snp3.10	snp3.10:29.1	unreviewed-verse
thanissaro	snp3.10	snp3.10:29.2	unreviewed-verse
thanissaro	snp3.10	snp3.10:29.3	unreviewed-verse
thanissaro	snp3.10	snp3.10:29.4	unreviewed-verse
thanissaro	snp3.10	snp3.10:30.1	unreviewed-verse
thanissaro	snp3.10	snp3.10:30.2	unreviewed-verse
thanissaro	snp3.10	snp3.10:30.3	unreviewed-verse
thanissaro	snp3.10	snp3.10:30.4	unreviewed-verse
thanissaro	snp3.11	snp3.11:1.1	unreviewed-verse
thanissaro	snp3.11	snp3.11:1.2	unreviewed-verse
thanissaro	snp3.11	snp3.11:1.3	unreviewed-verse
thanissaro	snp3.11	snp3.11:1.4	unreviewed-verse
thanissaro	snp3.11	snp3.11:2.1	unreviewed-verse
thanissaro	snp3.11	snp3.11:2.2	unreviewed-verse
thanissaro	snp3.11	snp3.11:2.3	unreviewed-verse
thanissaro	snp3.11	snp3.11:2.4	unreviewed-verse
thanissaro	snp3.11	snp3.11:3.1	unreviewed-verse
thanissaro	snp3.11	snp3.11:3.2	unreviewed-verse
thanissaro	snp3.11	snp3.11:3.3	unreviewed-verse
thanissaro	snp3.11	snp3.11:3.4	unreviewed-verse
thanissaro	snp3.11	snp3.11:4.1	unreviewed-verse
thanissaro	snp3.11	snp3.11:4.2	unreviewed-verse
thanissaro	snp3.11	snp3.11:4.3	unreviewed-verse
thanissaro	snp3.11	snp3.11:4.4	unreviewed-verse
thanissaro	snp3.11	snp3.11:5.1	unreviewed-verse
thanissaro	snp3.11	snp3.11:5.2	unreviewed-verse
thanissaro	snp3.11	snp3.11:5.3	unreviewed-verse
thanissaro	snp3.11	snp3.11:5.4	unreviewed-verse
thanissaro	snp3.11	snp3.11:6.1	unreviewed-verse
thanissaro	snp3.11	snp3.11:6.2	unreviewed-verse
thanissaro	snp3.11	snp3.11:6.3	unreviewed-verse
thanissaro	snp3.11	snp3.11:6.4	unreviewed-verse
thanissaro	snp3.11	snp3.11:7.1	unreviewed-verse
thanissaro	snp3.11	snp3.11:7.2	unreviewed-verse
thanissaro	snp3.11	snp3.11:7.3	unreviewed-verse
thanissaro	snp3.11	snp3.11:7.4	unreviewed-verse
thanissaro	snp3.11	snp3.11:8.1	unreviewed-verse
thanissaro	snp3.11	snp3.11:8.2	unreviewed-verse
thanissaro	snp3.11	snp3.11:8.3	unreviewed-verse
thanissaro	snp3.11	snp3.11:8.4	unreviewed-verse
thanissaro	snp3.11	snp3.11:9.1	unreviewed-verse
thanissaro	snp3.11	snp3.11:9.2	unreviewed-verse
thanissaro	snp3.11	snp3.11:9.3	unreviewed-verse
thanissaro	snp3.11	snp3.11:9.4	unreviewed-verse
thanissaro	snp3.11	snp3.11:10.1	unreviewed-verse
thanissaro	snp3.11	snp3.11:10.2	unreviewed-verse
thanissaro	snp3.11	snp3.11:10.3	unreviewed-verse
thanissaro	snp3.11	snp3.11:10.4	unreviewed-verse
thanissaro	snp3.11	snp3.11:11.1	unreviewed-verse
thanissaro	snp3.11	snp3.11:11.2	unreviewed-verse
thanissaro	snp3.11	snp3.11:11.3	unreviewed-verse
thanissaro	snp3.11	snp3.11:11.4	unreviewed-verse
thanissaro	snp3.11	snp3.11:12.1	unreviewed-verse
thanissaro	snp3.11	snp3.11:12.2	unreviewed-verse
thanissaro	snp3.11	snp3.11:12.3	unreviewed-verse
thanissaro	snp3.11	snp3.11:12.4	unreviewed-verse
thanissaro	snp3.11	snp3.11:13.1	unreviewed-verse
thanissaro	snp3.11	snp3.11:13.2	unreviewed-verse
thanissaro	snp3.11	snp3.11:13.3	unreviewed-verse
thanissaro	snp3.11	snp3.11:13.4	unreviewed-verse
thanissaro	snp3.11	snp3.11:14.1	unreviewed-verse
thanissaro	snp3.11	snp3.11:14.2	unreviewed-verse
thanissaro	snp3.11	snp3.11:14.3	unreviewed-verse
thanissaro	snp3.11	snp3.11:14.4	unreviewed-verse
thanissaro	snp3.11	snp3.11:15.1	unreviewed-verse
thanissaro	snp3.11	snp3.11:15.2	unreviewed-verse
thanissaro	snp3.11	snp3.11:15.3	unreviewed-verse
thanissaro	snp3.11	snp3.11:15.4	unreviewed-verse
thanissaro	snp3.11	snp3.11:16.1	unreviewed-verse
thanissaro	snp3.11	snp3.11:16.2	unreviewed-verse
thanissaro	snp3.11	snp3.11:16.3	unreviewed-verse
thanissaro	snp3.11	snp3.11:16.4	unreviewed-verse
thanissaro	snp3.11	snp3.11:17.1	unreviewed-verse
thanissaro	snp3.11	snp3.11:17.2	unreviewed-verse
thanissaro	snp3.11	snp3.11:17.3	unreviewed-verse
thanissaro	snp3.11	snp3.11:17.4	unreviewed-verse
thanissaro	snp3.11	snp3.11:18.1	unreviewed-verse
thanissaro	snp3.11	snp3.11:18.2	unreviewed-verse
thanissaro	snp3.11	snp3.11:18.3	unreviewed-verse
thanissaro	snp3.11	snp3.11:18.4	unreviewed-verse
thanissaro	snp3.11	snp3.11:19.1	unreviewed-verse
thanissaro	snp3.11	snp3.11:19.2	unreviewed-verse
thanissaro	snp3.11	snp3.11:19.3	unreviewed-verse
thanissaro	snp3.11	snp3.11:19.4	unreviewed-verse
thanissaro	snp3.11	snp3.11:20.1	unreviewed-verse
thanissaro	snp3.11	snp3.11:20.2	unreviewed-verse
thanissaro	snp3.11	snp3.11:20.3	unreviewed-verse
thanissaro	snp3.11	snp3.11:20.4	unreviewed-verse
thanissaro	snp3.11	snp3.11:21.1	unreviewed-verse
thanissaro	snp3.11	snp3.11:21.2	unreviewed-verse
thanissaro	snp3.11	snp3.11:21.3	unreviewed-verse
thanissaro	snp3.11	snp3.11:21.4	unreviewed-verse
thanissaro	snp3.11	snp3.11:22.1	unreviewed-verse
thanissaro	snp3.11	snp3.11:22.2	unreviewed-verse
thanissaro	snp3.11	snp3.11:22.3	unreviewed-verse
thanissaro	snp3.11	snp3.11:22.4	unreviewed-verse
thanissaro	snp3.11	snp3.11:23.1	unreviewed-verse
thanissaro	snp3.11	snp3.11:23.3	unreviewed-verse
thanissaro	snp3.11	snp3.11:23.4	unreviewed-verse
thanissaro	snp3.11	snp3.11:23.5	unreviewed-verse
thanissaro	snp3.11	snp3.11:24.1	unreviewed-verse
thanissaro	snp3.11	snp3.11:24.2	unreviewed-verse
thanissaro	snp3.11	snp3.11:24.3	unreviewed-verse
thanissaro	snp3.11	snp3.11:24.4	unreviewed-verse
thanissaro	snp3.11	snp3.11:25.1	unreviewed-verse
thanissaro	snp3.11	snp3.11:25.2	unreviewed-verse
thanissaro	snp3.11	snp3.11:25.3	unreviewed-verse
thanissaro	snp3.11	snp3.11:25.4	unreviewed-verse
thanissaro	snp3.11	snp3.11:26.1	unreviewed-verse
thanissaro	snp3.11	snp3.11:26.2	unreviewed-verse
thanissaro	snp3.11	snp3.11:26.3	unreviewed-verse
thanissaro	snp3.11	snp3.11:26.4	unreviewed-verse
thanissaro	snp3.11	snp3.11:27.1	unreviewed-verse
thanissaro	snp3.11	snp3.11:27.2	unreviewed-verse
thanissaro	snp3.11	snp3.11:27.3	unreviewed-verse
thanissaro	snp3.11	snp3.11:27.4	unreviewed-verse
thanissaro	snp3.11	snp3.11:28.1	unreviewed-verse
thanissaro	snp3.11	snp3.11:28.2	unreviewed-verse
thanissaro	snp3.11	snp3.11:28.3	unreviewed-verse
thanissaro	snp3.11	snp3.11:28.4	unreviewed-verse
thanissaro	snp3.11	snp3.11:29.1	unreviewed-verse
thanissaro	snp3.11	snp3.11:29.2	unreviewed-verse
thanissaro	snp3.11	snp3.11:29.3	unreviewed-verse
thanissaro	snp3.11	snp3.11:29.4	unreviewed-verse
thanissaro	snp3.11	snp3.11:30.1	unreviewed-verse
thanissaro	snp3.11	snp3.11:30.2	unreviewed-verse
thanissaro	snp3.11	snp3.11:30.3	unreviewed-verse
thanissaro	snp3.11	snp3.11:30.4	unreviewed-verse
thanissaro	snp3.11	snp3.11:31.1	unreviewed-verse
thanissaro	snp3.11	snp3.11:31.2	unreviewed-verse
thanissaro	snp3.11	snp3.11:31.3	unreviewed-verse
thanissaro	snp3.11	snp3.11:31.4	unreviewed-verse
thanissaro	snp3.11	snp3.11:32.1	unreviewed-verse
thanissaro	snp3.11	snp3.11:32.2	unreviewed-verse
thanissaro	snp3.11	snp3.11:32.3	unreviewed-verse
thanissaro	snp3.11	snp3.11:32.4	unreviewed-verse
thanissaro	snp3.11	snp3.11:33.1	unreviewed-verse
thanissaro	snp3.11	snp3.11:33.2	unreviewed-verse
thanissaro	snp3.11	snp3.11:33.3	unreviewed-verse
thanissaro	snp3.11	snp3.11:33.4	unreviewed-verse
thanissaro	snp3.11	snp3.11:34.1	unreviewed-verse
thanissaro	snp3.11	snp3.11:34.2	unreviewed-verse
thanissaro	snp3.11	snp3.11:34.3	unreviewed-verse
thanissaro	snp3.11	snp3.11:34.4	unreviewed-verse
thanissaro	snp3.11	snp3.11:35.1	unreviewed-verse
thanissaro	snp3.11	snp3.11:35.2	unreviewed-verse
thanissaro	snp3.11	snp3.11:35.3	unreviewed-verse
thanissaro	snp3.11	snp3.11:35.4	unreviewed-verse
thanissaro	snp3.11	snp3.11:36.1	unreviewed-verse
thanissaro	snp3.11	snp3.11:36.2	unreviewed-verse
thanissaro	snp3.11	snp3.11:36.3	unreviewed-verse
thanissaro	snp3.11	snp3.11:36.4	unreviewed-verse
thanissaro	snp3.11	snp3.11:37.1	unreviewed-verse
thanissaro	snp3.11	snp3.11:37.2	unreviewed-verse
thanissaro	snp3.11	snp3.11:37.3	unreviewed-verse
thanissaro	snp3.11	snp3.11:37.4	unreviewed-verse
thanissaro	snp3.11	snp3.11:38.1	unreviewed-verse
thanissaro	snp3.11	snp3.11:38.2	unreviewed-verse
thanissaro	snp3.11	snp3.11:38.3	unreviewed-verse
thanissaro	snp3.11	snp3.11:38.4	unreviewed-verse
thanissaro	snp3.11	snp3.11:39.1	unreviewed-verse
thanissaro	snp3.11	snp3.11:39.2	unreviewed-verse
thanissaro	snp3.11	snp3.11:39.3	unreviewed-verse
thanissaro	snp3.11	snp3.11:39.4	unreviewed-verse
thanissaro	snp3.11	snp3.11:40.1	unreviewed-verse
thanissaro	snp3.11	snp3.11:40.2	unreviewed-verse
thanissaro	snp3.11	snp3.11:40.3	unreviewed-verse
thanissaro	snp3.11	snp3.11:40.4	unreviewed-verse
thanissaro	snp3.11	snp3.11:40.5	unreviewed-verse
thanissaro	snp3.11	snp3.11:41.1	unreviewed-verse
thanissaro	snp3.11	snp3.11:41.2	unreviewed-verse
thanissaro	snp3.11	snp3.11:41.3	unreviewed-verse
thanissaro	snp3.11	snp3.11:41.4	unreviewed-verse
thanissaro	snp3.11	snp3.11:42.1	unreviewed-verse
thanissaro	snp3.11	snp3.11:42.2	unreviewed-verse
thanissaro	snp3.11	snp3.11:42.3	unreviewed-verse
thanissaro	snp3.11	snp3.11:42.4	unreviewed-verse
thanissaro	snp3.11	snp3.11:43.1	unreviewed-verse
thanissaro	snp3.11	snp3.11:43.2	unreviewed-verse
thanissaro	snp3.11	snp3.11:43.3	unreviewed-verse
thanissaro	snp3.11	snp3.11:43.4	unreviewed-verse
thanissaro	snp3.11	snp3.11:44.1	unreviewed-verse
thanissaro	snp3.11	snp3.11:44.2	unreviewed-verse
thanissaro	snp3.11	snp3.11:44.3	unreviewed-verse
thanissaro	snp3.11	snp3.11:44.4	unreviewed-verse
thanissaro	snp3.11	snp3.11:45.1	unreviewed-verse
thanissaro	snp3.11	snp3.11:45.2	unreviewed-verse
thanissaro	snp3.11	snp3.11:45.3	unreviewed-verse
thanissaro	snp3.11	snp3.11:45.4	unreviewed-verse
thanissaro	snp3.12	snp3.12:5.1	unreviewed-verse
thanissaro	snp3.12	snp3.12:5.2	unreviewed-verse
thanissaro	snp3.12	snp3.12:5.3	unreviewed-verse
thanissaro	snp3.12	snp3.12:5.4	unreviewed-verse
thanissaro	snp3.12	snp3.12:5.5	unreviewed-verse
thanissaro	snp3.12	snp3.12:5.6	unreviewed-verse
thanissaro	snp3.12	snp3.12:6.1	unreviewed-verse
thanissaro	snp3.12	snp3.12:6.2	unreviewed-verse
thanissaro	snp3.12	snp3.12:6.3	unreviewed-verse
thanissaro	snp3.12	snp3.12:6.4	unreviewed-verse
thanissaro	snp3.12	snp3.12:7.1	unreviewed-verse
thanissaro	snp3.12	snp3.12:7.2	unreviewed-verse
thanissaro	snp3.12	snp3.12:7.3	unreviewed-verse
thanissaro	snp3.12	snp3.12:7.4	unreviewed-verse
thanissaro	snp3.12	snp3.12:7.5	unreviewed-verse
thanissaro	snp3.12	snp3.12:7.6	unreviewed-verse
thanissaro	snp3.12	snp3.12:8.1	unreviewed-verse
thanissaro	snp3.12	snp3.12:8.2	unreviewed-verse
thanissaro	snp3.12	snp3.12:8.3	unreviewed-verse
thanissaro	snp3.12	snp3.12:8.4	unreviewed-verse
thanissaro	snp3.12	snp3.12:10.1	unreviewed-verse
thanissaro	snp3.12	snp3.12:10.2	unreviewed-verse
thanissaro	snp3.12	snp3.12:10.3	unreviewed-verse
thanissaro	snp3.12	snp3.12:10.4	unreviewed-verse
thanissaro	snp3.12	snp3.12:10.5	unreviewed-verse
thanissaro	snp3.12	snp3.12:10.6	unreviewed-verse
thanissaro	snp3.12	snp3.12:12.1	unreviewed-verse
thanissaro	snp3.12	snp3.12:12.2	unreviewed-verse
thanissaro	snp3.12	snp3.12:12.3	unreviewed-verse
thanissaro	snp3.12	snp3.12:12.4	unreviewed-verse
thanissaro	snp3.12	snp3.12:13.1	unreviewed-verse
thanissaro	snp3.12	snp3.12:13.2	unreviewed-verse
thanissaro	snp3.12	snp3.12:13.3	unreviewed-verse
thanissaro	snp3.12	snp3.12:13.4	unreviewed-verse
thanissaro	snp3.12	snp3.12:15.1	unreviewed-verse
thanissaro	snp3.12	snp3.12:15.2	unreviewed-verse
thanissaro	snp3.12	snp3.12:15.3	unreviewed-verse
thanissaro	snp3.12	snp3.12:15.4	unreviewed-verse
thanissaro	snp3.12	snp3.12:16.1	unreviewed-verse
thanissaro	snp3.12	snp3.12:16.2	unreviewed-verse
thanissaro	snp3.12	snp3.12:16.3	unreviewed-verse
thanissaro	snp3.12	snp3.12:16.4	unreviewed-verse
thanissaro	snp3.12	snp3.12:16.5	unreviewed-verse
thanissaro	snp3.12	snp3.12:16.6	unreviewed-verse
thanissaro	snp3.12	snp3.12:17.1	unreviewed-verse
thanissaro	snp3.12	snp3.12:17.2	unreviewed-verse
thanissaro	snp3.12	snp3.12:17.3	unreviewed-verse
thanissaro	snp3.12	snp3.12:17.4	unreviewed-verse
thanissaro	snp3.12	snp3.12:19.1	unreviewed-verse
thanissaro	snp3.12	snp3.12:19.2	unreviewed-verse
thanissaro	snp3.12	snp3.12:19.3	unreviewed-verse
thanissaro	snp3.12	snp3.12:19.4	unreviewed-verse
thanissaro	snp3.12	snp3.12:20.1	unreviewed-verse
thanissaro	snp3.12	snp3.12:20.2	unreviewed-verse
thanissaro	snp3.12	snp3.12:20.3	unreviewed-verse
thanissaro	snp3.12	snp3.12:20.4	unreviewed-verse
thanissaro	snp3.12	snp3.12:22.1	unreviewed-verse
thanissaro	snp3.12	snp3.12:22.2	unreviewed-verse
thanissaro	snp3.12	snp3.12:22.3	unreviewed-verse
thanissaro	snp3.12	snp3.12:22.4	unreviewed-verse
thanissaro	snp3.12	snp3.12:23.1	unreviewed-verse
thanissaro	snp3.12	snp3.12:23.2	unreviewed-verse
thanissaro	snp3.12	snp3.12:23.3	unreviewed-verse
thanissaro	snp3.12	snp3.12:23.4	unreviewed-verse
thanissaro	snp3.12	snp3.12:25.1	unreviewed-verse
thanissaro	snp3.12	snp3.12:25.2	unreviewed-verse
thanissaro	snp3.12	snp3.12:25.3	unreviewed-verse
thanissaro	snp3.12	snp3.12:25.4	unreviewed-verse
thanissaro	snp3.12	snp3.12:26.1	unreviewed-verse
thanissaro	snp3.12	snp3.12:26.2	unreviewed-verse
thanissaro	snp3.12	snp3.12:26.3	unreviewed-verse
thanissaro	snp3.12	snp3.12:26.4	unreviewed-verse
thanissaro	snp3.12	snp3.12:26.5	unreviewed-verse
thanissaro	snp3.12	snp3.12:26.6	unreviewed-verse
thanissaro	snp3.12	snp3.12:28.1	unreviewed-verse
thanissaro	snp3.12	snp3.12:28.2	unreviewed-verse
thanissaro	snp3.12	snp3.12:28.3	unreviewed-verse
thanissaro	snp3.12	snp3.12:28.4	unreviewed-verse
thanissaro	snp3.12	snp3.12:29.1	unreviewed-verse
thanissaro	snp3.12	snp3.12:29.2	unreviewed-verse
thanissaro	snp3.12	snp3.12:29.3	unreviewed-verse
thanissaro	snp3.12	snp3.12:29.4	unreviewed-verse
thanissaro	snp3.12	snp3.12:31.1	unreviewed-verse
thanissaro	snp3.12	snp3.12:31.2	unreviewed-verse
thanissaro	snp3.12	snp3.12:31.3	unreviewed-verse
thanissaro	snp3.12	snp3.12:31.4	unreviewed-verse
thanissaro	snp3.12	snp3.12:32.1	unreviewed-verse
thanissaro	snp3.12	snp3.12:32.2	unreviewed-verse
thanissaro	snp3.12	snp3.12:32.3	unreviewed-verse
thanissaro	snp3.12	snp3.12:32.4	unreviewed-verse
thanissaro	snp3.12	snp3.12:34.1	unreviewed-verse
thanissaro	snp3.12	snp3.12:34.2	unreviewed-verse
thanissaro	snp3.12	snp3.12:34.3	unreviewed-verse
thanissaro	snp3.12	snp3.12:34.4	unreviewed-verse
thanissaro	snp3.12	snp3.12:35.1	unreviewed-verse
thanissaro	snp3.12	snp3.12:35.2	unreviewed-verse
thanissaro	snp3.12	snp3.12:35.3	unreviewed-verse
thanissaro	snp3.12	snp3.12:35.4	unreviewed-verse
thanissaro	snp3.12	snp3.12:36.1	unreviewed-verse
thanissaro	snp3.12	snp3.12:36.2	unreviewed-verse
thanissaro	snp3.12	snp3.12:36.3	unreviewed-verse
thanissaro	snp3.12	snp3.12:36.4	unreviewed-verse
thanissaro	snp3.12	snp3.12:38.1	unreviewed-verse
thanissaro	snp3.12	snp3.12:38.2	unreviewed-verse
thanissaro	snp3.12	snp3.12:38.3	unreviewed-verse
thanissaro	snp3.12	snp3.12:38.4	unreviewed-verse
thanissaro	snp3.12	snp3.12:39.1	unreviewed-verse
thanissaro	snp3.12	snp3.12:39.2	unreviewed-verse
thanissaro	snp3.12	snp3.12:39.3	unreviewed-verse
thanissaro	snp3.12	snp3.12:39.4	unreviewed-verse
thanissaro	snp3.12	snp3.12:40.1	unreviewed-verse
thanissaro	snp3.12	snp3.12:40.2	unreviewed-verse
thanissaro	snp3.12	snp3.12:40.3	unreviewed-verse
thanissaro	snp3.12	snp3.12:40.4	unreviewed-verse
thanissaro	snp3.12	snp3.12:42.1	unreviewed-verse
thanissaro	snp3.12	snp3.12:42.2	unreviewed-verse
thanissaro	snp3.12	snp3.12:42.3	unreviewed-verse
thanissaro	snp3.12	snp3.12:42.4	unreviewed-verse
thanissaro	snp3.12	snp3.12:43.1	unreviewed-verse
thanissaro	snp3.12	snp3.12:43.2	unreviewed-verse
thanissaro	snp3.12	snp3.12:43.3	unreviewed-verse
thanissaro	snp3.12	snp3.12:43.4	unreviewed-verse
thanissaro	snp3.12	snp3.12:43.5	unreviewed-verse
thanissaro	snp3.12	snp3.12:43.6	unreviewed-verse
thanissaro	snp3.12	snp3.12:45.1	unreviewed-verse
thanissaro	snp3.12	snp3.12:45.2	unreviewed-verse
thanissaro	snp3.12	snp3.12:45.3	unreviewed-verse
thanissaro	snp3.12	snp3.12:45.4	unreviewed-verse
thanissaro	snp3.12	snp3.12:46.1	unreviewed-verse
thanissaro	snp3.12	snp3.12:46.2	unreviewed-verse
thanissaro	snp3.12	snp3.12:46.3	unreviewed-verse
thanissaro	snp3.12	snp3.12:46.4	unreviewed-verse
thanissaro	snp3.12	snp3.12:48.1	unreviewed-verse
thanissaro	snp3.12	snp3.12:48.2	unreviewed-verse
thanissaro	snp3.12	snp3.12:48.3	unreviewed-verse
thanissaro	snp3.12	snp3.12:48.4	unreviewed-verse
thanissaro	snp3.12	snp3.12:49.1	unreviewed-verse
thanissaro	snp3.12	snp3.12:49.2	unreviewed-verse
thanissaro	snp3.12	snp3.12:49.3	unreviewed-verse
thanissaro	snp3.12	snp3.12:49.4	unreviewed-verse
thanissaro	snp3.12	snp3.12:51.1	unreviewed-verse
thanissaro	snp3.12	snp3.12:51.2	unreviewed-verse
thanissaro	snp3.12	snp3.12:51.3	unreviewed-verse
thanissaro	snp3.12	snp3.12:51.4	unreviewed-verse
thanissaro	snp3.12	snp3.12:52.1	unreviewed-verse
thanissaro	snp3.12	snp3.12:52.2	unreviewed-verse
thanissaro	snp3.12	snp3.12:52.3	unreviewed-verse
thanissaro	snp3.12	snp3.12:52.4	unreviewed-verse
thanissaro	snp3.12	snp3.12:53.1	unreviewed-verse
thanissaro	snp3.12	snp3.12:53.2	unreviewed-verse
thanissaro	snp3.12	snp3.12:53.3	unreviewed-verse
thanissaro	snp3.12	snp3.12:53.4	unreviewed-verse
thanissaro	snp3.12	snp3.12:55.1	unreviewed-verse
thanissaro	snp3.12	snp3.12:55.2	unreviewed-verse
thanissaro	snp3.12	snp3.12:55.3	unreviewed-verse
thanissaro	snp3.12	snp3.12:55.4	unreviewed-verse
thanissaro	snp3.12	snp3.12:56.1	unreviewed-verse
thanissaro	snp3.12	snp3.12:56.2	unreviewed-verse
thanissaro	snp3.12	snp3.12:56.3	unreviewed-verse
thanissaro	snp3.12	snp3.12:56.4	unreviewed-verse
thanissaro	snp3.12	snp3.12:57.1	unreviewed-verse
thanissaro	snp3.12	snp3.12:57.2	unreviewed-verse
thanissaro	snp3.12	snp3.12:57.3	unreviewed-verse
thanissaro	snp3.12	snp3.12:57.4	unreviewed-verse
thanissaro	snp3.12	snp3.12:58.1	unreviewed-verse
thanissaro	snp3.12	snp3.12:58.2	unreviewed-verse
thanissaro	snp3.12	snp3.12:58.3	unreviewed-verse
thanissaro	snp3.12	snp3.12:58.4	unreviewed-verse
thanissaro	snp3.12	snp3.12:59.1	unreviewed-verse
thanissaro	snp3.12	snp3.12:59.2	unreviewed-verse
thanissaro	snp3.12	snp3.12:59.3	unreviewed-verse
thanissaro	snp3.12	snp3.12:59.4	unreviewed-verse
thanissaro	snp3.12	snp3.12:60.1	unreviewed-verse
thanissaro	snp3.12	snp3.12:60.2	unreviewed-verse
thanissaro	snp3.12	snp3.12:60.3	unreviewed-verse
thanissaro	snp3.12	snp3.12:60.4	unreviewed-verse
thanissaro	snp3.12	snp3.12:61.1	unreviewed-verse
thanissaro	snp3.12	snp3.12:61.2	unreviewed-verse
thanissaro	snp3.12	snp3.12:61.3	unreviewed-verse
thanissaro	snp3.12	snp3.12:61.4	unreviewed-verse
thanissaro	snp3.12	snp3.12:62.1	unreviewed-verse
thanissaro	snp3.12	snp3.12:62.2	unreviewed-verse
thanissaro	snp3.12	snp3.12:62.3	unreviewed-verse
thanissaro	snp3.12	snp3.12:62.4	unreviewed-verse
thanissaro	snp3.1	snp3.1:1.1	unreviewed-verse
thanissaro	snp3.1	snp3.1:1.2	unreviewed-verse
thanissaro	snp3.1	snp3.1:1.3	unreviewed-verse
thanissaro	snp3.1	snp3.1:1.4	unreviewed-verse
thanissaro	snp3.1	snp3.1:2.1	unreviewed-verse
thanissaro	snp3.1	snp3.1:2.2	unreviewed-verse
thanissaro	snp3.1	snp3.1:2.3	unreviewed-verse
thanissaro	snp3.1	snp3.1:2.4	unreviewed-verse
thanissaro	snp3.1	snp3.1:3.1	unreviewed-verse
thanissaro	snp3.1	snp3.1:3.2	unreviewed-verse
thanissaro	snp3.1	snp3.1:3.3	unreviewed-verse
thanissaro	snp3.1	snp3.1:3.4	unreviewed-verse
thanissaro	snp3.1	snp3.1:4.1	unreviewed-verse
thanissaro	snp3.1	snp3.1:4.2	unreviewed-verse
thanissaro	snp3.1	snp3.1:4.3	unreviewed-verse
thanissaro	snp3.1	snp3.1:4.4	unreviewed-verse
thanissaro	snp3.1	snp3.1:5.1	unreviewed-verse
thanissaro	snp3.1	snp3.1:5.2	unreviewed-verse
thanissaro	snp3.1	snp3.1:5.3	unreviewed-verse
thanissaro	snp3.1	snp3.1:5.4	unreviewed-verse
thanissaro	snp3.1	snp3.1:6.1	unreviewed-verse
thanissaro	snp3.1	snp3.1:6.2	unreviewed-verse
thanissaro	snp3.1	snp3.1:6.3	unreviewed-verse
thanissaro	snp3.1	snp3.1:6.4	unreviewed-verse
thanissaro	snp3.1	snp3.1:7.1	unreviewed-verse
thanissaro	snp3.1	snp3.1:7.2	unreviewed-verse
thanissaro	snp3.1	snp3.1:7.3	unreviewed-verse
thanissaro	snp3.1	snp3.1:7.4	unreviewed-verse
thanissaro	snp3.1	snp3.1:8.1	unreviewed-verse
thanissaro	snp3.1	snp3.1:8.2	unreviewed-verse
thanissaro	snp3.1	snp3.1:8.3	unreviewed-verse
thanissaro	snp3.1	snp3.1:8.4	unreviewed-verse
thanissaro	snp3.1	snp3.1:9.1	unreviewed-verse
thanissaro	snp3.1	snp3.1:9.2	unreviewed-verse
thanissaro	snp3.1	snp3.1:9.3	unreviewed-verse
thanissaro	snp3.1	snp3.1:9.4	unreviewed-verse
thanissaro	snp3.1	snp3.1:10.1	unreviewed-verse
thanissaro	snp3.1	snp3.1:10.2	unreviewed-verse
thanissaro	snp3.1	snp3.1:10.3	unreviewed-verse
thanissaro	snp3.1	snp3.1:10.4	unreviewed-verse
thanissaro	snp3.1	snp3.1:11.1	unreviewed-verse
thanissaro	snp3.1	snp3.1:11.2	unreviewed-verse
thanissaro	snp3.1	snp3.1:11.3	unreviewed-verse
thanissaro	snp3.1	snp3.1:11.4	unreviewed-verse
thanissaro	snp3.1	snp3.1:12.1	unreviewed-verse
thanissaro	snp3.1	snp3.1:12.2	unreviewed-verse
thanissaro	snp3.1	snp3.1:12.3	unreviewed-verse
thanissaro	snp3.1	snp3.1:12.4	unreviewed-verse
thanissaro	snp3.1	snp3.1:13.1	unreviewed-verse
thanissaro	snp3.1	snp3.1:13.2	unreviewed-verse
thanissaro	snp3.1	snp3.1:13.3	unreviewed-verse
thanissaro	snp3.1	snp3.1:13.4	unreviewed-verse
thanissaro	snp3.1	snp3.1:14.1	unreviewed-verse
thanissaro	snp3.1	snp3.1:14.2	unreviewed-verse
thanissaro	snp3.1	snp3.1:14.3	unreviewed-verse
thanissaro	snp3.1	snp3.1:14.4	unreviewed-verse
thanissaro	snp3.1	snp3.1:15.1	unreviewed-verse
thanissaro	snp3.1	snp3.1:15.2	unreviewed-verse
thanissaro	snp3.1	snp3.1:15.3	unreviewed-verse
thanissaro	snp3.1	snp3.1:15.4	unreviewed-verse
thanissaro	snp3.1	snp3.1:16.1	unreviewed-verse
thanissaro	snp3.1	snp3.1:16.2	unreviewed-verse
thanissaro	snp3.1	snp3.1:16.3	unreviewed-verse
thanissaro	snp3.1	snp3.1:16.4	unreviewed-verse
thanissaro	snp3.1	snp3.1:17.1	unreviewed-verse
thanissaro	snp3.1	snp3.1:17.2	unreviewed-verse
thanissaro	snp3.1	snp3.1:17.3	unreviewed-verse
thanissaro	snp3.1	snp3.1:17.4	unreviewed-verse
thanissaro	snp3.1	snp3.1:18.1	unreviewed-verse
thanissaro	snp3.1	snp3.1:18.2	unreviewed-verse,pending-recovered-candidate
thanissaro	snp3.1	snp3.1:18.3	unreviewed-verse,pending-recovered-candidate
thanissaro	snp3.1	snp3.1:18.4	unreviewed-verse
thanissaro	snp3.1	snp3.1:19.1	unreviewed-verse
thanissaro	snp3.1	snp3.1:19.2	unreviewed-verse
thanissaro	snp3.1	snp3.1:19.3	unreviewed-verse
thanissaro	snp3.1	snp3.1:19.4	unreviewed-verse
thanissaro	snp3.1	snp3.1:20.1	unreviewed-verse
thanissaro	snp3.1	snp3.1:20.2	unreviewed-verse
thanissaro	snp3.1	snp3.1:20.3	unreviewed-verse
thanissaro	snp3.1	snp3.1:20.4	unreviewed-verse
thanissaro	snp3.2	snp3.2:1.1	unreviewed-verse
thanissaro	snp3.2	snp3.2:1.2	unreviewed-verse
thanissaro	snp3.2	snp3.2:1.3	unreviewed-verse
thanissaro	snp3.2	snp3.2:1.4	unreviewed-verse
thanissaro	snp3.2	snp3.2:2.1	unreviewed-verse
thanissaro	snp3.2	snp3.2:2.2	unreviewed-verse
thanissaro	snp3.2	snp3.2:2.3	unreviewed-verse
thanissaro	snp3.2	snp3.2:2.4	unreviewed-verse
thanissaro	snp3.2	snp3.2:3.1	unreviewed-verse
thanissaro	snp3.2	snp3.2:3.2	unreviewed-verse
thanissaro	snp3.2	snp3.2:3.3	unreviewed-verse
thanissaro	snp3.2	snp3.2:3.4	unreviewed-verse
thanissaro	snp3.2	snp3.2:4.1	unreviewed-verse
thanissaro	snp3.2	snp3.2:4.2	unreviewed-verse
thanissaro	snp3.2	snp3.2:4.3	unreviewed-verse
thanissaro	snp3.2	snp3.2:4.4	unreviewed-verse
thanissaro	snp3.2	snp3.2:5.1	unreviewed-verse
thanissaro	snp3.2	snp3.2:5.2	unreviewed-verse
thanissaro	snp3.2	snp3.2:5.3	unreviewed-verse
thanissaro	snp3.2	snp3.2:5.4	unreviewed-verse
thanissaro	snp3.2	snp3.2:6.1	unreviewed-verse
thanissaro	snp3.2	snp3.2:6.2	unreviewed-verse
thanissaro	snp3.2	snp3.2:6.3	unreviewed-verse
thanissaro	snp3.2	snp3.2:6.4	unreviewed-verse
thanissaro	snp3.2	snp3.2:7.1	unreviewed-verse
thanissaro	snp3.2	snp3.2:7.2	unreviewed-verse
thanissaro	snp3.2	snp3.2:7.3	unreviewed-verse
thanissaro	snp3.2	snp3.2:7.4	unreviewed-verse
thanissaro	snp3.2	snp3.2:8.1	unreviewed-verse
thanissaro	snp3.2	snp3.2:8.2	unreviewed-verse
thanissaro	snp3.2	snp3.2:8.3	unreviewed-verse
thanissaro	snp3.2	snp3.2:8.4	unreviewed-verse
thanissaro	snp3.2	snp3.2:9.1	unreviewed-verse
thanissaro	snp3.2	snp3.2:9.2	unreviewed-verse
thanissaro	snp3.2	snp3.2:9.3	unreviewed-verse
thanissaro	snp3.2	snp3.2:9.4	unreviewed-verse
thanissaro	snp3.2	snp3.2:10.1	unreviewed-verse
thanissaro	snp3.2	snp3.2:10.2	unreviewed-verse
thanissaro	snp3.2	snp3.2:10.3	unreviewed-verse
thanissaro	snp3.2	snp3.2:10.4	unreviewed-verse
thanissaro	snp3.2	snp3.2:10.5	unreviewed-verse
thanissaro	snp3.2	snp3.2:10.6	unreviewed-verse
thanissaro	snp3.2	snp3.2:11.1	unreviewed-verse
thanissaro	snp3.2	snp3.2:11.2	unreviewed-verse
thanissaro	snp3.2	snp3.2:11.3	unreviewed-verse
thanissaro	snp3.2	snp3.2:11.4	unreviewed-verse
thanissaro	snp3.2	snp3.2:12.1	unreviewed-verse
thanissaro	snp3.2	snp3.2:12.2	unreviewed-verse
thanissaro	snp3.2	snp3.2:12.3	unreviewed-verse
thanissaro	snp3.2	snp3.2:12.4	unreviewed-verse
thanissaro	snp3.2	snp3.2:13.1	unreviewed-verse
thanissaro	snp3.2	snp3.2:13.2	unreviewed-verse
thanissaro	snp3.2	snp3.2:13.3	unreviewed-verse
thanissaro	snp3.2	snp3.2:13.4	unreviewed-verse
thanissaro	snp3.2	snp3.2:14.1	unreviewed-verse
thanissaro	snp3.2	snp3.2:14.2	unreviewed-verse
thanissaro	snp3.2	snp3.2:14.3	unreviewed-verse
thanissaro	snp3.2	snp3.2:14.4	unreviewed-verse
thanissaro	snp3.2	snp3.2:15.1	unreviewed-verse
thanissaro	snp3.2	snp3.2:15.2	unreviewed-verse
thanissaro	snp3.2	snp3.2:15.3	unreviewed-verse
thanissaro	snp3.2	snp3.2:15.4	unreviewed-verse
thanissaro	snp3.2	snp3.2:16.1	unreviewed-verse
thanissaro	snp3.2	snp3.2:16.2	unreviewed-verse
thanissaro	snp3.2	snp3.2:16.3	unreviewed-verse
thanissaro	snp3.2	snp3.2:16.4	unreviewed-verse
thanissaro	snp3.2	snp3.2:17.1	unreviewed-verse
thanissaro	snp3.2	snp3.2:17.2	unreviewed-verse
thanissaro	snp3.2	snp3.2:17.3	unreviewed-verse
thanissaro	snp3.2	snp3.2:17.4	unreviewed-verse
thanissaro	snp3.2	snp3.2:18.1	unreviewed-verse
thanissaro	snp3.2	snp3.2:18.2	unreviewed-verse
thanissaro	snp3.2	snp3.2:18.3	unreviewed-verse
thanissaro	snp3.2	snp3.2:18.4	unreviewed-verse
thanissaro	snp3.2	snp3.2:19.1	unreviewed-verse
thanissaro	snp3.2	snp3.2:19.2	unreviewed-verse
thanissaro	snp3.2	snp3.2:19.3	unreviewed-verse
thanissaro	snp3.2	snp3.2:19.4	unreviewed-verse
thanissaro	snp3.2	snp3.2:20.1	unreviewed-verse
thanissaro	snp3.2	snp3.2:20.2	unreviewed-verse
thanissaro	snp3.2	snp3.2:20.3	unreviewed-verse
thanissaro	snp3.2	snp3.2:20.4	unreviewed-verse
thanissaro	snp3.2	snp3.2:21.1	unreviewed-verse
thanissaro	snp3.2	snp3.2:21.2	unreviewed-verse
thanissaro	snp3.2	snp3.2:21.3	unreviewed-verse
thanissaro	snp3.2	snp3.2:21.4	unreviewed-verse
thanissaro	snp3.2	snp3.2:22.1	unreviewed-verse
thanissaro	snp3.2	snp3.2:22.2	unreviewed-verse
thanissaro	snp3.2	snp3.2:22.3	unreviewed-verse
thanissaro	snp3.2	snp3.2:22.4	unreviewed-verse
thanissaro	snp3.2	snp3.2:23.1	unreviewed-verse
thanissaro	snp3.2	snp3.2:23.2	unreviewed-verse
thanissaro	snp3.2	snp3.2:23.3	unreviewed-verse
thanissaro	snp3.2	snp3.2:23.4	unreviewed-verse
thanissaro	snp3.2	snp3.2:24.1	unreviewed-verse
thanissaro	snp3.2	snp3.2:24.2	unreviewed-verse
thanissaro	snp3.2	snp3.2:24.3	unreviewed-verse
thanissaro	snp3.2	snp3.2:24.4	unreviewed-verse
thanissaro	snp3.2	snp3.2:25.1	unreviewed-verse
thanissaro	snp3.2	snp3.2:25.2	unreviewed-verse
thanissaro	snp3.2	snp3.2:25.3	unreviewed-verse
thanissaro	snp3.2	snp3.2:25.4	unreviewed-verse
thanissaro	snp3.3	snp3.3:3.1	unreviewed-verse
thanissaro	snp3.3	snp3.3:3.2	unreviewed-verse
thanissaro	snp3.3	snp3.3:3.3	unreviewed-verse
thanissaro	snp3.3	snp3.3:3.4	unreviewed-verse
thanissaro	snp3.3	snp3.3:5.1	unreviewed-verse
thanissaro	snp3.3	snp3.3:5.2	unreviewed-verse
thanissaro	snp3.3	snp3.3:5.3	unreviewed-verse
thanissaro	snp3.3	snp3.3:5.4	unreviewed-verse
thanissaro	snp3.3	snp3.3:6.1	unreviewed-verse
thanissaro	snp3.3	snp3.3:6.2	unreviewed-verse
thanissaro	snp3.3	snp3.3:6.3	unreviewed-verse
thanissaro	snp3.3	snp3.3:6.4	unreviewed-verse
thanissaro	snp3.3	snp3.3:7.1	unreviewed-verse
thanissaro	snp3.3	snp3.3:7.2	unreviewed-verse
thanissaro	snp3.3	snp3.3:7.3	unreviewed-verse
thanissaro	snp3.3	snp3.3:7.4	unreviewed-verse
thanissaro	snp3.3	snp3.3:8.1	unreviewed-verse
thanissaro	snp3.3	snp3.3:8.2	unreviewed-verse
thanissaro	snp3.3	snp3.3:8.3	unreviewed-verse
thanissaro	snp3.3	snp3.3:8.4	unreviewed-verse
thanissaro	snp3.4	snp3.4:4.1	unreviewed-verse
thanissaro	snp3.4	snp3.4:4.2	unreviewed-verse
thanissaro	snp3.4	snp3.4:4.3	unreviewed-verse
thanissaro	snp3.4	snp3.4:4.4	unreviewed-verse
thanissaro	snp3.4	snp3.4:5.1	unreviewed-verse
thanissaro	snp3.4	snp3.4:5.2	unreviewed-verse
thanissaro	snp3.4	snp3.4:5.3	unreviewed-verse
thanissaro	snp3.4	snp3.4:5.4	unreviewed-verse
thanissaro	snp3.4	snp3.4:6.1	unreviewed-verse
thanissaro	snp3.4	snp3.4:6.2	unreviewed-verse
thanissaro	snp3.4	snp3.4:7.1	unreviewed-verse
thanissaro	snp3.4	snp3.4:7.2	unreviewed-verse
thanissaro	snp3.4	snp3.4:7.3	unreviewed-verse
thanissaro	snp3.4	snp3.4:7.4	unreviewed-verse
thanissaro	snp3.4	snp3.4:8.1	unreviewed-verse
thanissaro	snp3.4	snp3.4:8.2	unreviewed-verse
thanissaro	snp3.4	snp3.4:8.3	unreviewed-verse
thanissaro	snp3.4	snp3.4:9.1	unreviewed-verse
thanissaro	snp3.4	snp3.4:9.2	unreviewed-verse
thanissaro	snp3.4	snp3.4:10.1	unreviewed-verse
thanissaro	snp3.4	snp3.4:10.3	unreviewed-verse
thanissaro	snp3.4	snp3.4:10.4	unreviewed-verse
thanissaro	snp3.4	snp3.4:10.5	unreviewed-verse
thanissaro	snp3.4	snp3.4:11.1	unreviewed-verse
thanissaro	snp3.4	snp3.4:11.2	unreviewed-verse
thanissaro	snp3.4	snp3.4:11.3	unreviewed-verse
thanissaro	snp3.4	snp3.4:11.4	unreviewed-verse
thanissaro	snp3.4	snp3.4:12.1	unreviewed-verse
thanissaro	snp3.4	snp3.4:12.2	unreviewed-verse
thanissaro	snp3.4	snp3.4:12.3	unreviewed-verse
thanissaro	snp3.4	snp3.4:12.4	unreviewed-verse
thanissaro	snp3.4	snp3.4:14.1	unreviewed-verse
thanissaro	snp3.4	snp3.4:14.2	unreviewed-verse
thanissaro	snp3.4	snp3.4:14.3	unreviewed-verse
thanissaro	snp3.4	snp3.4:14.4	unreviewed-verse
thanissaro	snp3.4	snp3.4:15.1	unreviewed-verse
thanissaro	snp3.4	snp3.4:15.2	unreviewed-verse
thanissaro	snp3.4	snp3.4:15.3	unreviewed-verse
thanissaro	snp3.4	snp3.4:15.4	unreviewed-verse
thanissaro	snp3.4	snp3.4:16.1	unreviewed-verse
thanissaro	snp3.4	snp3.4:16.2	unreviewed-verse
thanissaro	snp3.4	snp3.4:16.3	unreviewed-verse
thanissaro	snp3.4	snp3.4:16.4	unreviewed-verse
thanissaro	snp3.4	snp3.4:17.1	unreviewed-verse
thanissaro	snp3.4	snp3.4:17.2	unreviewed-verse
thanissaro	snp3.4	snp3.4:17.3	unreviewed-verse
thanissaro	snp3.4	snp3.4:17.4	unreviewed-verse
thanissaro	snp3.4	snp3.4:18.1	unreviewed-verse
thanissaro	snp3.4	snp3.4:18.2	unreviewed-verse
thanissaro	snp3.4	snp3.4:18.3	unreviewed-verse
thanissaro	snp3.4	snp3.4:18.4	unreviewed-verse
thanissaro	snp3.4	snp3.4:19.1	unreviewed-verse
thanissaro	snp3.4	snp3.4:19.2	unreviewed-verse
thanissaro	snp3.4	snp3.4:19.3	unreviewed-verse
thanissaro	snp3.4	snp3.4:19.4	unreviewed-verse
thanissaro	snp3.4	snp3.4:20.1	unreviewed-verse
thanissaro	snp3.4	snp3.4:20.2	unreviewed-verse
thanissaro	snp3.4	snp3.4:20.3	unreviewed-verse
thanissaro	snp3.4	snp3.4:20.4	unreviewed-verse
thanissaro	snp3.4	snp3.4:21.1	unreviewed-verse
thanissaro	snp3.4	snp3.4:21.2	unreviewed-verse
thanissaro	snp3.4	snp3.4:21.3	unreviewed-verse
thanissaro	snp3.4	snp3.4:21.4	unreviewed-verse
thanissaro	snp3.4	snp3.4:21.5	unreviewed-verse
thanissaro	snp3.4	snp3.4:22.1	unreviewed-verse
thanissaro	snp3.4	snp3.4:22.2	unreviewed-verse
thanissaro	snp3.4	snp3.4:22.3	unreviewed-verse
thanissaro	snp3.4	snp3.4:22.4	unreviewed-verse
thanissaro	snp3.4	snp3.4:23.1	unreviewed-verse
thanissaro	snp3.4	snp3.4:23.2	unreviewed-verse
thanissaro	snp3.4	snp3.4:23.3	unreviewed-verse
thanissaro	snp3.4	snp3.4:23.4	unreviewed-verse
thanissaro	snp3.4	snp3.4:24.1	unreviewed-verse
thanissaro	snp3.4	snp3.4:24.2	unreviewed-verse
thanissaro	snp3.4	snp3.4:24.3	unreviewed-verse
thanissaro	snp3.4	snp3.4:24.4	unreviewed-verse
thanissaro	snp3.4	snp3.4:25.1	unreviewed-verse
thanissaro	snp3.4	snp3.4:25.2	unreviewed-verse
thanissaro	snp3.4	snp3.4:25.3	unreviewed-verse
thanissaro	snp3.4	snp3.4:25.4	unreviewed-verse
thanissaro	snp3.4	snp3.4:26.1	unreviewed-verse
thanissaro	snp3.4	snp3.4:26.2	unreviewed-verse
thanissaro	snp3.4	snp3.4:26.3	unreviewed-verse
thanissaro	snp3.4	snp3.4:26.4	unreviewed-verse
thanissaro	snp3.4	snp3.4:27.1	unreviewed-verse
thanissaro	snp3.4	snp3.4:27.2	unreviewed-verse
thanissaro	snp3.4	snp3.4:27.3	unreviewed-verse
thanissaro	snp3.4	snp3.4:27.4	unreviewed-verse
thanissaro	snp3.4	snp3.4:28.1	unreviewed-verse
thanissaro	snp3.4	snp3.4:28.2	unreviewed-verse
thanissaro	snp3.4	snp3.4:28.3	unreviewed-verse
thanissaro	snp3.4	snp3.4:28.4	unreviewed-verse
thanissaro	snp3.4	snp3.4:29.1	unreviewed-verse
thanissaro	snp3.4	snp3.4:29.2	unreviewed-verse
thanissaro	snp3.4	snp3.4:29.3	unreviewed-verse
thanissaro	snp3.4	snp3.4:29.4	unreviewed-verse
thanissaro	snp3.4	snp3.4:30.1	unreviewed-verse
thanissaro	snp3.4	snp3.4:30.2	unreviewed-verse
thanissaro	snp3.4	snp3.4:30.3	unreviewed-verse
thanissaro	snp3.4	snp3.4:30.4	unreviewed-verse
thanissaro	snp3.4	snp3.4:30.5	unreviewed-verse
thanissaro	snp3.4	snp3.4:30.6	unreviewed-verse
thanissaro	snp3.4	snp3.4:31.1	unreviewed-verse
thanissaro	snp3.4	snp3.4:31.2	unreviewed-verse
thanissaro	snp3.4	snp3.4:31.3	unreviewed-verse
thanissaro	snp3.4	snp3.4:31.4	unreviewed-verse
thanissaro	snp3.4	snp3.4:32.1	unreviewed-verse
thanissaro	snp3.4	snp3.4:32.2	unreviewed-verse
thanissaro	snp3.4	snp3.4:32.3	unreviewed-verse
thanissaro	snp3.4	snp3.4:32.4	unreviewed-verse
thanissaro	snp3.4	snp3.4:33.1	unreviewed-verse
thanissaro	snp3.4	snp3.4:33.2	unreviewed-verse
thanissaro	snp3.4	snp3.4:33.3	unreviewed-verse
thanissaro	snp3.4	snp3.4:33.4	unreviewed-verse
thanissaro	snp3.4	snp3.4:34.1	unreviewed-verse
thanissaro	snp3.4	snp3.4:34.2	unreviewed-verse
thanissaro	snp3.4	snp3.4:34.3	unreviewed-verse
thanissaro	snp3.4	snp3.4:34.4	unreviewed-verse
thanissaro	snp3.4	snp3.4:35.1	unreviewed-verse
thanissaro	snp3.4	snp3.4:35.2	unreviewed-verse
thanissaro	snp3.4	snp3.4:35.3	unreviewed-verse
thanissaro	snp3.4	snp3.4:35.4	unreviewed-verse
thanissaro	snp3.4	snp3.4:36.1	unreviewed-verse
thanissaro	snp3.4	snp3.4:36.2	unreviewed-verse
thanissaro	snp3.4	snp3.4:36.3	unreviewed-verse
thanissaro	snp3.4	snp3.4:36.4	unreviewed-verse
thanissaro	snp3.4	snp3.4:37.1	unreviewed-verse
thanissaro	snp3.4	snp3.4:37.2	unreviewed-verse
thanissaro	snp3.4	snp3.4:37.3	unreviewed-verse
thanissaro	snp3.4	snp3.4:37.4	unreviewed-verse
thanissaro	snp3.4	snp3.4:38.1	unreviewed-verse
thanissaro	snp3.4	snp3.4:38.2	unreviewed-verse
thanissaro	snp3.4	snp3.4:38.3	unreviewed-verse
thanissaro	snp3.4	snp3.4:38.4	unreviewed-verse
thanissaro	snp3.5	snp3.5:4.1	unreviewed-verse
thanissaro	snp3.5	snp3.5:4.3	unreviewed-verse
thanissaro	snp3.5	snp3.5:4.4	unreviewed-verse
thanissaro	snp3.5	snp3.5:4.5	unreviewed-verse
thanissaro	snp3.5	snp3.5:4.6	unreviewed-verse
thanissaro	snp3.5	snp3.5:4.7	unreviewed-verse
thanissaro	snp3.5	snp3.5:5.1	unreviewed-verse
thanissaro	snp3.5	snp3.5:5.3	unreviewed-verse
thanissaro	snp3.5	snp3.5:5.4	unreviewed-verse
thanissaro	snp3.5	snp3.5:5.5	unreviewed-verse
thanissaro	snp3.5	snp3.5:6.1	unreviewed-verse
thanissaro	snp3.5	snp3.5:6.3	unreviewed-verse
thanissaro	snp3.5	snp3.5:6.4	unreviewed-verse
thanissaro	snp3.5	snp3.5:6.5	unreviewed-verse
thanissaro	snp3.5	snp3.5:7.1	unreviewed-verse
thanissaro	snp3.5	snp3.5:7.2	unreviewed-verse
thanissaro	snp3.5	snp3.5:8.1	unreviewed-verse
thanissaro	snp3.5	snp3.5:8.2	unreviewed-verse
thanissaro	snp3.5	snp3.5:9.1	unreviewed-verse
thanissaro	snp3.5	snp3.5:9.2	unreviewed-verse
thanissaro	snp3.5	snp3.5:9.3	unreviewed-verse
thanissaro	snp3.5	snp3.5:9.4	unreviewed-verse
thanissaro	snp3.5	snp3.5:10.1	unreviewed-verse
thanissaro	snp3.5	snp3.5:10.2	unreviewed-verse
thanissaro	snp3.5	snp3.5:10.3	unreviewed-verse
thanissaro	snp3.5	snp3.5:10.4	unreviewed-verse
thanissaro	snp3.5	snp3.5:11.1	unreviewed-verse
thanissaro	snp3.5	snp3.5:11.2	unreviewed-verse
thanissaro	snp3.5	snp3.5:11.3	unreviewed-verse
thanissaro	snp3.5	snp3.5:11.4	unreviewed-verse
thanissaro	snp3.5	snp3.5:12.1	unreviewed-verse
thanissaro	snp3.5	snp3.5:12.2	unreviewed-verse
thanissaro	snp3.5	snp3.5:12.3	unreviewed-verse
thanissaro	snp3.5	snp3.5:12.4	unreviewed-verse
thanissaro	snp3.5	snp3.5:13.1	unreviewed-verse
thanissaro	snp3.5	snp3.5:13.2	unreviewed-verse
thanissaro	snp3.5	snp3.5:13.3	unreviewed-verse
thanissaro	snp3.5	snp3.5:13.4	unreviewed-verse
thanissaro	snp3.5	snp3.5:14.1	unreviewed-verse
thanissaro	snp3.5	snp3.5:14.2	unreviewed-verse
thanissaro	snp3.5	snp3.5:14.3	unreviewed-verse
thanissaro	snp3.5	snp3.5:14.4	unreviewed-verse
thanissaro	snp3.5	snp3.5:15.1	unreviewed-verse
thanissaro	snp3.5	snp3.5:15.2	unreviewed-verse
thanissaro	snp3.5	snp3.5:15.3	unreviewed-verse
thanissaro	snp3.5	snp3.5:15.4	unreviewed-verse
thanissaro	snp3.5	snp3.5:16.1	unreviewed-verse
thanissaro	snp3.5	snp3.5:16.2	unreviewed-verse
thanissaro	snp3.5	snp3.5:16.3	unreviewed-verse
thanissaro	snp3.5	snp3.5:16.4	unreviewed-verse
thanissaro	snp3.5	snp3.5:17.1	unreviewed-verse
thanissaro	snp3.5	snp3.5:17.2	unreviewed-verse
thanissaro	snp3.5	snp3.5:17.3	unreviewed-verse
thanissaro	snp3.5	snp3.5:17.4	unreviewed-verse
thanissaro	snp3.5	snp3.5:18.1	unreviewed-verse
thanissaro	snp3.5	snp3.5:18.2	unreviewed-verse
thanissaro	snp3.5	snp3.5:18.3	unreviewed-verse
thanissaro	snp3.5	snp3.5:18.4	unreviewed-verse
thanissaro	snp3.5	snp3.5:19.1	unreviewed-verse
thanissaro	snp3.5	snp3.5:19.2	unreviewed-verse
thanissaro	snp3.5	snp3.5:19.3	unreviewed-verse
thanissaro	snp3.5	snp3.5:19.4	unreviewed-verse
thanissaro	snp3.5	snp3.5:20.1	unreviewed-verse
thanissaro	snp3.5	snp3.5:20.2	unreviewed-verse
thanissaro	snp3.5	snp3.5:20.3	unreviewed-verse
thanissaro	snp3.5	snp3.5:20.4	unreviewed-verse
thanissaro	snp3.5	snp3.5:21.1	unreviewed-verse
thanissaro	snp3.5	snp3.5:21.2	unreviewed-verse
thanissaro	snp3.5	snp3.5:22.1	unreviewed-verse
thanissaro	snp3.5	snp3.5:22.3	unreviewed-verse
thanissaro	snp3.5	snp3.5:22.4	unreviewed-verse
thanissaro	snp3.5	snp3.5:22.5	unreviewed-verse
thanissaro	snp3.5	snp3.5:23.1	unreviewed-verse
thanissaro	snp3.5	snp3.5:23.2	unreviewed-verse
thanissaro	snp3.5	snp3.5:23.3	unreviewed-verse
thanissaro	snp3.5	snp3.5:23.4	unreviewed-verse
thanissaro	snp3.5	snp3.5:24.1	unreviewed-verse
thanissaro	snp3.5	snp3.5:24.3	unreviewed-verse
thanissaro	snp3.5	snp3.5:24.4	unreviewed-verse
thanissaro	snp3.5	snp3.5:24.5	unreviewed-verse
thanissaro	snp3.5	snp3.5:25.1	unreviewed-verse
thanissaro	snp3.5	snp3.5:25.2	unreviewed-verse
thanissaro	snp3.5	snp3.5:25.3	unreviewed-verse
thanissaro	snp3.5	snp3.5:25.4	unreviewed-verse
thanissaro	snp3.5	snp3.5:26.1	unreviewed-verse
thanissaro	snp3.5	snp3.5:26.2	unreviewed-verse
thanissaro	snp3.5	snp3.5:26.3	unreviewed-verse
thanissaro	snp3.5	snp3.5:26.4	unreviewed-verse
thanissaro	snp3.5	snp3.5:26.5	unreviewed-verse
thanissaro	snp3.5	snp3.5:26.6	unreviewed-verse
thanissaro	snp3.5	snp3.5:27.1	unreviewed-verse
thanissaro	snp3.5	snp3.5:27.3	unreviewed-verse
thanissaro	snp3.5	snp3.5:27.4	unreviewed-verse
thanissaro	snp3.5	snp3.5:27.5	unreviewed-verse
thanissaro	snp3.6	snp3.6:8.1	unreviewed-verse
thanissaro	snp3.6	snp3.6:8.3	unreviewed-verse
thanissaro	snp3.6	snp3.6:8.4	unreviewed-verse
thanissaro	snp3.6	snp3.6:8.5	unreviewed-verse
thanissaro	snp3.6	snp3.6:9.1	unreviewed-verse
thanissaro	snp3.6	snp3.6:9.3	unreviewed-verse
thanissaro	snp3.6	snp3.6:9.4	unreviewed-verse
thanissaro	snp3.6	snp3.6:9.5	unreviewed-verse
thanissaro	snp3.6	snp3.6:10.1	unreviewed-verse
thanissaro	snp3.6	snp3.6:10.2	unreviewed-verse
thanissaro	snp3.6	snp3.6:10.3	unreviewed-verse
thanissaro	snp3.6	snp3.6:10.4	unreviewed-verse
thanissaro	snp3.6	snp3.6:12.1	unreviewed-verse
thanissaro	snp3.6	snp3.6:12.3	unreviewed-verse
thanissaro	snp3.6	snp3.6:12.4	unreviewed-verse
thanissaro	snp3.6	snp3.6:12.5	unreviewed-verse
thanissaro	snp3.6	snp3.6:13.1	unreviewed-verse
thanissaro	snp3.6	snp3.6:13.3	unreviewed-verse
thanissaro	snp3.6	snp3.6:13.4	unreviewed-verse
thanissaro	snp3.6	snp3.6:13.5	unreviewed-verse
thanissaro	snp3.6	snp3.6:14.1	unreviewed-verse
thanissaro	snp3.6	snp3.6:14.2	unreviewed-verse
thanissaro	snp3.6	snp3.6:14.3	unreviewed-verse
thanissaro	snp3.6	snp3.6:14.4	unreviewed-verse
thanissaro	snp3.6	snp3.6:15.1	unreviewed-verse
thanissaro	snp3.6	snp3.6:15.2	unreviewed-verse
thanissaro	snp3.6	snp3.6:15.3	unreviewed-verse
thanissaro	snp3.6	snp3.6:15.4	unreviewed-verse
thanissaro	snp3.6	snp3.6:16.1	unreviewed-verse
thanissaro	snp3.6	snp3.6:16.2	unreviewed-verse
thanissaro	snp3.6	snp3.6:16.3	unreviewed-verse
thanissaro	snp3.6	snp3.6:16.4	unreviewed-verse
thanissaro	snp3.6	snp3.6:18.1	unreviewed-verse
thanissaro	snp3.6	snp3.6:18.3	unreviewed-verse
thanissaro	snp3.6	snp3.6:18.4	unreviewed-verse
thanissaro	snp3.6	snp3.6:18.5	unreviewed-verse
thanissaro	snp3.6	snp3.6:19.1	unreviewed-verse
thanissaro	snp3.6	snp3.6:19.3	unreviewed-verse
thanissaro	snp3.6	snp3.6:19.4	unreviewed-verse
thanissaro	snp3.6	snp3.6:19.5	unreviewed-verse
thanissaro	snp3.6	snp3.6:20.1	unreviewed-verse
thanissaro	snp3.6	snp3.6:20.2	unreviewed-verse
thanissaro	snp3.6	snp3.6:20.3	unreviewed-verse
thanissaro	snp3.6	snp3.6:20.4	unreviewed-verse
thanissaro	snp3.6	snp3.6:21.1	unreviewed-verse
thanissaro	snp3.6	snp3.6:21.2	unreviewed-verse
thanissaro	snp3.6	snp3.6:21.3	unreviewed-verse
thanissaro	snp3.6	snp3.6:21.4	unreviewed-verse
thanissaro	snp3.6	snp3.6:22.1	unreviewed-verse
thanissaro	snp3.6	snp3.6:22.2	unreviewed-verse
thanissaro	snp3.6	snp3.6:22.3	unreviewed-verse
thanissaro	snp3.6	snp3.6:22.4	unreviewed-verse
thanissaro	snp3.6	snp3.6:24.1	unreviewed-verse
thanissaro	snp3.6	snp3.6:24.3	unreviewed-verse
thanissaro	snp3.6	snp3.6:24.4	unreviewed-verse
thanissaro	snp3.6	snp3.6:24.5	unreviewed-verse
thanissaro	snp3.6	snp3.6:25.1	unreviewed-verse
thanissaro	snp3.6	snp3.6:25.3	unreviewed-verse
thanissaro	snp3.6	snp3.6:25.4	unreviewed-verse
thanissaro	snp3.6	snp3.6:25.5	unreviewed-verse
thanissaro	snp3.6	snp3.6:26.1	unreviewed-verse
thanissaro	snp3.6	snp3.6:26.2	unreviewed-verse
thanissaro	snp3.6	snp3.6:26.3	unreviewed-verse
thanissaro	snp3.6	snp3.6:26.4	unreviewed-verse
thanissaro	snp3.6	snp3.6:27.1	unreviewed-verse
thanissaro	snp3.6	snp3.6:27.2	unreviewed-verse
thanissaro	snp3.6	snp3.6:27.3	unreviewed-verse
thanissaro	snp3.6	snp3.6:27.4	unreviewed-verse
thanissaro	snp3.6	snp3.6:28.1	unreviewed-verse
thanissaro	snp3.6	snp3.6:28.2	unreviewed-verse
thanissaro	snp3.6	snp3.6:28.3	unreviewed-verse
thanissaro	snp3.6	snp3.6:28.4	unreviewed-verse
thanissaro	snp3.6	snp3.6:30.1	unreviewed-verse
thanissaro	snp3.6	snp3.6:30.3	unreviewed-verse
thanissaro	snp3.6	snp3.6:30.4	unreviewed-verse
thanissaro	snp3.6	snp3.6:30.5	unreviewed-verse
thanissaro	snp3.6	snp3.6:31.1	unreviewed-verse
thanissaro	snp3.6	snp3.6:31.3	unreviewed-verse
thanissaro	snp3.6	snp3.6:31.4	unreviewed-verse
thanissaro	snp3.6	snp3.6:31.5	unreviewed-verse
thanissaro	snp3.6	snp3.6:32.1	unreviewed-verse
thanissaro	snp3.6	snp3.6:32.2	unreviewed-verse
thanissaro	snp3.6	snp3.6:32.3	unreviewed-verse
thanissaro	snp3.6	snp3.6:32.4	unreviewed-verse
thanissaro	snp3.6	snp3.6:33.1	unreviewed-verse
thanissaro	snp3.6	snp3.6:33.2	unreviewed-verse
thanissaro	snp3.6	snp3.6:33.3	unreviewed-verse
thanissaro	snp3.6	snp3.6:33.4	unreviewed-verse
thanissaro	snp3.6	snp3.6:34.1	unreviewed-verse
thanissaro	snp3.6	snp3.6:34.2	unreviewed-verse
thanissaro	snp3.6	snp3.6:34.3	unreviewed-verse
thanissaro	snp3.6	snp3.6:34.4	unreviewed-verse
thanissaro	snp3.6	snp3.6:36.1	unreviewed-verse
thanissaro	snp3.6	snp3.6:36.3	unreviewed-verse
thanissaro	snp3.6	snp3.6:36.4	unreviewed-verse
thanissaro	snp3.6	snp3.6:36.5	unreviewed-verse
thanissaro	snp3.6	snp3.6:37.1	unreviewed-verse
thanissaro	snp3.6	snp3.6:37.3	unreviewed-verse
thanissaro	snp3.6	snp3.6:37.4	unreviewed-verse
thanissaro	snp3.6	snp3.6:37.5	unreviewed-verse
thanissaro	snp3.6	snp3.6:38.1	unreviewed-verse
thanissaro	snp3.6	snp3.6:38.2	unreviewed-verse
thanissaro	snp3.6	snp3.6:38.3	unreviewed-verse
thanissaro	snp3.6	snp3.6:38.4	unreviewed-verse
thanissaro	snp3.6	snp3.6:39.1	unreviewed-verse
thanissaro	snp3.6	snp3.6:39.2	unreviewed-verse
thanissaro	snp3.6	snp3.6:39.3	unreviewed-verse
thanissaro	snp3.6	snp3.6:39.4	unreviewed-verse
thanissaro	snp3.6	snp3.6:40.1	unreviewed-verse
thanissaro	snp3.6	snp3.6:40.2	unreviewed-verse
thanissaro	snp3.6	snp3.6:40.3	unreviewed-verse
thanissaro	snp3.6	snp3.6:40.4	unreviewed-verse
thanissaro	snp3.6	snp3.6:40.5	unreviewed-verse
thanissaro	snp3.6	snp3.6:40.6	unreviewed-verse
thanissaro	snp3.6	snp3.6:42.1	unreviewed-verse
thanissaro	snp3.6	snp3.6:42.2	unreviewed-verse
thanissaro	snp3.6	snp3.6:42.3	unreviewed-verse
thanissaro	snp3.6	snp3.6:42.4	unreviewed-verse
thanissaro	snp3.6	snp3.6:43.1	unreviewed-verse
thanissaro	snp3.6	snp3.6:43.2	unreviewed-verse
thanissaro	snp3.6	snp3.6:43.3	unreviewed-verse
thanissaro	snp3.6	snp3.6:43.4	unreviewed-verse
thanissaro	snp3.6	snp3.6:44.1	unreviewed-verse
thanissaro	snp3.6	snp3.6:44.2	unreviewed-verse
thanissaro	snp3.6	snp3.6:44.3	unreviewed-verse
thanissaro	snp3.6	snp3.6:44.4	unreviewed-verse
thanissaro	snp3.6	snp3.6:45.1	unreviewed-verse
thanissaro	snp3.6	snp3.6:45.2	unreviewed-verse
thanissaro	snp3.6	snp3.6:45.3	unreviewed-verse
thanissaro	snp3.6	snp3.6:45.4	unreviewed-verse
thanissaro	snp3.6	snp3.6:46.1	unreviewed-verse
thanissaro	snp3.6	snp3.6:46.2	unreviewed-verse
thanissaro	snp3.6	snp3.6:46.3	unreviewed-verse
thanissaro	snp3.6	snp3.6:46.4	unreviewed-verse
thanissaro	snp3.6	snp3.6:47.1	unreviewed-verse
thanissaro	snp3.6	snp3.6:47.2	unreviewed-verse
thanissaro	snp3.6	snp3.6:47.3	unreviewed-verse
thanissaro	snp3.6	snp3.6:47.4	unreviewed-verse
thanissaro	snp3.6	snp3.6:48.1	unreviewed-verse
thanissaro	snp3.6	snp3.6:48.2	unreviewed-verse
thanissaro	snp3.6	snp3.6:48.3	unreviewed-verse
thanissaro	snp3.6	snp3.6:48.4	unreviewed-verse
thanissaro	snp3.6	snp3.6:49.1	unreviewed-verse
thanissaro	snp3.6	snp3.6:49.2	unreviewed-verse
thanissaro	snp3.6	snp3.6:49.3	unreviewed-verse
thanissaro	snp3.6	snp3.6:49.4	unreviewed-verse
thanissaro	snp3.6	snp3.6:50.1	unreviewed-verse
thanissaro	snp3.6	snp3.6:50.2	unreviewed-verse
thanissaro	snp3.6	snp3.6:50.3	unreviewed-verse
thanissaro	snp3.6	snp3.6:50.4	unreviewed-verse
thanissaro	snp3.6	snp3.6:51.1	unreviewed-verse
thanissaro	snp3.6	snp3.6:51.2	unreviewed-verse
thanissaro	snp3.6	snp3.6:51.3	unreviewed-verse
thanissaro	snp3.6	snp3.6:51.4	unreviewed-verse
thanissaro	snp3.6	snp3.6:51.5	unreviewed-verse
thanissaro	snp3.6	snp3.6:51.6	unreviewed-verse
thanissaro	snp3.7	snp3.7:13.1	unreviewed-verse
thanissaro	snp3.7	snp3.7:13.2	unreviewed-verse
thanissaro	snp3.7	snp3.7:13.3	unreviewed-verse
thanissaro	snp3.7	snp3.7:13.4	unreviewed-verse
thanissaro	snp3.7	snp3.7:14.1	unreviewed-verse
thanissaro	snp3.7	snp3.7:14.2	unreviewed-verse
thanissaro	snp3.7	snp3.7:14.3	unreviewed-verse
thanissaro	snp3.7	snp3.7:14.4	unreviewed-verse
thanissaro	snp3.7	snp3.7:15.1	unreviewed-verse
thanissaro	snp3.7	snp3.7:15.2	unreviewed-verse
thanissaro	snp3.7	snp3.7:15.3	unreviewed-verse
thanissaro	snp3.7	snp3.7:15.4	unreviewed-verse
thanissaro	snp3.7	snp3.7:16.1	unreviewed-verse
thanissaro	snp3.7	snp3.7:16.2	unreviewed-verse
thanissaro	snp3.7	snp3.7:16.3	unreviewed-verse
thanissaro	snp3.7	snp3.7:16.4	unreviewed-verse
thanissaro	snp3.7	snp3.7:17.1	unreviewed-verse
thanissaro	snp3.7	snp3.7:17.2	unreviewed-verse
thanissaro	snp3.7	snp3.7:17.3	unreviewed-verse
thanissaro	snp3.7	snp3.7:17.4	unreviewed-verse
thanissaro	snp3.7	snp3.7:18.1	unreviewed-verse
thanissaro	snp3.7	snp3.7:18.2	unreviewed-verse
thanissaro	snp3.7	snp3.7:18.3	unreviewed-verse
thanissaro	snp3.7	snp3.7:18.4	unreviewed-verse
thanissaro	snp3.7	snp3.7:19.1	unreviewed-verse
thanissaro	snp3.7	snp3.7:19.3	unreviewed-verse
thanissaro	snp3.7	snp3.7:19.4	unreviewed-verse
thanissaro	snp3.7	snp3.7:19.5	unreviewed-verse
thanissaro	snp3.7	snp3.7:20.1	unreviewed-verse
thanissaro	snp3.7	snp3.7:20.3	unreviewed-verse
thanissaro	snp3.7	snp3.7:20.4	unreviewed-verse
thanissaro	snp3.7	snp3.7:20.5	unreviewed-verse
thanissaro	snp3.7	snp3.7:21.1	unreviewed-verse
thanissaro	snp3.7	snp3.7:21.2	unreviewed-verse
thanissaro	snp3.7	snp3.7:21.3	unreviewed-verse
thanissaro	snp3.7	snp3.7:21.4	unreviewed-verse
thanissaro	snp3.7	snp3.7:22.1	unreviewed-verse
thanissaro	snp3.7	snp3.7:22.3	unreviewed-verse
thanissaro	snp3.7	snp3.7:22.4	unreviewed-verse
thanissaro	snp3.7	snp3.7:22.5	unreviewed-verse
thanissaro	snp3.7	snp3.7:23.1	unreviewed-verse
thanissaro	snp3.7	snp3.7:23.2	unreviewed-verse
thanissaro	snp3.7	snp3.7:23.3	unreviewed-verse
thanissaro	snp3.7	snp3.7:23.4	unreviewed-verse
thanissaro	snp3.7	snp3.7:24.1	unreviewed-verse
thanissaro	snp3.7	snp3.7:24.2	unreviewed-verse
thanissaro	snp3.7	snp3.7:24.3	unreviewed-verse
thanissaro	snp3.7	snp3.7:24.4	unreviewed-verse
thanissaro	snp3.7	snp3.7:25.1	unreviewed-verse
thanissaro	snp3.7	snp3.7:25.2	unreviewed-verse
thanissaro	snp3.7	snp3.7:25.3	unreviewed-verse
thanissaro	snp3.7	snp3.7:25.4	unreviewed-verse
thanissaro	snp3.7	snp3.7:26.1	unreviewed-verse
thanissaro	snp3.7	snp3.7:26.2	unreviewed-verse
thanissaro	snp3.7	snp3.7:26.3	unreviewed-verse
thanissaro	snp3.7	snp3.7:26.4	unreviewed-verse
thanissaro	snp3.7	snp3.7:27.1	unreviewed-verse
thanissaro	snp3.7	snp3.7:27.2	unreviewed-verse
thanissaro	snp3.7	snp3.7:27.3	unreviewed-verse
thanissaro	snp3.7	snp3.7:27.4	unreviewed-verse
thanissaro	snp3.7	snp3.7:28.1	unreviewed-verse
thanissaro	snp3.7	snp3.7:28.2	unreviewed-verse
thanissaro	snp3.7	snp3.7:28.3	unreviewed-verse
thanissaro	snp3.7	snp3.7:28.4	unreviewed-verse
thanissaro	snp3.7	snp3.7:29.1	unreviewed-verse
thanissaro	snp3.7	snp3.7:29.2	unreviewed-verse
thanissaro	snp3.7	snp3.7:29.3	unreviewed-verse
thanissaro	snp3.7	snp3.7:29.4	unreviewed-verse
thanissaro	snp3.7	snp3.7:30.1	unreviewed-verse
thanissaro	snp3.7	snp3.7:30.2	unreviewed-verse
thanissaro	snp3.7	snp3.7:30.3	unreviewed-verse
thanissaro	snp3.7	snp3.7:30.4	unreviewed-verse
thanissaro	snp3.7	snp3.7:31.1	unreviewed-verse
thanissaro	snp3.7	snp3.7:31.2	unreviewed-verse
thanissaro	snp3.7	snp3.7:31.3	unreviewed-verse
thanissaro	snp3.7	snp3.7:31.4	unreviewed-verse
thanissaro	snp3.7	snp3.7:32.1	unreviewed-verse
thanissaro	snp3.7	snp3.7:32.3	unreviewed-verse
thanissaro	snp3.7	snp3.7:32.4	unreviewed-verse
thanissaro	snp3.7	snp3.7:32.5	unreviewed-verse
thanissaro	snp3.7	snp3.7:35.1	unreviewed-verse
thanissaro	snp3.7	snp3.7:35.2	unreviewed-verse
thanissaro	snp3.7	snp3.7:35.3	unreviewed-verse
thanissaro	snp3.7	snp3.7:35.4	unreviewed-verse
thanissaro	snp3.7	snp3.7:36.1	unreviewed-verse
thanissaro	snp3.7	snp3.7:36.2	unreviewed-verse
thanissaro	snp3.7	snp3.7:36.3	unreviewed-verse
thanissaro	snp3.7	snp3.7:36.4	unreviewed-verse
thanissaro	snp3.7	snp3.7:39.1	unreviewed-verse
thanissaro	snp3.7	snp3.7:39.2	unreviewed-verse
thanissaro	snp3.7	snp3.7:39.3	unreviewed-verse
thanissaro	snp3.7	snp3.7:39.4	unreviewed-verse
thanissaro	snp3.7	snp3.7:40.1	unreviewed-verse
thanissaro	snp3.7	snp3.7:40.2	unreviewed-verse
thanissaro	snp3.7	snp3.7:40.3	unreviewed-verse
thanissaro	snp3.7	snp3.7:40.4	unreviewed-verse
thanissaro	snp3.7	snp3.7:41.1	unreviewed-verse
thanissaro	snp3.7	snp3.7:41.2	unreviewed-verse
thanissaro	snp3.7	snp3.7:41.3	unreviewed-verse
thanissaro	snp3.7	snp3.7:41.4	unreviewed-verse
thanissaro	snp3.7	snp3.7:42.1	unreviewed-verse
thanissaro	snp3.7	snp3.7:42.2	unreviewed-verse
thanissaro	snp3.7	snp3.7:42.3	unreviewed-verse
thanissaro	snp3.7	snp3.7:42.4	unreviewed-verse
thanissaro	snp3.8	snp3.8:1.1	unreviewed-verse
thanissaro	snp3.8	snp3.8:1.2	unreviewed-verse
thanissaro	snp3.8	snp3.8:1.3	unreviewed-verse
thanissaro	snp3.8	snp3.8:1.4	unreviewed-verse
thanissaro	snp3.8	snp3.8:2.1	unreviewed-verse
thanissaro	snp3.8	snp3.8:2.2	unreviewed-verse
thanissaro	snp3.8	snp3.8:2.3	unreviewed-verse
thanissaro	snp3.8	snp3.8:2.4	unreviewed-verse
thanissaro	snp3.8	snp3.8:3.1	unreviewed-verse
thanissaro	snp3.8	snp3.8:3.2	unreviewed-verse
thanissaro	snp3.8	snp3.8:3.3	unreviewed-verse
thanissaro	snp3.8	snp3.8:3.4	unreviewed-verse
thanissaro	snp3.8	snp3.8:4.1	unreviewed-verse
thanissaro	snp3.8	snp3.8:4.2	unreviewed-verse
thanissaro	snp3.8	snp3.8:4.3	unreviewed-verse
thanissaro	snp3.8	snp3.8:4.4	unreviewed-verse
thanissaro	snp3.8	snp3.8:5.1	unreviewed-verse
thanissaro	snp3.8	snp3.8:5.2	unreviewed-verse
thanissaro	snp3.8	snp3.8:5.3	unreviewed-verse
thanissaro	snp3.8	snp3.8:5.4	unreviewed-verse
thanissaro	snp3.8	snp3.8:6.1	unreviewed-verse
thanissaro	snp3.8	snp3.8:6.2	unreviewed-verse
thanissaro	snp3.8	snp3.8:6.3	unreviewed-verse
thanissaro	snp3.8	snp3.8:6.4	unreviewed-verse
thanissaro	snp3.8	snp3.8:7.1	unreviewed-verse
thanissaro	snp3.8	snp3.8:7.2	unreviewed-verse
thanissaro	snp3.8	snp3.8:7.3	unreviewed-verse
thanissaro	snp3.8	snp3.8:7.4	unreviewed-verse
thanissaro	snp3.8	snp3.8:8.1	unreviewed-verse
thanissaro	snp3.8	snp3.8:8.2	unreviewed-verse
thanissaro	snp3.8	snp3.8:8.3	unreviewed-verse
thanissaro	snp3.8	snp3.8:8.4	unreviewed-verse
thanissaro	snp3.8	snp3.8:9.1	unreviewed-verse
thanissaro	snp3.8	snp3.8:9.2	unreviewed-verse
thanissaro	snp3.8	snp3.8:9.3	unreviewed-verse
thanissaro	snp3.8	snp3.8:9.4	unreviewed-verse
thanissaro	snp3.8	snp3.8:10.1	unreviewed-verse
thanissaro	snp3.8	snp3.8:10.2	unreviewed-verse
thanissaro	snp3.8	snp3.8:10.3	unreviewed-verse
thanissaro	snp3.8	snp3.8:10.4	unreviewed-verse
thanissaro	snp3.8	snp3.8:11.1	unreviewed-verse
thanissaro	snp3.8	snp3.8:11.2	unreviewed-verse
thanissaro	snp3.8	snp3.8:11.3	unreviewed-verse
thanissaro	snp3.8	snp3.8:11.4	unreviewed-verse
thanissaro	snp3.8	snp3.8:12.1	unreviewed-verse
thanissaro	snp3.8	snp3.8:12.2	unreviewed-verse
thanissaro	snp3.8	snp3.8:12.3	unreviewed-verse
thanissaro	snp3.8	snp3.8:12.4	unreviewed-verse
thanissaro	snp3.8	snp3.8:13.1	unreviewed-verse
thanissaro	snp3.8	snp3.8:13.2	unreviewed-verse
thanissaro	snp3.8	snp3.8:13.3	unreviewed-verse
thanissaro	snp3.8	snp3.8:13.4	unreviewed-verse
thanissaro	snp3.8	snp3.8:14.1	unreviewed-verse
thanissaro	snp3.8	snp3.8:14.2	unreviewed-verse
thanissaro	snp3.8	snp3.8:14.3	unreviewed-verse
thanissaro	snp3.8	snp3.8:14.4	unreviewed-verse
thanissaro	snp3.8	snp3.8:15.1	unreviewed-verse
thanissaro	snp3.8	snp3.8:15.2	unreviewed-verse
thanissaro	snp3.8	snp3.8:15.3	unreviewed-verse
thanissaro	snp3.8	snp3.8:15.4	unreviewed-verse
thanissaro	snp3.8	snp3.8:16.3	unreviewed-verse
thanissaro	snp3.8	snp3.8:16.4	unreviewed-verse
thanissaro	snp3.8	snp3.8:17.1	unreviewed-verse
thanissaro	snp3.8	snp3.8:17.2	unreviewed-verse
thanissaro	snp3.8	snp3.8:17.3	unreviewed-verse
thanissaro	snp3.8	snp3.8:17.4	unreviewed-verse
thanissaro	snp3.8	snp3.8:18.1	unreviewed-verse
thanissaro	snp3.8	snp3.8:18.2	unreviewed-verse
thanissaro	snp3.8	snp3.8:18.3	unreviewed-verse
thanissaro	snp3.8	snp3.8:18.4	unreviewed-verse
thanissaro	snp3.8	snp3.8:18.5	unreviewed-verse
thanissaro	snp3.8	snp3.8:18.6	unreviewed-verse
thanissaro	snp3.8	snp3.8:19.1	unreviewed-verse
thanissaro	snp3.8	snp3.8:19.2	unreviewed-verse
thanissaro	snp3.8	snp3.8:19.3	unreviewed-verse
thanissaro	snp3.8	snp3.8:19.4	unreviewed-verse
thanissaro	snp3.8	snp3.8:20.1	unreviewed-verse
thanissaro	snp3.8	snp3.8:20.2	unreviewed-verse
thanissaro	snp3.8	snp3.8:20.3	unreviewed-verse
thanissaro	snp3.8	snp3.8:20.4	unreviewed-verse
thanissaro	snp3.9	snp3.9:6.1	unreviewed-verse
thanissaro	snp3.9	snp3.9:6.2	unreviewed-verse
thanissaro	snp3.9	snp3.9:6.3	unreviewed-verse
thanissaro	snp3.9	snp3.9:6.4	unreviewed-verse
thanissaro	snp3.9	snp3.9:7.1	unreviewed-verse
thanissaro	snp3.9	snp3.9:7.2	unreviewed-verse
thanissaro	snp3.9	snp3.9:7.3	unreviewed-verse
thanissaro	snp3.9	snp3.9:7.4	unreviewed-verse
thanissaro	snp3.9	snp3.9:8.1	unreviewed-verse
thanissaro	snp3.9	snp3.9:8.2	unreviewed-verse
thanissaro	snp3.9	snp3.9:8.3	unreviewed-verse
thanissaro	snp3.9	snp3.9:8.4	unreviewed-verse
thanissaro	snp3.9	snp3.9:8.5	unreviewed-verse
thanissaro	snp3.9	snp3.9:8.6	unreviewed-verse
thanissaro	snp3.9	snp3.9:9.1	unreviewed-verse
thanissaro	snp3.9	snp3.9:9.2	unreviewed-verse
thanissaro	snp3.9	snp3.9:9.3	unreviewed-verse
thanissaro	snp3.9	snp3.9:9.4	unreviewed-verse
thanissaro	snp3.9	snp3.9:10.1	unreviewed-verse
thanissaro	snp3.9	snp3.9:10.2	unreviewed-verse
thanissaro	snp3.9	snp3.9:10.3	unreviewed-verse
thanissaro	snp3.9	snp3.9:10.4	unreviewed-verse
thanissaro	snp3.9	snp3.9:11.1	unreviewed-verse
thanissaro	snp3.9	snp3.9:11.2	unreviewed-verse
thanissaro	snp3.9	snp3.9:11.3	unreviewed-verse
thanissaro	snp3.9	snp3.9:11.4	unreviewed-verse
thanissaro	snp3.9	snp3.9:11.5	unreviewed-verse
thanissaro	snp3.9	snp3.9:11.6	unreviewed-verse
thanissaro	snp3.9	snp3.9:12.1	unreviewed-verse
thanissaro	snp3.9	snp3.9:12.3	unreviewed-verse
thanissaro	snp3.9	snp3.9:12.4	unreviewed-verse
thanissaro	snp3.9	snp3.9:12.5	unreviewed-verse
thanissaro	snp3.9	snp3.9:13.1	unreviewed-verse
thanissaro	snp3.9	snp3.9:13.2	unreviewed-verse
thanissaro	snp3.9	snp3.9:13.3	unreviewed-verse
thanissaro	snp3.9	snp3.9:13.4	unreviewed-verse
thanissaro	snp3.9	snp3.9:14.1	unreviewed-verse
thanissaro	snp3.9	snp3.9:14.2	unreviewed-verse
thanissaro	snp3.9	snp3.9:14.3	unreviewed-verse
thanissaro	snp3.9	snp3.9:14.4	unreviewed-verse
thanissaro	snp3.9	snp3.9:15.1	unreviewed-verse
thanissaro	snp3.9	snp3.9:15.2	unreviewed-verse
thanissaro	snp3.9	snp3.9:15.3	unreviewed-verse
thanissaro	snp3.9	snp3.9:15.4	unreviewed-verse
thanissaro	snp3.9	snp3.9:16.1	unreviewed-verse
thanissaro	snp3.9	snp3.9:16.2	unreviewed-verse
thanissaro	snp3.9	snp3.9:16.3	unreviewed-verse
thanissaro	snp3.9	snp3.9:16.4	unreviewed-verse
thanissaro	snp3.9	snp3.9:17.1	unreviewed-verse
thanissaro	snp3.9	snp3.9:17.2	unreviewed-verse
thanissaro	snp3.9	snp3.9:17.3	unreviewed-verse
thanissaro	snp3.9	snp3.9:17.4	unreviewed-verse
thanissaro	snp3.9	snp3.9:18.1	unreviewed-verse
thanissaro	snp3.9	snp3.9:18.2	unreviewed-verse
thanissaro	snp3.9	snp3.9:18.3	unreviewed-verse
thanissaro	snp3.9	snp3.9:18.4	unreviewed-verse
thanissaro	snp3.9	snp3.9:19.1	unreviewed-verse
thanissaro	snp3.9	snp3.9:19.2	unreviewed-verse
thanissaro	snp3.9	snp3.9:19.3	unreviewed-verse
thanissaro	snp3.9	snp3.9:19.4	unreviewed-verse
thanissaro	snp3.9	snp3.9:20.1	unreviewed-verse
thanissaro	snp3.9	snp3.9:20.2	unreviewed-verse
thanissaro	snp3.9	snp3.9:20.3	unreviewed-verse
thanissaro	snp3.9	snp3.9:20.4	unreviewed-verse
thanissaro	snp3.9	snp3.9:21.1	unreviewed-verse
thanissaro	snp3.9	snp3.9:21.2	unreviewed-verse
thanissaro	snp3.9	snp3.9:21.3	unreviewed-verse
thanissaro	snp3.9	snp3.9:21.4	unreviewed-verse
thanissaro	snp3.9	snp3.9:22.1	unreviewed-verse
thanissaro	snp3.9	snp3.9:22.2	unreviewed-verse
thanissaro	snp3.9	snp3.9:22.3	unreviewed-verse
thanissaro	snp3.9	snp3.9:22.4	unreviewed-verse
thanissaro	snp3.9	snp3.9:22.5	unreviewed-verse
thanissaro	snp3.9	snp3.9:22.6	unreviewed-verse
thanissaro	snp3.9	snp3.9:23.1	unreviewed-verse
thanissaro	snp3.9	snp3.9:23.2	unreviewed-verse
thanissaro	snp3.9	snp3.9:23.3	unreviewed-verse
thanissaro	snp3.9	snp3.9:23.4	unreviewed-verse
thanissaro	snp3.9	snp3.9:24.1	unreviewed-verse
thanissaro	snp3.9	snp3.9:24.2	unreviewed-verse
thanissaro	snp3.9	snp3.9:24.3	unreviewed-verse
thanissaro	snp3.9	snp3.9:24.4	unreviewed-verse
thanissaro	snp3.9	snp3.9:25.1	unreviewed-verse
thanissaro	snp3.9	snp3.9:25.2	unreviewed-verse
thanissaro	snp3.9	snp3.9:25.3	unreviewed-verse
thanissaro	snp3.9	snp3.9:25.4	unreviewed-verse
thanissaro	snp3.9	snp3.9:26.1	unreviewed-verse
thanissaro	snp3.9	snp3.9:26.2	unreviewed-verse
thanissaro	snp3.9	snp3.9:26.3	unreviewed-verse
thanissaro	snp3.9	snp3.9:26.4	unreviewed-verse
thanissaro	snp3.9	snp3.9:27.1	unreviewed-verse
thanissaro	snp3.9	snp3.9:27.2	unreviewed-verse
thanissaro	snp3.9	snp3.9:27.3	unreviewed-verse
thanissaro	snp3.9	snp3.9:27.4	unreviewed-verse
thanissaro	snp3.9	snp3.9:28.1	unreviewed-verse
thanissaro	snp3.9	snp3.9:28.2	unreviewed-verse
thanissaro	snp3.9	snp3.9:28.3	unreviewed-verse
thanissaro	snp3.9	snp3.9:28.4	unreviewed-verse
thanissaro	snp3.9	snp3.9:29.1	unreviewed-verse
thanissaro	snp3.9	snp3.9:29.2	unreviewed-verse
thanissaro	snp3.9	snp3.9:29.3	unreviewed-verse
thanissaro	snp3.9	snp3.9:29.4	unreviewed-verse
thanissaro	snp3.9	snp3.9:30.1	unreviewed-verse
thanissaro	snp3.9	snp3.9:30.2	unreviewed-verse
thanissaro	snp3.9	snp3.9:30.3	unreviewed-verse
thanissaro	snp3.9	snp3.9:30.4	unreviewed-verse
thanissaro	snp3.9	snp3.9:31.1	unreviewed-verse
thanissaro	snp3.9	snp3.9:31.2	unreviewed-verse
thanissaro	snp3.9	snp3.9:31.3	unreviewed-verse
thanissaro	snp3.9	snp3.9:31.4	unreviewed-verse
thanissaro	snp3.9	snp3.9:32.1	unreviewed-verse
thanissaro	snp3.9	snp3.9:32.2	unreviewed-verse
thanissaro	snp3.9	snp3.9:32.3	unreviewed-verse
thanissaro	snp3.9	snp3.9:32.4	unreviewed-verse
thanissaro	snp3.9	snp3.9:32.5	unreviewed-verse
thanissaro	snp3.9	snp3.9:32.6	unreviewed-verse
thanissaro	snp3.9	snp3.9:33.1	unreviewed-verse
thanissaro	snp3.9	snp3.9:33.2	unreviewed-verse
thanissaro	snp3.9	snp3.9:33.3	unreviewed-verse
thanissaro	snp3.9	snp3.9:33.4	unreviewed-verse
thanissaro	snp3.9	snp3.9:34.1	unreviewed-verse
thanissaro	snp3.9	snp3.9:34.2	unreviewed-verse
thanissaro	snp3.9	snp3.9:34.3	unreviewed-verse
thanissaro	snp3.9	snp3.9:34.4	unreviewed-verse
thanissaro	snp3.9	snp3.9:35.1	unreviewed-verse
thanissaro	snp3.9	snp3.9:35.2	unreviewed-verse
thanissaro	snp3.9	snp3.9:35.3	unreviewed-verse
thanissaro	snp3.9	snp3.9:35.4	unreviewed-verse
thanissaro	snp3.9	snp3.9:36.1	unreviewed-verse
thanissaro	snp3.9	snp3.9:36.2	unreviewed-verse
thanissaro	snp3.9	snp3.9:36.3	unreviewed-verse
thanissaro	snp3.9	snp3.9:36.4	unreviewed-verse
thanissaro	snp3.9	snp3.9:37.1	unreviewed-verse
thanissaro	snp3.9	snp3.9:37.2	unreviewed-verse
thanissaro	snp3.9	snp3.9:37.3	unreviewed-verse
thanissaro	snp3.9	snp3.9:37.4	unreviewed-verse
thanissaro	snp3.9	snp3.9:38.1	unreviewed-verse
thanissaro	snp3.9	snp3.9:38.2	unreviewed-verse
thanissaro	snp3.9	snp3.9:38.3	unreviewed-verse
thanissaro	snp3.9	snp3.9:38.4	unreviewed-verse
thanissaro	snp3.9	snp3.9:39.1	unreviewed-verse
thanissaro	snp3.9	snp3.9:39.2	unreviewed-verse
thanissaro	snp3.9	snp3.9:39.3	unreviewed-verse
thanissaro	snp3.9	snp3.9:39.4	unreviewed-verse
thanissaro	snp3.9	snp3.9:40.1	unreviewed-verse
thanissaro	snp3.9	snp3.9:40.2	unreviewed-verse
thanissaro	snp3.9	snp3.9:40.3	unreviewed-verse
thanissaro	snp3.9	snp3.9:40.4	unreviewed-verse
thanissaro	snp3.9	snp3.9:41.1	unreviewed-verse
thanissaro	snp3.9	snp3.9:41.2	unreviewed-verse
thanissaro	snp3.9	snp3.9:41.3	unreviewed-verse
thanissaro	snp3.9	snp3.9:41.4	unreviewed-verse
thanissaro	snp3.9	snp3.9:42.1	unreviewed-verse
thanissaro	snp3.9	snp3.9:42.2	unreviewed-verse
thanissaro	snp3.9	snp3.9:42.3	unreviewed-verse
thanissaro	snp3.9	snp3.9:42.4	unreviewed-verse
thanissaro	snp3.9	snp3.9:43.1	unreviewed-verse
thanissaro	snp3.9	snp3.9:43.2	unreviewed-verse
thanissaro	snp3.9	snp3.9:43.3	unreviewed-verse
thanissaro	snp3.9	snp3.9:43.4	unreviewed-verse
thanissaro	snp3.9	snp3.9:44.1	unreviewed-verse
thanissaro	snp3.9	snp3.9:44.2	unreviewed-verse
thanissaro	snp3.9	snp3.9:44.3	unreviewed-verse
thanissaro	snp3.9	snp3.9:44.4	unreviewed-verse
thanissaro	snp3.9	snp3.9:45.1	unreviewed-verse
thanissaro	snp3.9	snp3.9:45.2	unreviewed-verse
thanissaro	snp3.9	snp3.9:45.3	unreviewed-verse
thanissaro	snp3.9	snp3.9:45.4	unreviewed-verse
thanissaro	snp3.9	snp3.9:46.1	unreviewed-verse
thanissaro	snp3.9	snp3.9:46.2	unreviewed-verse
thanissaro	snp3.9	snp3.9:46.3	unreviewed-verse
thanissaro	snp3.9	snp3.9:46.4	unreviewed-verse
thanissaro	snp3.9	snp3.9:47.1	unreviewed-verse
thanissaro	snp3.9	snp3.9:47.2	unreviewed-verse
thanissaro	snp3.9	snp3.9:47.3	unreviewed-verse
thanissaro	snp3.9	snp3.9:47.4	unreviewed-verse
thanissaro	snp3.9	snp3.9:48.1	unreviewed-verse
thanissaro	snp3.9	snp3.9:48.2	unreviewed-verse
thanissaro	snp3.9	snp3.9:48.3	unreviewed-verse
thanissaro	snp3.9	snp3.9:48.4	unreviewed-verse
thanissaro	snp3.9	snp3.9:49.1	unreviewed-verse
thanissaro	snp3.9	snp3.9:49.2	unreviewed-verse
thanissaro	snp3.9	snp3.9:49.3	unreviewed-verse
thanissaro	snp3.9	snp3.9:49.4	unreviewed-verse
thanissaro	snp3.9	snp3.9:50.1	unreviewed-verse
thanissaro	snp3.9	snp3.9:50.2	unreviewed-verse
thanissaro	snp3.9	snp3.9:50.3	unreviewed-verse
thanissaro	snp3.9	snp3.9:50.4	unreviewed-verse
thanissaro	snp3.9	snp3.9:50.5	unreviewed-verse
thanissaro	snp3.9	snp3.9:50.6	unreviewed-verse
thanissaro	snp3.9	snp3.9:51.1	unreviewed-verse
thanissaro	snp3.9	snp3.9:51.2	unreviewed-verse
thanissaro	snp3.9	snp3.9:51.3	unreviewed-verse
thanissaro	snp3.9	snp3.9:51.4	unreviewed-verse
thanissaro	snp3.9	snp3.9:52.1	unreviewed-verse
thanissaro	snp3.9	snp3.9:52.2	unreviewed-verse
thanissaro	snp3.9	snp3.9:52.3	unreviewed-verse
thanissaro	snp3.9	snp3.9:52.4	unreviewed-verse
thanissaro	snp3.9	snp3.9:53.1	unreviewed-verse
thanissaro	snp3.9	snp3.9:53.2	unreviewed-verse
thanissaro	snp3.9	snp3.9:53.3	unreviewed-verse
thanissaro	snp3.9	snp3.9:53.4	unreviewed-verse
thanissaro	snp3.9	snp3.9:54.1	unreviewed-verse
thanissaro	snp3.9	snp3.9:54.2	unreviewed-verse
thanissaro	snp3.9	snp3.9:54.3	unreviewed-verse
thanissaro	snp3.9	snp3.9:54.4	unreviewed-verse
thanissaro	snp3.9	snp3.9:55.1	unreviewed-verse
thanissaro	snp3.9	snp3.9:55.2	unreviewed-verse
thanissaro	snp3.9	snp3.9:55.3	unreviewed-verse
thanissaro	snp3.9	snp3.9:55.4	unreviewed-verse
thanissaro	snp3.9	snp3.9:56.1	unreviewed-verse
thanissaro	snp3.9	snp3.9:56.2	unreviewed-verse
thanissaro	snp3.9	snp3.9:56.3	unreviewed-verse
thanissaro	snp3.9	snp3.9:56.4	unreviewed-verse
thanissaro	snp3.9	snp3.9:57.1	unreviewed-verse
thanissaro	snp3.9	snp3.9:57.2	unreviewed-verse
thanissaro	snp3.9	snp3.9:57.3	unreviewed-verse
thanissaro	snp3.9	snp3.9:57.4	unreviewed-verse
thanissaro	snp3.9	snp3.9:58.1	unreviewed-verse
thanissaro	snp3.9	snp3.9:58.2	unreviewed-verse
thanissaro	snp3.9	snp3.9:58.3	unreviewed-verse
thanissaro	snp3.9	snp3.9:58.4	unreviewed-verse
thanissaro	snp3.9	snp3.9:59.1	unreviewed-verse
thanissaro	snp3.9	snp3.9:59.2	unreviewed-verse
thanissaro	snp3.9	snp3.9:59.3	unreviewed-verse
thanissaro	snp3.9	snp3.9:59.4	unreviewed-verse
thanissaro	snp3.9	snp3.9:60.1	unreviewed-verse
thanissaro	snp3.9	snp3.9:60.2	unreviewed-verse
thanissaro	snp3.9	snp3.9:60.3	unreviewed-verse
thanissaro	snp3.9	snp3.9:60.4	unreviewed-verse
thanissaro	snp3.9	snp3.9:61.1	unreviewed-verse
thanissaro	snp3.9	snp3.9:61.2	unreviewed-verse
thanissaro	snp3.9	snp3.9:61.3	unreviewed-verse
thanissaro	snp3.9	snp3.9:61.4	unreviewed-verse
thanissaro	snp3.9	snp3.9:62.1	unreviewed-verse
thanissaro	snp3.9	snp3.9:62.2	unreviewed-verse
thanissaro	snp3.9	snp3.9:62.3	unreviewed-verse
thanissaro	snp3.9	snp3.9:62.4	unreviewed-verse
thanissaro	snp3.9	snp3.9:63.1	unreviewed-verse
thanissaro	snp3.9	snp3.9:63.2	unreviewed-verse
thanissaro	snp3.9	snp3.9:63.3	unreviewed-verse
thanissaro	snp3.9	snp3.9:63.4	unreviewed-verse
thanissaro	snp3.9	snp3.9:64.1	unreviewed-verse
thanissaro	snp3.9	snp3.9:64.2	unreviewed-verse
thanissaro	snp3.9	snp3.9:64.3	unreviewed-verse
thanissaro	snp3.9	snp3.9:64.4	unreviewed-verse
thanissaro	snp3.9	snp3.9:65.1	unreviewed-verse
thanissaro	snp3.9	snp3.9:65.2	unreviewed-verse
thanissaro	snp3.9	snp3.9:65.3	unreviewed-verse
thanissaro	snp3.9	snp3.9:65.4	unreviewed-verse
thanissaro	snp3.9	snp3.9:66.1	unreviewed-verse
thanissaro	snp3.9	snp3.9:66.2	unreviewed-verse
thanissaro	snp3.9	snp3.9:66.3	unreviewed-verse
thanissaro	snp3.9	snp3.9:66.4	unreviewed-verse
thanissaro	snp3.9	snp3.9:67.1	unreviewed-verse
thanissaro	snp3.9	snp3.9:67.2	unreviewed-verse
thanissaro	snp3.9	snp3.9:67.3	unreviewed-verse
thanissaro	snp3.9	snp3.9:67.4	unreviewed-verse
thanissaro	snp3.9	snp3.9:68.1	unreviewed-verse
thanissaro	snp3.9	snp3.9:68.2	unreviewed-verse
thanissaro	snp3.9	snp3.9:68.3	unreviewed-verse
thanissaro	snp3.9	snp3.9:68.4	unreviewed-verse
thanissaro	snp4.10	snp4.10:1.1	unreviewed-verse
thanissaro	snp4.10	snp4.10:1.2	unreviewed-verse
thanissaro	snp4.10	snp4.10:1.3	unreviewed-verse
thanissaro	snp4.10	snp4.10:1.4	unreviewed-verse
thanissaro	snp4.10	snp4.10:2.1	unreviewed-verse
thanissaro	snp4.10	snp4.10:2.3	unreviewed-verse
thanissaro	snp4.10	snp4.10:2.4	unreviewed-verse
thanissaro	snp4.10	snp4.10:2.5	unreviewed-verse
thanissaro	snp4.10	snp4.10:3.1	unreviewed-verse
thanissaro	snp4.10	snp4.10:3.2	unreviewed-verse
thanissaro	snp4.10	snp4.10:3.3	unreviewed-verse
thanissaro	snp4.10	snp4.10:3.4	unreviewed-verse
thanissaro	snp4.10	snp4.10:4.1	unreviewed-verse
thanissaro	snp4.10	snp4.10:4.2	unreviewed-verse
thanissaro	snp4.10	snp4.10:4.3	unreviewed-verse
thanissaro	snp4.10	snp4.10:4.4	unreviewed-verse
thanissaro	snp4.10	snp4.10:5.1	unreviewed-verse
thanissaro	snp4.10	snp4.10:5.2	unreviewed-verse
thanissaro	snp4.10	snp4.10:5.3	unreviewed-verse
thanissaro	snp4.10	snp4.10:5.4	unreviewed-verse
thanissaro	snp4.10	snp4.10:6.1	unreviewed-verse
thanissaro	snp4.10	snp4.10:6.2	unreviewed-verse
thanissaro	snp4.10	snp4.10:6.3	unreviewed-verse
thanissaro	snp4.10	snp4.10:6.4	unreviewed-verse
thanissaro	snp4.10	snp4.10:7.1	unreviewed-verse
thanissaro	snp4.10	snp4.10:7.2	unreviewed-verse
thanissaro	snp4.10	snp4.10:7.3	unreviewed-verse
thanissaro	snp4.10	snp4.10:7.4	unreviewed-verse
thanissaro	snp4.10	snp4.10:8.1	unreviewed-verse
thanissaro	snp4.10	snp4.10:8.2	unreviewed-verse
thanissaro	snp4.10	snp4.10:8.3	unreviewed-verse,pending-recovered-candidate
thanissaro	snp4.10	snp4.10:8.4	unreviewed-verse
thanissaro	snp4.10	snp4.10:9.1	unreviewed-verse
thanissaro	snp4.10	snp4.10:9.2	unreviewed-verse
thanissaro	snp4.10	snp4.10:9.3	unreviewed-verse
thanissaro	snp4.10	snp4.10:9.4	unreviewed-verse
thanissaro	snp4.10	snp4.10:10.1	unreviewed-verse
thanissaro	snp4.10	snp4.10:10.2	unreviewed-verse
thanissaro	snp4.10	snp4.10:10.3	unreviewed-verse
thanissaro	snp4.10	snp4.10:10.4	unreviewed-verse
thanissaro	snp4.10	snp4.10:11.1	unreviewed-verse
thanissaro	snp4.10	snp4.10:11.2	unreviewed-verse
thanissaro	snp4.10	snp4.10:11.3	unreviewed-verse
thanissaro	snp4.10	snp4.10:11.4	unreviewed-verse
thanissaro	snp4.10	snp4.10:12.1	unreviewed-verse
thanissaro	snp4.10	snp4.10:12.2	unreviewed-verse
thanissaro	snp4.10	snp4.10:12.3	unreviewed-verse
thanissaro	snp4.10	snp4.10:12.4	unreviewed-verse
thanissaro	snp4.10	snp4.10:13.1	unreviewed-verse
thanissaro	snp4.10	snp4.10:13.2	unreviewed-verse
thanissaro	snp4.10	snp4.10:13.3	unreviewed-verse
thanissaro	snp4.10	snp4.10:13.4	unreviewed-verse
thanissaro	snp4.10	snp4.10:14.1	unreviewed-verse
thanissaro	snp4.10	snp4.10:14.2	unreviewed-verse
thanissaro	snp4.10	snp4.10:14.3	unreviewed-verse
thanissaro	snp4.10	snp4.10:14.4	unreviewed-verse
thanissaro	snp4.11	snp4.11:1.1	unreviewed-verse
thanissaro	snp4.11	snp4.11:1.2	unreviewed-verse
thanissaro	snp4.11	snp4.11:1.3	unreviewed-verse
thanissaro	snp4.11	snp4.11:1.4	unreviewed-verse
thanissaro	snp4.11	snp4.11:2.1	unreviewed-verse
thanissaro	snp4.11	snp4.11:2.2	unreviewed-verse
thanissaro	snp4.11	snp4.11:2.3	unreviewed-verse
thanissaro	snp4.11	snp4.11:2.4	unreviewed-verse
thanissaro	snp4.11	snp4.11:2.5	unreviewed-verse
thanissaro	snp4.11	snp4.11:3.1	unreviewed-verse
thanissaro	snp4.11	snp4.11:3.2	unreviewed-verse
thanissaro	snp4.11	snp4.11:3.3	unreviewed-verse
thanissaro	snp4.11	snp4.11:3.4	unreviewed-verse
thanissaro	snp4.11	snp4.11:4.1	unreviewed-verse
thanissaro	snp4.11	snp4.11:4.2	unreviewed-verse
thanissaro	snp4.11	snp4.11:4.3	unreviewed-verse
thanissaro	snp4.11	snp4.11:4.4	unreviewed-verse
thanissaro	snp4.11	snp4.11:5.1	unreviewed-verse
thanissaro	snp4.11	snp4.11:5.2	unreviewed-verse
thanissaro	snp4.11	snp4.11:5.3	unreviewed-verse
thanissaro	snp4.11	snp4.11:5.4	unreviewed-verse
thanissaro	snp4.11	snp4.11:6.1	unreviewed-verse
thanissaro	snp4.11	snp4.11:6.2	unreviewed-verse
thanissaro	snp4.11	snp4.11:6.3	unreviewed-verse
thanissaro	snp4.11	snp4.11:6.4	unreviewed-verse
thanissaro	snp4.11	snp4.11:7.1	unreviewed-verse
thanissaro	snp4.11	snp4.11:7.2	unreviewed-verse
thanissaro	snp4.11	snp4.11:7.3	unreviewed-verse
thanissaro	snp4.11	snp4.11:7.4	unreviewed-verse
thanissaro	snp4.11	snp4.11:8.1	unreviewed-verse
thanissaro	snp4.11	snp4.11:8.2	unreviewed-verse
thanissaro	snp4.11	snp4.11:8.3	unreviewed-verse
thanissaro	snp4.11	snp4.11:8.4	unreviewed-verse
thanissaro	snp4.11	snp4.11:9.1	unreviewed-verse
thanissaro	snp4.11	snp4.11:9.2	unreviewed-verse
thanissaro	snp4.11	snp4.11:9.3	unreviewed-verse
thanissaro	snp4.11	snp4.11:9.4	unreviewed-verse
thanissaro	snp4.11	snp4.11:10.1	unreviewed-verse
thanissaro	snp4.11	snp4.11:10.2	unreviewed-verse
thanissaro	snp4.11	snp4.11:10.3	unreviewed-verse
thanissaro	snp4.11	snp4.11:10.4	unreviewed-verse
thanissaro	snp4.11	snp4.11:11.1	unreviewed-verse
thanissaro	snp4.11	snp4.11:11.2	unreviewed-verse
thanissaro	snp4.11	snp4.11:11.3	unreviewed-verse
thanissaro	snp4.11	snp4.11:11.4	unreviewed-verse
thanissaro	snp4.11	snp4.11:12.1	unreviewed-verse
thanissaro	snp4.11	snp4.11:12.2	unreviewed-verse
thanissaro	snp4.11	snp4.11:12.3	unreviewed-verse
thanissaro	snp4.11	snp4.11:12.4	unreviewed-verse
thanissaro	snp4.11	snp4.11:13.1	unreviewed-verse
thanissaro	snp4.11	snp4.11:13.2	unreviewed-verse
thanissaro	snp4.11	snp4.11:13.3	unreviewed-verse
thanissaro	snp4.11	snp4.11:13.4	unreviewed-verse
thanissaro	snp4.11	snp4.11:14.1	unreviewed-verse
thanissaro	snp4.11	snp4.11:14.2	unreviewed-verse
thanissaro	snp4.11	snp4.11:14.3	unreviewed-verse
thanissaro	snp4.11	snp4.11:14.4	unreviewed-verse
thanissaro	snp4.11	snp4.11:14.5	unreviewed-verse
thanissaro	snp4.11	snp4.11:15.1	unreviewed-verse
thanissaro	snp4.11	snp4.11:15.2	unreviewed-verse
thanissaro	snp4.11	snp4.11:15.3	unreviewed-verse
thanissaro	snp4.11	snp4.11:15.4	unreviewed-verse
thanissaro	snp4.11	snp4.11:16.1	unreviewed-verse
thanissaro	snp4.11	snp4.11:16.2	unreviewed-verse
thanissaro	snp4.11	snp4.11:16.3	unreviewed-verse
thanissaro	snp4.11	snp4.11:16.4	unreviewed-verse
thanissaro	snp4.12	snp4.12:1.1	unreviewed-verse
thanissaro	snp4.12	snp4.12:1.2	unreviewed-verse
thanissaro	snp4.12	snp4.12:1.3	unreviewed-verse
thanissaro	snp4.12	snp4.12:1.4	unreviewed-verse
thanissaro	snp4.12	snp4.12:2.1	unreviewed-verse
thanissaro	snp4.12	snp4.12:2.2	unreviewed-verse
thanissaro	snp4.12	snp4.12:2.3	unreviewed-verse
thanissaro	snp4.12	snp4.12:2.4	unreviewed-verse
thanissaro	snp4.12	snp4.12:3.1	unreviewed-verse
thanissaro	snp4.12	snp4.12:3.2	unreviewed-verse
thanissaro	snp4.12	snp4.12:3.3	unreviewed-verse
thanissaro	snp4.12	snp4.12:3.4	unreviewed-verse
thanissaro	snp4.12	snp4.12:4.1	unreviewed-verse
thanissaro	snp4.12	snp4.12:4.2	unreviewed-verse
thanissaro	snp4.12	snp4.12:4.3	unreviewed-verse
thanissaro	snp4.12	snp4.12:4.4	unreviewed-verse
thanissaro	snp4.12	snp4.12:5.1	unreviewed-verse
thanissaro	snp4.12	snp4.12:5.2	unreviewed-verse
thanissaro	snp4.12	snp4.12:5.3	unreviewed-verse
thanissaro	snp4.12	snp4.12:5.4	unreviewed-verse
thanissaro	snp4.12	snp4.12:6.1	unreviewed-verse
thanissaro	snp4.12	snp4.12:6.2	unreviewed-verse
thanissaro	snp4.12	snp4.12:6.3	unreviewed-verse
thanissaro	snp4.12	snp4.12:6.4	unreviewed-verse
thanissaro	snp4.12	snp4.12:7.1	unreviewed-verse
thanissaro	snp4.12	snp4.12:7.2	unreviewed-verse
thanissaro	snp4.12	snp4.12:7.3	unreviewed-verse
thanissaro	snp4.12	snp4.12:7.4	unreviewed-verse
thanissaro	snp4.12	snp4.12:8.1	unreviewed-verse
thanissaro	snp4.12	snp4.12:8.2	unreviewed-verse
thanissaro	snp4.12	snp4.12:8.3	unreviewed-verse
thanissaro	snp4.12	snp4.12:8.4	unreviewed-verse
thanissaro	snp4.12	snp4.12:9.1	unreviewed-verse
thanissaro	snp4.12	snp4.12:9.2	unreviewed-verse
thanissaro	snp4.12	snp4.12:9.3	unreviewed-verse
thanissaro	snp4.12	snp4.12:9.4	unreviewed-verse
thanissaro	snp4.12	snp4.12:10.1	unreviewed-verse
thanissaro	snp4.12	snp4.12:10.2	unreviewed-verse
thanissaro	snp4.12	snp4.12:10.3	unreviewed-verse
thanissaro	snp4.12	snp4.12:10.4	unreviewed-verse
thanissaro	snp4.12	snp4.12:11.1	unreviewed-verse
thanissaro	snp4.12	snp4.12:11.2	unreviewed-verse
thanissaro	snp4.12	snp4.12:11.3	unreviewed-verse
thanissaro	snp4.12	snp4.12:11.4	unreviewed-verse
thanissaro	snp4.12	snp4.12:12.1	unreviewed-verse
thanissaro	snp4.12	snp4.12:12.2	unreviewed-verse
thanissaro	snp4.12	snp4.12:12.3	unreviewed-verse
thanissaro	snp4.12	snp4.12:12.4	unreviewed-verse
thanissaro	snp4.12	snp4.12:13.1	unreviewed-verse
thanissaro	snp4.12	snp4.12:13.2	unreviewed-verse
thanissaro	snp4.12	snp4.12:13.3	unreviewed-verse
thanissaro	snp4.12	snp4.12:13.4	unreviewed-verse
thanissaro	snp4.12	snp4.12:14.1	unreviewed-verse
thanissaro	snp4.12	snp4.12:14.2	unreviewed-verse
thanissaro	snp4.12	snp4.12:14.3	unreviewed-verse
thanissaro	snp4.12	snp4.12:14.4	unreviewed-verse
thanissaro	snp4.12	snp4.12:15.1	unreviewed-verse
thanissaro	snp4.12	snp4.12:15.2	unreviewed-verse
thanissaro	snp4.12	snp4.12:15.3	unreviewed-verse
thanissaro	snp4.12	snp4.12:15.4	unreviewed-verse
thanissaro	snp4.12	snp4.12:16.1	unreviewed-verse
thanissaro	snp4.12	snp4.12:16.2	unreviewed-verse
thanissaro	snp4.12	snp4.12:16.3	unreviewed-verse
thanissaro	snp4.12	snp4.12:16.4	unreviewed-verse
thanissaro	snp4.12	snp4.12:17.1	unreviewed-verse
thanissaro	snp4.12	snp4.12:17.2	unreviewed-verse
thanissaro	snp4.12	snp4.12:17.3	unreviewed-verse
thanissaro	snp4.12	snp4.12:17.4	unreviewed-verse
thanissaro	snp4.13	snp4.13:1.1	unreviewed-verse
thanissaro	snp4.13	snp4.13:1.2	unreviewed-verse
thanissaro	snp4.13	snp4.13:1.3	unreviewed-verse
thanissaro	snp4.13	snp4.13:1.4	unreviewed-verse
thanissaro	snp4.13	snp4.13:2.1	unreviewed-verse
thanissaro	snp4.13	snp4.13:2.2	unreviewed-verse
thanissaro	snp4.13	snp4.13:2.3	unreviewed-verse
thanissaro	snp4.13	snp4.13:2.4	unreviewed-verse
thanissaro	snp4.13	snp4.13:3.1	unreviewed-verse
thanissaro	snp4.13	snp4.13:3.2	unreviewed-verse
thanissaro	snp4.13	snp4.13:3.3	unreviewed-verse
thanissaro	snp4.13	snp4.13:3.4	unreviewed-verse
thanissaro	snp4.13	snp4.13:4.1	unreviewed-verse
thanissaro	snp4.13	snp4.13:4.2	unreviewed-verse
thanissaro	snp4.13	snp4.13:4.3	unreviewed-verse
thanissaro	snp4.13	snp4.13:4.4	unreviewed-verse
thanissaro	snp4.13	snp4.13:5.1	unreviewed-verse
thanissaro	snp4.13	snp4.13:5.2	unreviewed-verse
thanissaro	snp4.13	snp4.13:5.3	unreviewed-verse
thanissaro	snp4.13	snp4.13:5.4	unreviewed-verse
thanissaro	snp4.13	snp4.13:6.1	unreviewed-verse
thanissaro	snp4.13	snp4.13:6.2	unreviewed-verse
thanissaro	snp4.13	snp4.13:6.3	unreviewed-verse
thanissaro	snp4.13	snp4.13:6.4	unreviewed-verse
thanissaro	snp4.13	snp4.13:7.1	unreviewed-verse
thanissaro	snp4.13	snp4.13:7.2	unreviewed-verse
thanissaro	snp4.13	snp4.13:7.3	unreviewed-verse
thanissaro	snp4.13	snp4.13:7.4	unreviewed-verse
thanissaro	snp4.13	snp4.13:8.1	unreviewed-verse
thanissaro	snp4.13	snp4.13:8.2	unreviewed-verse
thanissaro	snp4.13	snp4.13:8.3	unreviewed-verse
thanissaro	snp4.13	snp4.13:8.4	unreviewed-verse
thanissaro	snp4.13	snp4.13:9.1	unreviewed-verse
thanissaro	snp4.13	snp4.13:9.2	unreviewed-verse
thanissaro	snp4.13	snp4.13:9.3	unreviewed-verse
thanissaro	snp4.13	snp4.13:9.4	unreviewed-verse
thanissaro	snp4.13	snp4.13:10.1	unreviewed-verse
thanissaro	snp4.13	snp4.13:10.2	unreviewed-verse
thanissaro	snp4.13	snp4.13:10.3	unreviewed-verse
thanissaro	snp4.13	snp4.13:10.4	unreviewed-verse
thanissaro	snp4.13	snp4.13:11.1	unreviewed-verse
thanissaro	snp4.13	snp4.13:11.2	unreviewed-verse
thanissaro	snp4.13	snp4.13:11.3	unreviewed-verse
thanissaro	snp4.13	snp4.13:11.4	unreviewed-verse
thanissaro	snp4.13	snp4.13:12.1	unreviewed-verse
thanissaro	snp4.13	snp4.13:12.2	unreviewed-verse
thanissaro	snp4.13	snp4.13:12.3	unreviewed-verse
thanissaro	snp4.13	snp4.13:12.4	unreviewed-verse
thanissaro	snp4.13	snp4.13:13.1	unreviewed-verse
thanissaro	snp4.13	snp4.13:13.2	unreviewed-verse
thanissaro	snp4.13	snp4.13:13.3	unreviewed-verse
thanissaro	snp4.13	snp4.13:13.4	unreviewed-verse
thanissaro	snp4.13	snp4.13:14.1	unreviewed-verse
thanissaro	snp4.13	snp4.13:14.2	unreviewed-verse
thanissaro	snp4.13	snp4.13:14.3	unreviewed-verse
thanissaro	snp4.13	snp4.13:14.4	unreviewed-verse
thanissaro	snp4.13	snp4.13:15.1	unreviewed-verse
thanissaro	snp4.13	snp4.13:15.2	unreviewed-verse
thanissaro	snp4.13	snp4.13:15.3	unreviewed-verse
thanissaro	snp4.13	snp4.13:15.4	unreviewed-verse
thanissaro	snp4.13	snp4.13:16.1	unreviewed-verse
thanissaro	snp4.13	snp4.13:16.2	unreviewed-verse
thanissaro	snp4.13	snp4.13:16.3	unreviewed-verse
thanissaro	snp4.13	snp4.13:16.4	unreviewed-verse
thanissaro	snp4.13	snp4.13:17.1	unreviewed-verse
thanissaro	snp4.13	snp4.13:17.2	unreviewed-verse
thanissaro	snp4.13	snp4.13:17.3	unreviewed-verse
thanissaro	snp4.13	snp4.13:17.4	unreviewed-verse
thanissaro	snp4.13	snp4.13:18.1	unreviewed-verse
thanissaro	snp4.13	snp4.13:18.2	unreviewed-verse
thanissaro	snp4.13	snp4.13:18.3	unreviewed-verse
thanissaro	snp4.13	snp4.13:18.4	unreviewed-verse
thanissaro	snp4.13	snp4.13:19.1	unreviewed-verse
thanissaro	snp4.13	snp4.13:19.2	unreviewed-verse
thanissaro	snp4.13	snp4.13:19.3	unreviewed-verse
thanissaro	snp4.13	snp4.13:19.4	unreviewed-verse
thanissaro	snp4.13	snp4.13:20.1	unreviewed-verse
thanissaro	snp4.13	snp4.13:20.2	unreviewed-verse
thanissaro	snp4.13	snp4.13:20.3	unreviewed-verse
thanissaro	snp4.13	snp4.13:20.4	unreviewed-verse
thanissaro	snp4.14	snp4.14:1.1	unreviewed-verse
thanissaro	snp4.14	snp4.14:1.2	unreviewed-verse
thanissaro	snp4.14	snp4.14:1.3	unreviewed-verse
thanissaro	snp4.14	snp4.14:1.4	unreviewed-verse
thanissaro	snp4.14	snp4.14:2.1	unreviewed-verse
thanissaro	snp4.14	snp4.14:2.3	unreviewed-verse
thanissaro	snp4.14	snp4.14:2.4	unreviewed-verse
thanissaro	snp4.14	snp4.14:2.5	unreviewed-verse
thanissaro	snp4.14	snp4.14:3.1	unreviewed-verse
thanissaro	snp4.14	snp4.14:3.2	unreviewed-verse
thanissaro	snp4.14	snp4.14:3.3	unreviewed-verse
thanissaro	snp4.14	snp4.14:3.4	unreviewed-verse
thanissaro	snp4.14	snp4.14:4.1	unreviewed-verse
thanissaro	snp4.14	snp4.14:4.2	unreviewed-verse
thanissaro	snp4.14	snp4.14:4.3	unreviewed-verse
thanissaro	snp4.14	snp4.14:4.4	unreviewed-verse
thanissaro	snp4.14	snp4.14:5.1	unreviewed-verse
thanissaro	snp4.14	snp4.14:5.2	unreviewed-verse
thanissaro	snp4.14	snp4.14:5.3	unreviewed-verse
thanissaro	snp4.14	snp4.14:5.4	unreviewed-verse
thanissaro	snp4.14	snp4.14:6.1	unreviewed-verse
thanissaro	snp4.14	snp4.14:6.2	unreviewed-verse
thanissaro	snp4.14	snp4.14:6.3	unreviewed-verse
thanissaro	snp4.14	snp4.14:6.4	unreviewed-verse
thanissaro	snp4.14	snp4.14:7.1	unreviewed-verse
thanissaro	snp4.14	snp4.14:7.2	unreviewed-verse
thanissaro	snp4.14	snp4.14:7.3	unreviewed-verse
thanissaro	snp4.14	snp4.14:7.4	unreviewed-verse
thanissaro	snp4.14	snp4.14:8.1	unreviewed-verse
thanissaro	snp4.14	snp4.14:8.2	unreviewed-verse
thanissaro	snp4.14	snp4.14:8.3	unreviewed-verse
thanissaro	snp4.14	snp4.14:8.4	unreviewed-verse
thanissaro	snp4.14	snp4.14:9.1	unreviewed-verse
thanissaro	snp4.14	snp4.14:9.2	unreviewed-verse
thanissaro	snp4.14	snp4.14:9.3	unreviewed-verse
thanissaro	snp4.14	snp4.14:9.4	unreviewed-verse
thanissaro	snp4.14	snp4.14:10.1	unreviewed-verse
thanissaro	snp4.14	snp4.14:10.2	unreviewed-verse
thanissaro	snp4.14	snp4.14:10.3	unreviewed-verse
thanissaro	snp4.14	snp4.14:10.4	unreviewed-verse
thanissaro	snp4.14	snp4.14:11.1	unreviewed-verse
thanissaro	snp4.14	snp4.14:11.2	unreviewed-verse
thanissaro	snp4.14	snp4.14:11.3	unreviewed-verse
thanissaro	snp4.14	snp4.14:11.4	unreviewed-verse
thanissaro	snp4.14	snp4.14:12.1	unreviewed-verse
thanissaro	snp4.14	snp4.14:12.2	unreviewed-verse
thanissaro	snp4.14	snp4.14:12.3	unreviewed-verse
thanissaro	snp4.14	snp4.14:12.4	unreviewed-verse
thanissaro	snp4.14	snp4.14:13.1	unreviewed-verse
thanissaro	snp4.14	snp4.14:13.2	unreviewed-verse
thanissaro	snp4.14	snp4.14:13.3	unreviewed-verse
thanissaro	snp4.14	snp4.14:13.4	unreviewed-verse
thanissaro	snp4.14	snp4.14:14.1	unreviewed-verse
thanissaro	snp4.14	snp4.14:14.2	unreviewed-verse
thanissaro	snp4.14	snp4.14:14.3	unreviewed-verse
thanissaro	snp4.14	snp4.14:14.4	unreviewed-verse
thanissaro	snp4.14	snp4.14:15.1	unreviewed-verse
thanissaro	snp4.14	snp4.14:15.2	unreviewed-verse
thanissaro	snp4.14	snp4.14:15.3	unreviewed-verse
thanissaro	snp4.14	snp4.14:15.4	unreviewed-verse
thanissaro	snp4.14	snp4.14:16.1	unreviewed-verse
thanissaro	snp4.14	snp4.14:16.2	unreviewed-verse
thanissaro	snp4.14	snp4.14:16.3	unreviewed-verse
thanissaro	snp4.14	snp4.14:16.4	unreviewed-verse
thanissaro	snp4.14	snp4.14:17.1	unreviewed-verse
thanissaro	snp4.14	snp4.14:17.2	unreviewed-verse
thanissaro	snp4.14	snp4.14:17.3	unreviewed-verse
thanissaro	snp4.14	snp4.14:17.4	unreviewed-verse
thanissaro	snp4.14	snp4.14:18.1	unreviewed-verse
thanissaro	snp4.14	snp4.14:18.2	unreviewed-verse
thanissaro	snp4.14	snp4.14:18.3	unreviewed-verse
thanissaro	snp4.14	snp4.14:18.4	unreviewed-verse
thanissaro	snp4.14	snp4.14:19.1	unreviewed-verse
thanissaro	snp4.14	snp4.14:19.2	unreviewed-verse
thanissaro	snp4.14	snp4.14:19.3	unreviewed-verse
thanissaro	snp4.14	snp4.14:19.4	unreviewed-verse
thanissaro	snp4.14	snp4.14:20.1	unreviewed-verse
thanissaro	snp4.14	snp4.14:20.2	unreviewed-verse
thanissaro	snp4.14	snp4.14:20.3	unreviewed-verse
thanissaro	snp4.14	snp4.14:20.4	unreviewed-verse
thanissaro	snp4.15	snp4.15:1.1	unreviewed-verse
thanissaro	snp4.15	snp4.15:1.2	unreviewed-verse
thanissaro	snp4.15	snp4.15:1.3	unreviewed-verse
thanissaro	snp4.15	snp4.15:1.4	unreviewed-verse
thanissaro	snp4.15	snp4.15:2.1	unreviewed-verse
thanissaro	snp4.15	snp4.15:2.2	unreviewed-verse
thanissaro	snp4.15	snp4.15:2.3	unreviewed-verse
thanissaro	snp4.15	snp4.15:2.4	unreviewed-verse
thanissaro	snp4.15	snp4.15:3.1	unreviewed-verse
thanissaro	snp4.15	snp4.15:3.2	unreviewed-verse
thanissaro	snp4.15	snp4.15:3.3	unreviewed-verse
thanissaro	snp4.15	snp4.15:3.4	unreviewed-verse
thanissaro	snp4.15	snp4.15:4.1	unreviewed-verse
thanissaro	snp4.15	snp4.15:4.2	unreviewed-verse
thanissaro	snp4.15	snp4.15:4.3	unreviewed-verse
thanissaro	snp4.15	snp4.15:4.4	unreviewed-verse
thanissaro	snp4.15	snp4.15:5.1	unreviewed-verse
thanissaro	snp4.15	snp4.15:5.2	unreviewed-verse
thanissaro	snp4.15	snp4.15:5.3	unreviewed-verse
thanissaro	snp4.15	snp4.15:5.4	unreviewed-verse
thanissaro	snp4.15	snp4.15:6.1	unreviewed-verse
thanissaro	snp4.15	snp4.15:6.2	unreviewed-verse
thanissaro	snp4.15	snp4.15:6.3	unreviewed-verse
thanissaro	snp4.15	snp4.15:6.4	unreviewed-verse
thanissaro	snp4.15	snp4.15:6.5	unreviewed-verse
thanissaro	snp4.15	snp4.15:7.1	unreviewed-verse
thanissaro	snp4.15	snp4.15:7.2	unreviewed-verse
thanissaro	snp4.15	snp4.15:7.3	unreviewed-verse
thanissaro	snp4.15	snp4.15:7.4	unreviewed-verse
thanissaro	snp4.15	snp4.15:8.1	unreviewed-verse
thanissaro	snp4.15	snp4.15:8.2	unreviewed-verse
thanissaro	snp4.15	snp4.15:8.3	unreviewed-verse
thanissaro	snp4.15	snp4.15:8.4	unreviewed-verse
thanissaro	snp4.15	snp4.15:9.1	unreviewed-verse
thanissaro	snp4.15	snp4.15:9.2	unreviewed-verse
thanissaro	snp4.15	snp4.15:9.3	unreviewed-verse
thanissaro	snp4.15	snp4.15:9.4	unreviewed-verse
thanissaro	snp4.15	snp4.15:10.1	unreviewed-verse
thanissaro	snp4.15	snp4.15:10.2	unreviewed-verse
thanissaro	snp4.15	snp4.15:10.3	unreviewed-verse
thanissaro	snp4.15	snp4.15:10.4	unreviewed-verse
thanissaro	snp4.15	snp4.15:11.1	unreviewed-verse
thanissaro	snp4.15	snp4.15:11.2	unreviewed-verse
thanissaro	snp4.15	snp4.15:11.3	unreviewed-verse
thanissaro	snp4.15	snp4.15:11.4	unreviewed-verse
thanissaro	snp4.15	snp4.15:12.1	unreviewed-verse
thanissaro	snp4.15	snp4.15:12.2	unreviewed-verse,pending-recovered-candidate
thanissaro	snp4.15	snp4.15:12.3	unreviewed-verse
thanissaro	snp4.15	snp4.15:12.4	unreviewed-verse
thanissaro	snp4.15	snp4.15:13.1	unreviewed-verse
thanissaro	snp4.15	snp4.15:13.2	unreviewed-verse
thanissaro	snp4.15	snp4.15:13.3	unreviewed-verse
thanissaro	snp4.15	snp4.15:13.4	unreviewed-verse
thanissaro	snp4.15	snp4.15:14.1	unreviewed-verse
thanissaro	snp4.15	snp4.15:14.2	unreviewed-verse
thanissaro	snp4.15	snp4.15:14.3	unreviewed-verse
thanissaro	snp4.15	snp4.15:14.4	unreviewed-verse
thanissaro	snp4.15	snp4.15:15.1	unreviewed-verse
thanissaro	snp4.15	snp4.15:15.2	unreviewed-verse
thanissaro	snp4.15	snp4.15:15.3	unreviewed-verse
thanissaro	snp4.15	snp4.15:15.4	unreviewed-verse
thanissaro	snp4.15	snp4.15:16.1	unreviewed-verse
thanissaro	snp4.15	snp4.15:16.2	unreviewed-verse
thanissaro	snp4.15	snp4.15:16.3	unreviewed-verse
thanissaro	snp4.15	snp4.15:16.4	unreviewed-verse
thanissaro	snp4.15	snp4.15:17.1	unreviewed-verse
thanissaro	snp4.15	snp4.15:17.2	unreviewed-verse
thanissaro	snp4.15	snp4.15:17.3	unreviewed-verse
thanissaro	snp4.15	snp4.15:17.4	unreviewed-verse
thanissaro	snp4.15	snp4.15:18.1	unreviewed-verse
thanissaro	snp4.15	snp4.15:18.2	unreviewed-verse
thanissaro	snp4.15	snp4.15:18.3	unreviewed-verse
thanissaro	snp4.15	snp4.15:18.4	unreviewed-verse
thanissaro	snp4.15	snp4.15:19.1	unreviewed-verse
thanissaro	snp4.15	snp4.15:19.2	unreviewed-verse
thanissaro	snp4.15	snp4.15:19.3	unreviewed-verse
thanissaro	snp4.15	snp4.15:19.4	unreviewed-verse
thanissaro	snp4.15	snp4.15:20.1	unreviewed-verse
thanissaro	snp4.15	snp4.15:20.2	unreviewed-verse
thanissaro	snp4.15	snp4.15:20.3	unreviewed-verse
thanissaro	snp4.15	snp4.15:20.4	unreviewed-verse
thanissaro	snp4.16	snp4.16:1.1	unreviewed-verse
thanissaro	snp4.16	snp4.16:1.3	unreviewed-verse
thanissaro	snp4.16	snp4.16:1.4	unreviewed-verse
thanissaro	snp4.16	snp4.16:1.5	unreviewed-verse
thanissaro	snp4.16	snp4.16:2.1	unreviewed-verse
thanissaro	snp4.16	snp4.16:2.2	unreviewed-verse
thanissaro	snp4.16	snp4.16:2.3	unreviewed-verse
thanissaro	snp4.16	snp4.16:2.4	unreviewed-verse
thanissaro	snp4.16	snp4.16:3.1	unreviewed-verse
thanissaro	snp4.16	snp4.16:3.2	unreviewed-verse
thanissaro	snp4.16	snp4.16:3.3	unreviewed-verse
thanissaro	snp4.16	snp4.16:3.4	unreviewed-verse
thanissaro	snp4.16	snp4.16:4.1	unreviewed-verse
thanissaro	snp4.16	snp4.16:4.2	unreviewed-verse
thanissaro	snp4.16	snp4.16:4.3	unreviewed-verse
thanissaro	snp4.16	snp4.16:4.4	unreviewed-verse
thanissaro	snp4.16	snp4.16:5.1	unreviewed-verse
thanissaro	snp4.16	snp4.16:5.2	unreviewed-verse
thanissaro	snp4.16	snp4.16:5.3	unreviewed-verse
thanissaro	snp4.16	snp4.16:5.4	unreviewed-verse
thanissaro	snp4.16	snp4.16:6.1	unreviewed-verse
thanissaro	snp4.16	snp4.16:6.2	unreviewed-verse
thanissaro	snp4.16	snp4.16:6.3	unreviewed-verse
thanissaro	snp4.16	snp4.16:6.4	unreviewed-verse
thanissaro	snp4.16	snp4.16:7.1	unreviewed-verse
thanissaro	snp4.16	snp4.16:7.2	unreviewed-verse
thanissaro	snp4.16	snp4.16:7.3	unreviewed-verse
thanissaro	snp4.16	snp4.16:7.4	unreviewed-verse
thanissaro	snp4.16	snp4.16:8.1	unreviewed-verse
thanissaro	snp4.16	snp4.16:8.2	unreviewed-verse
thanissaro	snp4.16	snp4.16:8.3	unreviewed-verse
thanissaro	snp4.16	snp4.16:8.4	unreviewed-verse
thanissaro	snp4.16	snp4.16:9.1	unreviewed-verse
thanissaro	snp4.16	snp4.16:9.3	unreviewed-verse
thanissaro	snp4.16	snp4.16:9.4	unreviewed-verse
thanissaro	snp4.16	snp4.16:9.5	unreviewed-verse
thanissaro	snp4.16	snp4.16:10.1	unreviewed-verse
thanissaro	snp4.16	snp4.16:10.2	unreviewed-verse
thanissaro	snp4.16	snp4.16:10.3	unreviewed-verse
thanissaro	snp4.16	snp4.16:10.4	unreviewed-verse
thanissaro	snp4.16	snp4.16:11.1	unreviewed-verse
thanissaro	snp4.16	snp4.16:11.2	unreviewed-verse
thanissaro	snp4.16	snp4.16:11.3	unreviewed-verse
thanissaro	snp4.16	snp4.16:11.4	unreviewed-verse
thanissaro	snp4.16	snp4.16:12.1	unreviewed-verse
thanissaro	snp4.16	snp4.16:12.2	unreviewed-verse
thanissaro	snp4.16	snp4.16:12.3	unreviewed-verse
thanissaro	snp4.16	snp4.16:12.4	unreviewed-verse
thanissaro	snp4.16	snp4.16:13.1	unreviewed-verse
thanissaro	snp4.16	snp4.16:13.2	unreviewed-verse
thanissaro	snp4.16	snp4.16:13.3	unreviewed-verse
thanissaro	snp4.16	snp4.16:13.4	unreviewed-verse
thanissaro	snp4.16	snp4.16:14.1	unreviewed-verse
thanissaro	snp4.16	snp4.16:14.2	unreviewed-verse
thanissaro	snp4.16	snp4.16:14.3	unreviewed-verse
thanissaro	snp4.16	snp4.16:14.4	unreviewed-verse
thanissaro	snp4.16	snp4.16:15.1	unreviewed-verse
thanissaro	snp4.16	snp4.16:15.2	unreviewed-verse
thanissaro	snp4.16	snp4.16:15.3	unreviewed-verse
thanissaro	snp4.16	snp4.16:15.4	unreviewed-verse
thanissaro	snp4.16	snp4.16:16.1	unreviewed-verse
thanissaro	snp4.16	snp4.16:16.2	unreviewed-verse
thanissaro	snp4.16	snp4.16:16.3	unreviewed-verse
thanissaro	snp4.16	snp4.16:16.4	unreviewed-verse
thanissaro	snp4.16	snp4.16:17.1	unreviewed-verse
thanissaro	snp4.16	snp4.16:17.2	unreviewed-verse
thanissaro	snp4.16	snp4.16:17.3	unreviewed-verse
thanissaro	snp4.16	snp4.16:17.4	unreviewed-verse
thanissaro	snp4.16	snp4.16:18.1	unreviewed-verse
thanissaro	snp4.16	snp4.16:18.2	unreviewed-verse
thanissaro	snp4.16	snp4.16:18.3	unreviewed-verse
thanissaro	snp4.16	snp4.16:18.4	unreviewed-verse
thanissaro	snp4.16	snp4.16:19.1	unreviewed-verse
thanissaro	snp4.16	snp4.16:19.2	unreviewed-verse
thanissaro	snp4.16	snp4.16:19.3	unreviewed-verse
thanissaro	snp4.16	snp4.16:19.4	unreviewed-verse
thanissaro	snp4.16	snp4.16:20.1	unreviewed-verse
thanissaro	snp4.16	snp4.16:20.2	unreviewed-verse
thanissaro	snp4.16	snp4.16:20.3	unreviewed-verse
thanissaro	snp4.16	snp4.16:20.4	unreviewed-verse
thanissaro	snp4.16	snp4.16:21.1	unreviewed-verse
thanissaro	snp4.16	snp4.16:21.2	unreviewed-verse
thanissaro	snp4.16	snp4.16:21.3	unreviewed-verse
thanissaro	snp4.16	snp4.16:21.4	unreviewed-verse
thanissaro	snp4.1	snp4.1:1.1	unreviewed-verse
thanissaro	snp4.1	snp4.1:1.2	unreviewed-verse
thanissaro	snp4.1	snp4.1:1.3	unreviewed-verse
thanissaro	snp4.1	snp4.1:1.4	unreviewed-verse
thanissaro	snp4.1	snp4.1:2.1	unreviewed-verse
thanissaro	snp4.1	snp4.1:2.2	unreviewed-verse
thanissaro	snp4.1	snp4.1:2.3	unreviewed-verse
thanissaro	snp4.1	snp4.1:2.4	unreviewed-verse
thanissaro	snp4.1	snp4.1:3.1	unreviewed-verse
thanissaro	snp4.1	snp4.1:3.2	unreviewed-verse
thanissaro	snp4.1	snp4.1:3.3	unreviewed-verse
thanissaro	snp4.1	snp4.1:3.4	unreviewed-verse
thanissaro	snp4.1	snp4.1:4.1	unreviewed-verse
thanissaro	snp4.1	snp4.1:4.2	unreviewed-verse
thanissaro	snp4.1	snp4.1:4.3	unreviewed-verse
thanissaro	snp4.1	snp4.1:4.4	unreviewed-verse
thanissaro	snp4.1	snp4.1:5.1	unreviewed-verse
thanissaro	snp4.1	snp4.1:5.2	unreviewed-verse
thanissaro	snp4.1	snp4.1:5.3	unreviewed-verse
thanissaro	snp4.1	snp4.1:5.4	unreviewed-verse
thanissaro	snp4.1	snp4.1:6.1	unreviewed-verse
thanissaro	snp4.1	snp4.1:6.2	unreviewed-verse
thanissaro	snp4.1	snp4.1:6.3	unreviewed-verse
thanissaro	snp4.1	snp4.1:6.4	unreviewed-verse
thanissaro	snp4.2	snp4.2:1.1	unreviewed-verse
thanissaro	snp4.2	snp4.2:1.2	unreviewed-verse
thanissaro	snp4.2	snp4.2:1.3	unreviewed-verse
thanissaro	snp4.2	snp4.2:1.4	unreviewed-verse
thanissaro	snp4.2	snp4.2:2.1	unreviewed-verse
thanissaro	snp4.2	snp4.2:2.2	unreviewed-verse
thanissaro	snp4.2	snp4.2:2.3	unreviewed-verse
thanissaro	snp4.2	snp4.2:2.4	unreviewed-verse
thanissaro	snp4.2	snp4.2:3.1	unreviewed-verse
thanissaro	snp4.2	snp4.2:3.2	unreviewed-verse
thanissaro	snp4.2	snp4.2:3.3	unreviewed-verse
thanissaro	snp4.2	snp4.2:3.4	unreviewed-verse
thanissaro	snp4.2	snp4.2:4.1	unreviewed-verse
thanissaro	snp4.2	snp4.2:4.2	unreviewed-verse
thanissaro	snp4.2	snp4.2:4.3	unreviewed-verse
thanissaro	snp4.2	snp4.2:4.4	unreviewed-verse
thanissaro	snp4.2	snp4.2:5.1	unreviewed-verse
thanissaro	snp4.2	snp4.2:5.2	unreviewed-verse
thanissaro	snp4.2	snp4.2:5.3	unreviewed-verse
thanissaro	snp4.2	snp4.2:5.4	unreviewed-verse
thanissaro	snp4.2	snp4.2:6.1	unreviewed-verse
thanissaro	snp4.2	snp4.2:6.2	unreviewed-verse
thanissaro	snp4.2	snp4.2:6.3	unreviewed-verse
thanissaro	snp4.2	snp4.2:6.4	unreviewed-verse
thanissaro	snp4.2	snp4.2:7.1	unreviewed-verse
thanissaro	snp4.2	snp4.2:7.2	unreviewed-verse
thanissaro	snp4.2	snp4.2:7.3	unreviewed-verse
thanissaro	snp4.2	snp4.2:7.4	unreviewed-verse
thanissaro	snp4.2	snp4.2:8.1	unreviewed-verse
thanissaro	snp4.2	snp4.2:8.2	unreviewed-verse
thanissaro	snp4.2	snp4.2:8.3	unreviewed-verse
thanissaro	snp4.2	snp4.2:8.4	unreviewed-verse
thanissaro	snp4.3	snp4.3:1.1	unreviewed-verse
thanissaro	snp4.3	snp4.3:1.2	unreviewed-verse
thanissaro	snp4.3	snp4.3:1.3	unreviewed-verse
thanissaro	snp4.3	snp4.3:1.4	unreviewed-verse
thanissaro	snp4.3	snp4.3:2.1	unreviewed-verse
thanissaro	snp4.3	snp4.3:2.2	unreviewed-verse
thanissaro	snp4.3	snp4.3:2.3	unreviewed-verse
thanissaro	snp4.3	snp4.3:2.4	unreviewed-verse
thanissaro	snp4.3	snp4.3:3.1	unreviewed-verse
thanissaro	snp4.3	snp4.3:3.2	unreviewed-verse
thanissaro	snp4.3	snp4.3:3.3	unreviewed-verse
thanissaro	snp4.3	snp4.3:3.4	unreviewed-verse
thanissaro	snp4.3	snp4.3:4.1	unreviewed-verse
thanissaro	snp4.3	snp4.3:4.2	unreviewed-verse
thanissaro	snp4.3	snp4.3:4.3	unreviewed-verse
thanissaro	snp4.3	snp4.3:4.4	unreviewed-verse
thanissaro	snp4.3	snp4.3:5.1	unreviewed-verse
thanissaro	snp4.3	snp4.3:5.2	unreviewed-verse
thanissaro	snp4.3	snp4.3:5.3	unreviewed-verse
thanissaro	snp4.3	snp4.3:5.4	unreviewed-verse
thanissaro	snp4.3	snp4.3:6.1	unreviewed-verse
thanissaro	snp4.3	snp4.3:6.2	unreviewed-verse
thanissaro	snp4.3	snp4.3:6.3	unreviewed-verse
thanissaro	snp4.3	snp4.3:6.4	unreviewed-verse
thanissaro	snp4.3	snp4.3:7.1	unreviewed-verse
thanissaro	snp4.3	snp4.3:7.2	unreviewed-verse
thanissaro	snp4.3	snp4.3:7.3	unreviewed-verse
thanissaro	snp4.3	snp4.3:7.4	unreviewed-verse
thanissaro	snp4.3	snp4.3:8.1	unreviewed-verse
thanissaro	snp4.3	snp4.3:8.2	unreviewed-verse
thanissaro	snp4.3	snp4.3:8.3	unreviewed-verse
thanissaro	snp4.3	snp4.3:8.4	unreviewed-verse
thanissaro	snp4.4	snp4.4:1.1	unreviewed-verse
thanissaro	snp4.4	snp4.4:1.2	unreviewed-verse
thanissaro	snp4.4	snp4.4:1.3	unreviewed-verse
thanissaro	snp4.4	snp4.4:1.4	unreviewed-verse
thanissaro	snp4.4	snp4.4:2.1	unreviewed-verse
thanissaro	snp4.4	snp4.4:2.2	unreviewed-verse
thanissaro	snp4.4	snp4.4:2.3	unreviewed-verse
thanissaro	snp4.4	snp4.4:2.4	unreviewed-verse
thanissaro	snp4.4	snp4.4:3.1	unreviewed-verse
thanissaro	snp4.4	snp4.4:3.2	unreviewed-verse
thanissaro	snp4.4	snp4.4:3.3	unreviewed-verse,pending-recovered-candidate
thanissaro	snp4.4	snp4.4:3.4	unreviewed-verse
thanissaro	snp4.4	snp4.4:4.1	unreviewed-verse
thanissaro	snp4.4	snp4.4:4.2	unreviewed-verse
thanissaro	snp4.4	snp4.4:4.3	unreviewed-verse
thanissaro	snp4.4	snp4.4:4.4	unreviewed-verse
thanissaro	snp4.4	snp4.4:5.1	unreviewed-verse
thanissaro	snp4.4	snp4.4:5.2	unreviewed-verse
thanissaro	snp4.4	snp4.4:5.3	unreviewed-verse
thanissaro	snp4.4	snp4.4:5.4	unreviewed-verse
thanissaro	snp4.4	snp4.4:6.1	unreviewed-verse
thanissaro	snp4.4	snp4.4:6.2	unreviewed-verse
thanissaro	snp4.4	snp4.4:6.3	unreviewed-verse
thanissaro	snp4.4	snp4.4:6.4	unreviewed-verse
thanissaro	snp4.4	snp4.4:7.1	unreviewed-verse
thanissaro	snp4.4	snp4.4:7.2	unreviewed-verse
thanissaro	snp4.4	snp4.4:7.3	unreviewed-verse
thanissaro	snp4.4	snp4.4:7.4	unreviewed-verse
thanissaro	snp4.4	snp4.4:8.1	unreviewed-verse
thanissaro	snp4.4	snp4.4:8.2	unreviewed-verse
thanissaro	snp4.4	snp4.4:8.3	unreviewed-verse
thanissaro	snp4.4	snp4.4:8.4	unreviewed-verse
thanissaro	snp4.5	snp4.5:1.1	unreviewed-verse
thanissaro	snp4.5	snp4.5:1.2	unreviewed-verse
thanissaro	snp4.5	snp4.5:1.3	unreviewed-verse
thanissaro	snp4.5	snp4.5:1.4	unreviewed-verse
thanissaro	snp4.5	snp4.5:2.1	unreviewed-verse
thanissaro	snp4.5	snp4.5:2.2	unreviewed-verse
thanissaro	snp4.5	snp4.5:2.3	unreviewed-verse
thanissaro	snp4.5	snp4.5:2.4	unreviewed-verse
thanissaro	snp4.5	snp4.5:3.1	unreviewed-verse
thanissaro	snp4.5	snp4.5:3.2	unreviewed-verse
thanissaro	snp4.5	snp4.5:3.3	unreviewed-verse
thanissaro	snp4.5	snp4.5:3.4	unreviewed-verse
thanissaro	snp4.5	snp4.5:4.1	unreviewed-verse
thanissaro	snp4.5	snp4.5:4.2	unreviewed-verse
thanissaro	snp4.5	snp4.5:4.3	unreviewed-verse
thanissaro	snp4.5	snp4.5:4.4	unreviewed-verse
thanissaro	snp4.5	snp4.5:5.1	unreviewed-verse
thanissaro	snp4.5	snp4.5:5.2	unreviewed-verse
thanissaro	snp4.5	snp4.5:5.3	unreviewed-verse
thanissaro	snp4.5	snp4.5:5.4	unreviewed-verse
thanissaro	snp4.5	snp4.5:6.1	unreviewed-verse
thanissaro	snp4.5	snp4.5:6.2	unreviewed-verse
thanissaro	snp4.5	snp4.5:6.3	unreviewed-verse
thanissaro	snp4.5	snp4.5:6.4	unreviewed-verse
thanissaro	snp4.5	snp4.5:7.1	unreviewed-verse
thanissaro	snp4.5	snp4.5:7.2	unreviewed-verse
thanissaro	snp4.5	snp4.5:7.3	unreviewed-verse
thanissaro	snp4.5	snp4.5:7.4	unreviewed-verse
thanissaro	snp4.5	snp4.5:8.1	unreviewed-verse
thanissaro	snp4.5	snp4.5:8.2	unreviewed-verse
thanissaro	snp4.5	snp4.5:8.3	unreviewed-verse
thanissaro	snp4.5	snp4.5:8.4	unreviewed-verse
thanissaro	snp4.6	snp4.6:1.1	unreviewed-verse
thanissaro	snp4.6	snp4.6:1.2	unreviewed-verse
thanissaro	snp4.6	snp4.6:1.3	unreviewed-verse
thanissaro	snp4.6	snp4.6:1.4	unreviewed-verse
thanissaro	snp4.6	snp4.6:2.1	unreviewed-verse
thanissaro	snp4.6	snp4.6:2.2	unreviewed-verse
thanissaro	snp4.6	snp4.6:2.3	unreviewed-verse
thanissaro	snp4.6	snp4.6:2.4	unreviewed-verse
thanissaro	snp4.6	snp4.6:3.1	unreviewed-verse
thanissaro	snp4.6	snp4.6:3.2	unreviewed-verse
thanissaro	snp4.6	snp4.6:3.3	unreviewed-verse
thanissaro	snp4.6	snp4.6:3.4	unreviewed-verse
thanissaro	snp4.6	snp4.6:4.1	unreviewed-verse
thanissaro	snp4.6	snp4.6:4.2	unreviewed-verse
thanissaro	snp4.6	snp4.6:4.3	unreviewed-verse
thanissaro	snp4.6	snp4.6:4.4	unreviewed-verse
thanissaro	snp4.6	snp4.6:5.1	unreviewed-verse
thanissaro	snp4.6	snp4.6:5.2	unreviewed-verse
thanissaro	snp4.6	snp4.6:5.3	unreviewed-verse
thanissaro	snp4.6	snp4.6:5.4	unreviewed-verse
thanissaro	snp4.6	snp4.6:6.1	unreviewed-verse
thanissaro	snp4.6	snp4.6:6.2	unreviewed-verse
thanissaro	snp4.6	snp4.6:6.3	unreviewed-verse
thanissaro	snp4.6	snp4.6:6.4	unreviewed-verse
thanissaro	snp4.6	snp4.6:7.1	unreviewed-verse
thanissaro	snp4.6	snp4.6:7.2	unreviewed-verse
thanissaro	snp4.6	snp4.6:7.3	unreviewed-verse
thanissaro	snp4.6	snp4.6:7.4	unreviewed-verse
thanissaro	snp4.6	snp4.6:8.1	unreviewed-verse
thanissaro	snp4.6	snp4.6:8.2	unreviewed-verse
thanissaro	snp4.6	snp4.6:8.3	unreviewed-verse
thanissaro	snp4.6	snp4.6:8.4	unreviewed-verse
thanissaro	snp4.6	snp4.6:9.1	unreviewed-verse
thanissaro	snp4.6	snp4.6:9.2	unreviewed-verse
thanissaro	snp4.6	snp4.6:9.3	unreviewed-verse
thanissaro	snp4.6	snp4.6:9.4	unreviewed-verse
thanissaro	snp4.6	snp4.6:10.1	unreviewed-verse
thanissaro	snp4.6	snp4.6:10.2	unreviewed-verse
thanissaro	snp4.6	snp4.6:10.3	unreviewed-verse
thanissaro	snp4.6	snp4.6:10.4	unreviewed-verse
thanissaro	snp4.7	snp4.7:10.1	unreviewed-verse
thanissaro	snp4.8	snp4.8:1.1	unreviewed-verse
thanissaro	snp4.8	snp4.8:1.2	unreviewed-verse
thanissaro	snp4.8	snp4.8:1.3	unreviewed-verse
thanissaro	snp4.8	snp4.8:1.4	unreviewed-verse
thanissaro	snp4.8	snp4.8:2.1	unreviewed-verse
thanissaro	snp4.8	snp4.8:2.2	unreviewed-verse
thanissaro	snp4.8	snp4.8:2.3	unreviewed-verse
thanissaro	snp4.8	snp4.8:2.4	unreviewed-verse
thanissaro	snp4.8	snp4.8:3.1	unreviewed-verse
thanissaro	snp4.8	snp4.8:3.2	unreviewed-verse
thanissaro	snp4.8	snp4.8:3.3	unreviewed-verse
thanissaro	snp4.8	snp4.8:3.4	unreviewed-verse
thanissaro	snp4.8	snp4.8:4.1	unreviewed-verse
thanissaro	snp4.8	snp4.8:4.2	unreviewed-verse
thanissaro	snp4.8	snp4.8:4.3	unreviewed-verse
thanissaro	snp4.8	snp4.8:4.4	unreviewed-verse
thanissaro	snp4.8	snp4.8:5.1	unreviewed-verse
thanissaro	snp4.8	snp4.8:5.2	unreviewed-verse
thanissaro	snp4.8	snp4.8:5.3	unreviewed-verse
thanissaro	snp4.8	snp4.8:5.4	unreviewed-verse
thanissaro	snp4.8	snp4.8:6.1	unreviewed-verse
thanissaro	snp4.8	snp4.8:6.2	unreviewed-verse
thanissaro	snp4.8	snp4.8:6.3	unreviewed-verse
thanissaro	snp4.8	snp4.8:6.4	unreviewed-verse
thanissaro	snp4.8	snp4.8:7.1	unreviewed-verse
thanissaro	snp4.8	snp4.8:7.2	unreviewed-verse
thanissaro	snp4.8	snp4.8:7.3	unreviewed-verse
thanissaro	snp4.8	snp4.8:7.4	unreviewed-verse
thanissaro	snp4.8	snp4.8:8.1	unreviewed-verse
thanissaro	snp4.8	snp4.8:8.2	unreviewed-verse
thanissaro	snp4.8	snp4.8:8.3	unreviewed-verse
thanissaro	snp4.8	snp4.8:8.4	unreviewed-verse
thanissaro	snp4.8	snp4.8:9.1	unreviewed-verse
thanissaro	snp4.8	snp4.8:9.2	unreviewed-verse
thanissaro	snp4.8	snp4.8:9.3	unreviewed-verse
thanissaro	snp4.8	snp4.8:9.4	unreviewed-verse
thanissaro	snp4.8	snp4.8:10.1	unreviewed-verse
thanissaro	snp4.8	snp4.8:10.2	unreviewed-verse
thanissaro	snp4.8	snp4.8:10.3	unreviewed-verse
thanissaro	snp4.8	snp4.8:10.4	unreviewed-verse
thanissaro	snp4.8	snp4.8:11.1	unreviewed-verse
thanissaro	snp4.8	snp4.8:11.2	unreviewed-verse
thanissaro	snp4.8	snp4.8:11.3	unreviewed-verse
thanissaro	snp4.8	snp4.8:11.4	unreviewed-verse
thanissaro	snp4.9	snp4.9:1.1	unreviewed-verse
thanissaro	snp4.9	snp4.9:1.2	unreviewed-verse
thanissaro	snp4.9	snp4.9:1.3	unreviewed-verse
thanissaro	snp4.9	snp4.9:1.4	unreviewed-verse
thanissaro	snp4.9	snp4.9:2.1	unreviewed-verse
thanissaro	snp4.9	snp4.9:2.2	unreviewed-verse
thanissaro	snp4.9	snp4.9:2.3	unreviewed-verse
thanissaro	snp4.9	snp4.9:2.4	unreviewed-verse
thanissaro	snp4.9	snp4.9:3.1	unreviewed-verse
thanissaro	snp4.9	snp4.9:3.3	unreviewed-verse
thanissaro	snp4.9	snp4.9:3.4	unreviewed-verse
thanissaro	snp4.9	snp4.9:3.5	unreviewed-verse
thanissaro	snp4.9	snp4.9:4.1	unreviewed-verse
thanissaro	snp4.9	snp4.9:4.3	unreviewed-verse
thanissaro	snp4.9	snp4.9:4.4	unreviewed-verse
thanissaro	snp4.9	snp4.9:4.5	unreviewed-verse
thanissaro	snp4.9	snp4.9:5.1	unreviewed-verse
thanissaro	snp4.9	snp4.9:5.3	unreviewed-verse
thanissaro	snp4.9	snp4.9:5.4	unreviewed-verse
thanissaro	snp4.9	snp4.9:5.5	unreviewed-verse
thanissaro	snp4.9	snp4.9:5.6	unreviewed-verse
thanissaro	snp4.9	snp4.9:5.7	unreviewed-verse
thanissaro	snp4.9	snp4.9:6.1	unreviewed-verse
thanissaro	snp4.9	snp4.9:6.3	unreviewed-verse
thanissaro	snp4.9	snp4.9:6.4	unreviewed-verse
thanissaro	snp4.9	snp4.9:6.5	unreviewed-verse
thanissaro	snp4.9	snp4.9:6.6	unreviewed-verse
thanissaro	snp4.9	snp4.9:6.7	unreviewed-verse
thanissaro	snp4.9	snp4.9:7.1	unreviewed-verse
thanissaro	snp4.9	snp4.9:7.3	unreviewed-verse
thanissaro	snp4.9	snp4.9:7.4	unreviewed-verse
thanissaro	snp4.9	snp4.9:7.5	unreviewed-verse
thanissaro	snp4.9	snp4.9:8.1	unreviewed-verse
thanissaro	snp4.9	snp4.9:8.2	unreviewed-verse
thanissaro	snp4.9	snp4.9:8.3	unreviewed-verse
thanissaro	snp4.9	snp4.9:8.4	unreviewed-verse
thanissaro	snp4.9	snp4.9:9.1	unreviewed-verse
thanissaro	snp4.9	snp4.9:9.2	unreviewed-verse
thanissaro	snp4.9	snp4.9:9.3	unreviewed-verse
thanissaro	snp4.9	snp4.9:9.4	unreviewed-verse
thanissaro	snp4.9	snp4.9:10.1	unreviewed-verse
thanissaro	snp4.9	snp4.9:10.2	unreviewed-verse
thanissaro	snp4.9	snp4.9:10.3	unreviewed-verse
thanissaro	snp4.9	snp4.9:10.4	unreviewed-verse
thanissaro	snp4.9	snp4.9:11.1	unreviewed-verse
thanissaro	snp4.9	snp4.9:11.2	unreviewed-verse
thanissaro	snp4.9	snp4.9:11.3	unreviewed-verse
thanissaro	snp4.9	snp4.9:11.4	unreviewed-verse
thanissaro	snp4.9	snp4.9:11.5	unreviewed-verse
thanissaro	snp4.9	snp4.9:11.6	unreviewed-verse
thanissaro	snp4.9	snp4.9:12.1	unreviewed-verse
thanissaro	snp4.9	snp4.9:12.2	unreviewed-verse
thanissaro	snp4.9	snp4.9:12.3	unreviewed-verse
thanissaro	snp4.9	snp4.9:12.4	unreviewed-verse
thanissaro	snp4.9	snp4.9:13.1	unreviewed-verse
thanissaro	snp4.9	snp4.9:13.2	unreviewed-verse
thanissaro	snp4.9	snp4.9:13.3	unreviewed-verse
thanissaro	snp4.9	snp4.9:13.4	unreviewed-verse
thanissaro	snp5.10	snp5.10:1.1	unreviewed-verse
thanissaro	snp5.10	snp5.10:1.3	unreviewed-verse
thanissaro	snp5.10	snp5.10:1.4	unreviewed-verse
thanissaro	snp5.10	snp5.10:1.5	unreviewed-verse
thanissaro	snp5.10	snp5.10:2.1	unreviewed-verse
thanissaro	snp5.10	snp5.10:2.3	unreviewed-verse
thanissaro	snp5.10	snp5.10:2.4	unreviewed-verse
thanissaro	snp5.10	snp5.10:2.5	unreviewed-verse
thanissaro	snp5.10	snp5.10:3.1	unreviewed-verse
thanissaro	snp5.10	snp5.10:3.2	unreviewed-verse
thanissaro	snp5.10	snp5.10:3.3	unreviewed-verse
thanissaro	snp5.10	snp5.10:3.4	unreviewed-verse
thanissaro	snp5.10	snp5.10:4.1	unreviewed-verse
thanissaro	snp5.10	snp5.10:4.2	unreviewed-verse
thanissaro	snp5.10	snp5.10:4.3	unreviewed-verse
thanissaro	snp5.10	snp5.10:4.4	unreviewed-verse
thanissaro	snp5.11	snp5.11:1.1	unreviewed-verse
thanissaro	snp5.11	snp5.11:1.3	unreviewed-verse
thanissaro	snp5.11	snp5.11:1.4	unreviewed-verse
thanissaro	snp5.11	snp5.11:1.5	unreviewed-verse
thanissaro	snp5.11	snp5.11:1.6	unreviewed-verse
thanissaro	snp5.11	snp5.11:1.7	unreviewed-verse
thanissaro	snp5.11	snp5.11:2.1	unreviewed-verse
thanissaro	snp5.11	snp5.11:2.3	unreviewed-verse
thanissaro	snp5.11	snp5.11:2.4	unreviewed-verse
thanissaro	snp5.11	snp5.11:2.5	unreviewed-verse
thanissaro	snp5.11	snp5.11:3.1	unreviewed-verse
thanissaro	snp5.11	snp5.11:3.2	unreviewed-verse
thanissaro	snp5.11	snp5.11:3.3	unreviewed-verse
thanissaro	snp5.11	snp5.11:3.4	unreviewed-verse
thanissaro	snp5.11	snp5.11:4.1	unreviewed-verse
thanissaro	snp5.11	snp5.11:4.3	unreviewed-verse
thanissaro	snp5.11	snp5.11:4.4	unreviewed-verse
thanissaro	snp5.12	snp5.12:1.1	unreviewed-verse
thanissaro	snp5.12	snp5.12:1.3	unreviewed-verse
thanissaro	snp5.12	snp5.12:1.4	unreviewed-verse
thanissaro	snp5.12	snp5.12:1.5	unreviewed-verse
thanissaro	snp5.12	snp5.12:2.1	unreviewed-verse
thanissaro	snp5.12	snp5.12:2.2	unreviewed-verse
thanissaro	snp5.12	snp5.12:2.3	unreviewed-verse
thanissaro	snp5.12	snp5.12:2.4	unreviewed-verse
thanissaro	snp5.12	snp5.12:2.5	unreviewed-verse
thanissaro	snp5.12	snp5.12:3.1	unreviewed-verse
thanissaro	snp5.12	snp5.12:3.3	unreviewed-verse
thanissaro	snp5.12	snp5.12:3.4	unreviewed-verse
thanissaro	snp5.12	snp5.12:3.5	unreviewed-verse
thanissaro	snp5.12	snp5.12:4.1	unreviewed-verse
thanissaro	snp5.12	snp5.12:4.2	unreviewed-verse
thanissaro	snp5.12	snp5.12:4.3	unreviewed-verse
thanissaro	snp5.12	snp5.12:4.4	unreviewed-verse
thanissaro	snp5.12	snp5.12:5.1	unreviewed-verse
thanissaro	snp5.12	snp5.12:5.2	unreviewed-verse
thanissaro	snp5.12	snp5.12:5.3	unreviewed-verse
thanissaro	snp5.12	snp5.12:5.4	unreviewed-verse
thanissaro	snp5.13	snp5.13:1.1	unreviewed-verse
thanissaro	snp5.13	snp5.13:1.3	unreviewed-verse
thanissaro	snp5.13	snp5.13:1.4	unreviewed-verse
thanissaro	snp5.13	snp5.13:1.5	unreviewed-verse
thanissaro	snp5.13	snp5.13:2.1	unreviewed-verse
thanissaro	snp5.13	snp5.13:2.2	unreviewed-verse
thanissaro	snp5.13	snp5.13:2.3	unreviewed-verse
thanissaro	snp5.13	snp5.13:2.4	unreviewed-verse
thanissaro	snp5.13	snp5.13:3.1	unreviewed-verse
thanissaro	snp5.13	snp5.13:3.3	unreviewed-verse
thanissaro	snp5.13	snp5.13:3.4	unreviewed-verse
thanissaro	snp5.13	snp5.13:3.5	unreviewed-verse
thanissaro	snp5.13	snp5.13:4.1	unreviewed-verse
thanissaro	snp5.13	snp5.13:4.2	unreviewed-verse
thanissaro	snp5.13	snp5.13:4.3	unreviewed-verse
thanissaro	snp5.13	snp5.13:4.4	unreviewed-verse
thanissaro	snp5.14	snp5.14:1.1	unreviewed-verse
thanissaro	snp5.14	snp5.14:1.3	unreviewed-verse
thanissaro	snp5.14	snp5.14:1.4	unreviewed-verse
thanissaro	snp5.14	snp5.14:1.5	unreviewed-verse
thanissaro	snp5.14	snp5.14:1.6	unreviewed-verse
thanissaro	snp5.14	snp5.14:1.7	unreviewed-verse
thanissaro	snp5.14	snp5.14:2.1	unreviewed-verse
thanissaro	snp5.14	snp5.14:2.3	unreviewed-verse
thanissaro	snp5.14	snp5.14:2.4	unreviewed-verse
thanissaro	snp5.14	snp5.14:2.5	unreviewed-verse
thanissaro	snp5.14	snp5.14:3.1	unreviewed-verse
thanissaro	snp5.14	snp5.14:3.2	unreviewed-verse
thanissaro	snp5.14	snp5.14:3.3	unreviewed-verse
thanissaro	snp5.14	snp5.14:3.4	unreviewed-verse
thanissaro	snp5.14	snp5.14:4.1	unreviewed-verse
thanissaro	snp5.14	snp5.14:4.2	unreviewed-verse
thanissaro	snp5.14	snp5.14:4.3	unreviewed-verse
thanissaro	snp5.14	snp5.14:4.4	unreviewed-verse
thanissaro	snp5.14	snp5.14:5.1	unreviewed-verse
thanissaro	snp5.14	snp5.14:5.2	unreviewed-verse
thanissaro	snp5.14	snp5.14:5.3	unreviewed-verse
thanissaro	snp5.14	snp5.14:5.4	unreviewed-verse
thanissaro	snp5.14	snp5.14:6.1	unreviewed-verse
thanissaro	snp5.14	snp5.14:6.2	unreviewed-verse
thanissaro	snp5.14	snp5.14:6.3	unreviewed-verse
thanissaro	snp5.14	snp5.14:6.4	unreviewed-verse
thanissaro	snp5.14	snp5.14:7.1	unreviewed-verse
thanissaro	snp5.14	snp5.14:7.2	unreviewed-verse
thanissaro	snp5.14	snp5.14:7.3	unreviewed-verse
thanissaro	snp5.14	snp5.14:7.4	unreviewed-verse
thanissaro	snp5.15	snp5.15:1.1	unreviewed-verse
thanissaro	snp5.15	snp5.15:1.3	unreviewed-verse
thanissaro	snp5.15	snp5.15:1.4	unreviewed-verse
thanissaro	snp5.15	snp5.15:1.5	unreviewed-verse
thanissaro	snp5.15	snp5.15:2.1	unreviewed-verse
thanissaro	snp5.15	snp5.15:2.2	unreviewed-verse
thanissaro	snp5.15	snp5.15:2.3	unreviewed-verse
thanissaro	snp5.15	snp5.15:2.4	unreviewed-verse
thanissaro	snp5.15	snp5.15:2.5	unreviewed-verse
thanissaro	snp5.15	snp5.15:2.6	unreviewed-verse
thanissaro	snp5.15	snp5.15:3.1	unreviewed-verse
thanissaro	snp5.15	snp5.15:3.3	unreviewed-verse
thanissaro	snp5.15	snp5.15:3.4	unreviewed-verse
thanissaro	snp5.15	snp5.15:3.5	unreviewed-verse
thanissaro	snp5.15	snp5.15:4.1	unreviewed-verse
thanissaro	snp5.15	snp5.15:4.2	unreviewed-verse
thanissaro	snp5.15	snp5.15:4.3	unreviewed-verse
thanissaro	snp5.15	snp5.15:4.4	unreviewed-verse
thanissaro	snp5.15	snp5.15:4.5	unreviewed-verse
thanissaro	snp5.15	snp5.15:4.6	unreviewed-verse
thanissaro	snp5.17	snp5.17:1.1	unreviewed-verse
thanissaro	snp5.17	snp5.17:1.3	unreviewed-verse
thanissaro	snp5.17	snp5.17:1.4	unreviewed-verse
thanissaro	snp5.17	snp5.17:1.5	unreviewed-verse
thanissaro	snp5.17	snp5.17:1.6	unreviewed-verse
thanissaro	snp5.17	snp5.17:2.1	unreviewed-verse
thanissaro	snp5.17	snp5.17:2.3	unreviewed-verse
thanissaro	snp5.17	snp5.17:2.4	unreviewed-verse
thanissaro	snp5.17	snp5.17:2.5	unreviewed-verse
thanissaro	snp5.17	snp5.17:3.1	unreviewed-verse
thanissaro	snp5.17	snp5.17:3.2	unreviewed-verse
thanissaro	snp5.17	snp5.17:3.3	unreviewed-verse
thanissaro	snp5.17	snp5.17:3.4	unreviewed-verse
thanissaro	snp5.17	snp5.17:3.5	unreviewed-verse
thanissaro	snp5.17	snp5.17:3.6	unreviewed-verse
thanissaro	snp5.17	snp5.17:4.1	unreviewed-verse
thanissaro	snp5.17	snp5.17:4.3	unreviewed-verse
thanissaro	snp5.17	snp5.17:4.4	unreviewed-verse
thanissaro	snp5.17	snp5.17:4.5	unreviewed-verse
thanissaro	snp5.18	snp5.18:2.1	unreviewed-verse
thanissaro	snp5.18	snp5.18:2.2	unreviewed-verse
thanissaro	snp5.18	snp5.18:2.3	unreviewed-verse
thanissaro	snp5.18	snp5.18:2.4	unreviewed-verse
thanissaro	snp5.18	snp5.18:3.1	unreviewed-verse
thanissaro	snp5.18	snp5.18:3.2	unreviewed-verse
thanissaro	snp5.18	snp5.18:3.3	unreviewed-verse
thanissaro	snp5.18	snp5.18:3.4	unreviewed-verse
thanissaro	snp5.18	snp5.18:3.5	unreviewed-verse
thanissaro	snp5.18	snp5.18:3.6	unreviewed-verse
thanissaro	snp5.18	snp5.18:4.1	unreviewed-verse
thanissaro	snp5.18	snp5.18:4.2	unreviewed-verse
thanissaro	snp5.18	snp5.18:4.3	unreviewed-verse
thanissaro	snp5.18	snp5.18:4.4	unreviewed-verse
thanissaro	snp5.18	snp5.18:5.1	unreviewed-verse
thanissaro	snp5.18	snp5.18:5.2	unreviewed-verse
thanissaro	snp5.18	snp5.18:5.3	unreviewed-verse
thanissaro	snp5.18	snp5.18:5.4	unreviewed-verse
thanissaro	snp5.18	snp5.18:6.1	unreviewed-verse
thanissaro	snp5.18	snp5.18:6.2	unreviewed-verse
thanissaro	snp5.18	snp5.18:6.3	unreviewed-verse
thanissaro	snp5.18	snp5.18:6.4	unreviewed-verse
thanissaro	snp5.18	snp5.18:7.1	unreviewed-verse
thanissaro	snp5.18	snp5.18:7.2	unreviewed-verse
thanissaro	snp5.18	snp5.18:7.3	unreviewed-verse
thanissaro	snp5.18	snp5.18:7.4	unreviewed-verse
thanissaro	snp5.18	snp5.18:8.1	unreviewed-verse
thanissaro	snp5.18	snp5.18:8.2	unreviewed-verse
thanissaro	snp5.18	snp5.18:8.3	unreviewed-verse
thanissaro	snp5.18	snp5.18:8.4	unreviewed-verse
thanissaro	snp5.19	snp5.19:1.1	unreviewed-verse
thanissaro	snp5.19	snp5.19:1.3	unreviewed-verse
thanissaro	snp5.19	snp5.19:1.4	unreviewed-verse
thanissaro	snp5.19	snp5.19:1.5	unreviewed-verse
thanissaro	snp5.19	snp5.19:1.6	unreviewed-verse
thanissaro	snp5.19	snp5.19:2.1	unreviewed-verse
thanissaro	snp5.19	snp5.19:2.2	unreviewed-verse
thanissaro	snp5.19	snp5.19:2.3	unreviewed-verse
thanissaro	snp5.19	snp5.19:2.4	unreviewed-verse
thanissaro	snp5.19	snp5.19:3.1	unreviewed-verse
thanissaro	snp5.19	snp5.19:3.2	unreviewed-verse
thanissaro	snp5.19	snp5.19:3.3	unreviewed-verse
thanissaro	snp5.19	snp5.19:3.4	unreviewed-verse
thanissaro	snp5.19	snp5.19:4.1	unreviewed-verse
thanissaro	snp5.19	snp5.19:4.2	unreviewed-verse
thanissaro	snp5.19	snp5.19:4.3	unreviewed-verse
thanissaro	snp5.19	snp5.19:4.4	unreviewed-verse
thanissaro	snp5.19	snp5.19:5.1	unreviewed-verse
thanissaro	snp5.19	snp5.19:5.2	unreviewed-verse
thanissaro	snp5.19	snp5.19:5.3	unreviewed-verse
thanissaro	snp5.19	snp5.19:5.4	unreviewed-verse
thanissaro	snp5.19	snp5.19:5.5	unreviewed-verse
thanissaro	snp5.19	snp5.19:6.1	unreviewed-verse
thanissaro	snp5.19	snp5.19:6.2	unreviewed-verse
thanissaro	snp5.19	snp5.19:6.3	unreviewed-verse
thanissaro	snp5.19	snp5.19:6.4	unreviewed-verse
thanissaro	snp5.19	snp5.19:7.1	unreviewed-verse
thanissaro	snp5.19	snp5.19:7.2	unreviewed-verse
thanissaro	snp5.19	snp5.19:7.3	unreviewed-verse
thanissaro	snp5.19	snp5.19:7.4	unreviewed-verse
thanissaro	snp5.19	snp5.19:8.1	unreviewed-verse
thanissaro	snp5.19	snp5.19:8.2	unreviewed-verse
thanissaro	snp5.19	snp5.19:8.3	unreviewed-verse
thanissaro	snp5.19	snp5.19:8.4	unreviewed-verse
thanissaro	snp5.19	snp5.19:9.1	unreviewed-verse
thanissaro	snp5.19	snp5.19:9.2	unreviewed-verse
thanissaro	snp5.19	snp5.19:9.3	unreviewed-verse
thanissaro	snp5.19	snp5.19:9.4	unreviewed-verse
thanissaro	snp5.19	snp5.19:10.1	unreviewed-verse
thanissaro	snp5.19	snp5.19:10.2	unreviewed-verse
thanissaro	snp5.19	snp5.19:10.3	unreviewed-verse
thanissaro	snp5.19	snp5.19:10.4	unreviewed-verse
thanissaro	snp5.19	snp5.19:11.1	unreviewed-verse
thanissaro	snp5.19	snp5.19:11.2	unreviewed-verse
thanissaro	snp5.19	snp5.19:11.3	unreviewed-verse
thanissaro	snp5.19	snp5.19:11.4	unreviewed-verse
thanissaro	snp5.19	snp5.19:12.1	unreviewed-verse
thanissaro	snp5.19	snp5.19:12.2	unreviewed-verse
thanissaro	snp5.19	snp5.19:12.3	unreviewed-verse
thanissaro	snp5.19	snp5.19:12.4	unreviewed-verse
thanissaro	snp5.19	snp5.19:13.1	unreviewed-verse
thanissaro	snp5.19	snp5.19:13.2	unreviewed-verse
thanissaro	snp5.19	snp5.19:13.3	unreviewed-verse
thanissaro	snp5.19	snp5.19:13.4	unreviewed-verse
thanissaro	snp5.19	snp5.19:14.1	unreviewed-verse
thanissaro	snp5.19	snp5.19:14.2	unreviewed-verse
thanissaro	snp5.19	snp5.19:14.3	unreviewed-verse
thanissaro	snp5.19	snp5.19:14.4	unreviewed-verse
thanissaro	snp5.19	snp5.19:15.1	unreviewed-verse
thanissaro	snp5.19	snp5.19:15.2	unreviewed-verse
thanissaro	snp5.19	snp5.19:15.3	unreviewed-verse
thanissaro	snp5.19	snp5.19:15.4	unreviewed-verse
thanissaro	snp5.19	snp5.19:16.1	unreviewed-verse
thanissaro	snp5.19	snp5.19:16.2	unreviewed-verse
thanissaro	snp5.19	snp5.19:16.3	unreviewed-verse
thanissaro	snp5.19	snp5.19:16.4	unreviewed-verse
thanissaro	snp5.19	snp5.19:17.1	unreviewed-verse
thanissaro	snp5.19	snp5.19:17.2	unreviewed-verse
thanissaro	snp5.19	snp5.19:17.3	unreviewed-verse
thanissaro	snp5.19	snp5.19:17.4	unreviewed-verse
thanissaro	snp5.19	snp5.19:18.1	unreviewed-verse
thanissaro	snp5.19	snp5.19:18.2	unreviewed-verse
thanissaro	snp5.19	snp5.19:18.3	unreviewed-verse
thanissaro	snp5.19	snp5.19:18.4	unreviewed-verse
thanissaro	snp5.19	snp5.19:19.1	unreviewed-verse
thanissaro	snp5.19	snp5.19:19.2	unreviewed-verse
thanissaro	snp5.19	snp5.19:19.3	unreviewed-verse
thanissaro	snp5.19	snp5.19:19.4	unreviewed-verse
thanissaro	snp5.1	snp5.1:1.1	unreviewed-verse
thanissaro	snp5.1	snp5.1:1.2	unreviewed-verse
thanissaro	snp5.1	snp5.1:1.3	unreviewed-verse
thanissaro	snp5.1	snp5.1:1.4	unreviewed-verse
thanissaro	snp5.1	snp5.1:2.1	unreviewed-verse
thanissaro	snp5.1	snp5.1:2.2	unreviewed-verse
thanissaro	snp5.1	snp5.1:2.3	unreviewed-verse
thanissaro	snp5.1	snp5.1:2.4	unreviewed-verse
thanissaro	snp5.1	snp5.1:3.1	unreviewed-verse
thanissaro	snp5.1	snp5.1:3.2	unreviewed-verse
thanissaro	snp5.1	snp5.1:3.3	unreviewed-verse
thanissaro	snp5.1	snp5.1:3.4	unreviewed-verse
thanissaro	snp5.1	snp5.1:4.1	unreviewed-verse
thanissaro	snp5.1	snp5.1:4.2	unreviewed-verse
thanissaro	snp5.1	snp5.1:4.3	unreviewed-verse
thanissaro	snp5.1	snp5.1:4.4	unreviewed-verse
thanissaro	snp5.1	snp5.1:5.1	unreviewed-verse
thanissaro	snp5.1	snp5.1:5.2	unreviewed-verse
thanissaro	snp5.1	snp5.1:5.3	unreviewed-verse
thanissaro	snp5.1	snp5.1:5.4	unreviewed-verse
thanissaro	snp5.1	snp5.1:6.1	unreviewed-verse
thanissaro	snp5.1	snp5.1:6.2	unreviewed-verse
thanissaro	snp5.1	snp5.1:6.3	unreviewed-verse
thanissaro	snp5.1	snp5.1:6.4	unreviewed-verse
thanissaro	snp5.1	snp5.1:7.1	unreviewed-verse
thanissaro	snp5.1	snp5.1:7.2	unreviewed-verse
thanissaro	snp5.1	snp5.1:7.3	unreviewed-verse
thanissaro	snp5.1	snp5.1:7.4	unreviewed-verse
thanissaro	snp5.1	snp5.1:8.1	unreviewed-verse
thanissaro	snp5.1	snp5.1:8.2	unreviewed-verse
thanissaro	snp5.1	snp5.1:8.3	unreviewed-verse
thanissaro	snp5.1	snp5.1:8.4	unreviewed-verse
thanissaro	snp5.1	snp5.1:9.1	unreviewed-verse
thanissaro	snp5.1	snp5.1:9.2	unreviewed-verse
thanissaro	snp5.1	snp5.1:9.3	unreviewed-verse
thanissaro	snp5.1	snp5.1:9.4	unreviewed-verse
thanissaro	snp5.1	snp5.1:10.1	unreviewed-verse
thanissaro	snp5.1	snp5.1:10.2	unreviewed-verse
thanissaro	snp5.1	snp5.1:10.3	unreviewed-verse
thanissaro	snp5.1	snp5.1:10.4	unreviewed-verse
thanissaro	snp5.1	snp5.1:11.1	unreviewed-verse
thanissaro	snp5.1	snp5.1:11.2	unreviewed-verse
thanissaro	snp5.1	snp5.1:11.3	unreviewed-verse
thanissaro	snp5.1	snp5.1:11.4	unreviewed-verse
thanissaro	snp5.1	snp5.1:12.1	unreviewed-verse
thanissaro	snp5.1	snp5.1:12.2	unreviewed-verse
thanissaro	snp5.1	snp5.1:12.3	unreviewed-verse
thanissaro	snp5.1	snp5.1:12.4	unreviewed-verse
thanissaro	snp5.1	snp5.1:13.1	unreviewed-verse
thanissaro	snp5.1	snp5.1:13.2	unreviewed-verse
thanissaro	snp5.1	snp5.1:13.3	unreviewed-verse
thanissaro	snp5.1	snp5.1:13.4	unreviewed-verse
thanissaro	snp5.1	snp5.1:14.1	unreviewed-verse
thanissaro	snp5.1	snp5.1:14.2	unreviewed-verse
thanissaro	snp5.1	snp5.1:14.3	unreviewed-verse
thanissaro	snp5.1	snp5.1:14.4	unreviewed-verse
thanissaro	snp5.1	snp5.1:15.1	unreviewed-verse
thanissaro	snp5.1	snp5.1:15.2	unreviewed-verse
thanissaro	snp5.1	snp5.1:15.3	unreviewed-verse
thanissaro	snp5.1	snp5.1:15.4	unreviewed-verse
thanissaro	snp5.1	snp5.1:16.1	unreviewed-verse
thanissaro	snp5.1	snp5.1:16.2	unreviewed-verse
thanissaro	snp5.1	snp5.1:16.3	unreviewed-verse
thanissaro	snp5.1	snp5.1:16.4	unreviewed-verse
thanissaro	snp5.1	snp5.1:17.1	unreviewed-verse
thanissaro	snp5.1	snp5.1:17.2	unreviewed-verse
thanissaro	snp5.1	snp5.1:17.3	unreviewed-verse
thanissaro	snp5.1	snp5.1:17.4	unreviewed-verse
thanissaro	snp5.1	snp5.1:17.5	unreviewed-verse
thanissaro	snp5.1	snp5.1:17.6	unreviewed-verse
thanissaro	snp5.1	snp5.1:18.1	unreviewed-verse
thanissaro	snp5.1	snp5.1:18.2	unreviewed-verse
thanissaro	snp5.1	snp5.1:18.3	unreviewed-verse
thanissaro	snp5.1	snp5.1:18.4	unreviewed-verse
thanissaro	snp5.1	snp5.1:19.1	unreviewed-verse
thanissaro	snp5.1	snp5.1:19.2	unreviewed-verse
thanissaro	snp5.1	snp5.1:19.3	unreviewed-verse
thanissaro	snp5.1	snp5.1:19.4	unreviewed-verse
thanissaro	snp5.1	snp5.1:20.1	unreviewed-verse
thanissaro	snp5.1	snp5.1:20.2	unreviewed-verse
thanissaro	snp5.1	snp5.1:20.3	unreviewed-verse
thanissaro	snp5.1	snp5.1:20.4	unreviewed-verse
thanissaro	snp5.1	snp5.1:20.5	unreviewed-verse
thanissaro	snp5.1	snp5.1:20.6	unreviewed-verse
thanissaro	snp5.1	snp5.1:21.1	unreviewed-verse
thanissaro	snp5.1	snp5.1:21.2	unreviewed-verse
thanissaro	snp5.1	snp5.1:21.3	unreviewed-verse
thanissaro	snp5.1	snp5.1:21.4	unreviewed-verse
thanissaro	snp5.1	snp5.1:22.1	unreviewed-verse
thanissaro	snp5.1	snp5.1:22.2	unreviewed-verse
thanissaro	snp5.1	snp5.1:22.3	unreviewed-verse
thanissaro	snp5.1	snp5.1:22.4	unreviewed-verse
thanissaro	snp5.1	snp5.1:23.1	unreviewed-verse
thanissaro	snp5.1	snp5.1:23.2	unreviewed-verse
thanissaro	snp5.1	snp5.1:23.3	unreviewed-verse
thanissaro	snp5.1	snp5.1:23.4	unreviewed-verse
thanissaro	snp5.1	snp5.1:23.5	unreviewed-verse
thanissaro	snp5.1	snp5.1:23.6	unreviewed-verse
thanissaro	snp5.1	snp5.1:24.1	unreviewed-verse
thanissaro	snp5.1	snp5.1:24.2	unreviewed-verse
thanissaro	snp5.1	snp5.1:24.3	unreviewed-verse
thanissaro	snp5.1	snp5.1:24.4	unreviewed-verse
thanissaro	snp5.1	snp5.1:25.1	unreviewed-verse
thanissaro	snp5.1	snp5.1:25.2	unreviewed-verse
thanissaro	snp5.1	snp5.1:25.3	unreviewed-verse
thanissaro	snp5.1	snp5.1:25.4	unreviewed-verse
thanissaro	snp5.1	snp5.1:26.1	unreviewed-verse
thanissaro	snp5.1	snp5.1:26.2	unreviewed-verse
thanissaro	snp5.1	snp5.1:26.3	unreviewed-verse
thanissaro	snp5.1	snp5.1:26.4	unreviewed-verse
thanissaro	snp5.1	snp5.1:27.1	unreviewed-verse
thanissaro	snp5.1	snp5.1:27.2	unreviewed-verse
thanissaro	snp5.1	snp5.1:27.3	unreviewed-verse
thanissaro	snp5.1	snp5.1:27.4	unreviewed-verse
thanissaro	snp5.1	snp5.1:28.1	unreviewed-verse
thanissaro	snp5.1	snp5.1:28.2	unreviewed-verse
thanissaro	snp5.1	snp5.1:28.3	unreviewed-verse
thanissaro	snp5.1	snp5.1:28.4	unreviewed-verse
thanissaro	snp5.1	snp5.1:29.1	unreviewed-verse
thanissaro	snp5.1	snp5.1:29.2	unreviewed-verse
thanissaro	snp5.1	snp5.1:29.3	unreviewed-verse
thanissaro	snp5.1	snp5.1:29.4	unreviewed-verse
thanissaro	snp5.1	snp5.1:30.1	unreviewed-verse
thanissaro	snp5.1	snp5.1:30.2	unreviewed-verse
thanissaro	snp5.1	snp5.1:30.3	unreviewed-verse
thanissaro	snp5.1	snp5.1:30.4	unreviewed-verse
thanissaro	snp5.1	snp5.1:31.1	unreviewed-verse
thanissaro	snp5.1	snp5.1:31.2	unreviewed-verse
thanissaro	snp5.1	snp5.1:31.3	unreviewed-verse
thanissaro	snp5.1	snp5.1:31.4	unreviewed-verse
thanissaro	snp5.1	snp5.1:32.1	unreviewed-verse
thanissaro	snp5.1	snp5.1:32.2	unreviewed-verse
thanissaro	snp5.1	snp5.1:32.3	unreviewed-verse
thanissaro	snp5.1	snp5.1:32.4	unreviewed-verse
thanissaro	snp5.1	snp5.1:33.1	unreviewed-verse
thanissaro	snp5.1	snp5.1:33.2	unreviewed-verse
thanissaro	snp5.1	snp5.1:33.3	unreviewed-verse
thanissaro	snp5.1	snp5.1:33.4	unreviewed-verse
thanissaro	snp5.1	snp5.1:34.1	unreviewed-verse
thanissaro	snp5.1	snp5.1:34.2	unreviewed-verse
thanissaro	snp5.1	snp5.1:34.3	unreviewed-verse
thanissaro	snp5.1	snp5.1:34.4	unreviewed-verse
thanissaro	snp5.1	snp5.1:35.1	unreviewed-verse
thanissaro	snp5.1	snp5.1:35.2	unreviewed-verse
thanissaro	snp5.1	snp5.1:35.3	unreviewed-verse
thanissaro	snp5.1	snp5.1:35.4	unreviewed-verse
thanissaro	snp5.1	snp5.1:36.1	unreviewed-verse
thanissaro	snp5.1	snp5.1:36.2	unreviewed-verse
thanissaro	snp5.1	snp5.1:36.3	unreviewed-verse
thanissaro	snp5.1	snp5.1:36.4	unreviewed-verse
thanissaro	snp5.1	snp5.1:37.1	unreviewed-verse
thanissaro	snp5.1	snp5.1:37.2	unreviewed-verse
thanissaro	snp5.1	snp5.1:37.3	unreviewed-verse
thanissaro	snp5.1	snp5.1:37.4	unreviewed-verse
thanissaro	snp5.1	snp5.1:38.1	unreviewed-verse
thanissaro	snp5.1	snp5.1:38.2	unreviewed-verse
thanissaro	snp5.1	snp5.1:38.3	unreviewed-verse
thanissaro	snp5.1	snp5.1:38.4	unreviewed-verse
thanissaro	snp5.1	snp5.1:39.1	unreviewed-verse
thanissaro	snp5.1	snp5.1:39.2	unreviewed-verse
thanissaro	snp5.1	snp5.1:39.3	unreviewed-verse
thanissaro	snp5.1	snp5.1:39.4	unreviewed-verse
thanissaro	snp5.1	snp5.1:40.1	unreviewed-verse
thanissaro	snp5.1	snp5.1:40.2	unreviewed-verse
thanissaro	snp5.1	snp5.1:40.3	unreviewed-verse
thanissaro	snp5.1	snp5.1:40.4	unreviewed-verse
thanissaro	snp5.1	snp5.1:41.1	unreviewed-verse
thanissaro	snp5.1	snp5.1:41.2	unreviewed-verse
thanissaro	snp5.1	snp5.1:41.3	unreviewed-verse
thanissaro	snp5.1	snp5.1:41.4	unreviewed-verse
thanissaro	snp5.1	snp5.1:42.1	unreviewed-verse
thanissaro	snp5.1	snp5.1:42.2	unreviewed-verse
thanissaro	snp5.1	snp5.1:42.3	unreviewed-verse
thanissaro	snp5.1	snp5.1:42.4	unreviewed-verse
thanissaro	snp5.1	snp5.1:43.1	unreviewed-verse
thanissaro	snp5.1	snp5.1:43.2	unreviewed-verse
thanissaro	snp5.1	snp5.1:43.3	unreviewed-verse
thanissaro	snp5.1	snp5.1:43.4	unreviewed-verse
thanissaro	snp5.1	snp5.1:44.1	unreviewed-verse
thanissaro	snp5.1	snp5.1:44.2	unreviewed-verse
thanissaro	snp5.1	snp5.1:44.3	unreviewed-verse
thanissaro	snp5.1	snp5.1:44.4	unreviewed-verse
thanissaro	snp5.1	snp5.1:45.1	unreviewed-verse
thanissaro	snp5.1	snp5.1:45.2	unreviewed-verse
thanissaro	snp5.1	snp5.1:45.3	unreviewed-verse
thanissaro	snp5.1	snp5.1:45.4	unreviewed-verse
thanissaro	snp5.1	snp5.1:46.1	unreviewed-verse
thanissaro	snp5.1	snp5.1:46.2	unreviewed-verse
thanissaro	snp5.1	snp5.1:46.3	unreviewed-verse
thanissaro	snp5.1	snp5.1:46.4	unreviewed-verse
thanissaro	snp5.1	snp5.1:47.1	unreviewed-verse
thanissaro	snp5.1	snp5.1:47.2	unreviewed-verse
thanissaro	snp5.1	snp5.1:47.3	unreviewed-verse
thanissaro	snp5.1	snp5.1:47.4	unreviewed-verse
thanissaro	snp5.1	snp5.1:48.1	unreviewed-verse
thanissaro	snp5.1	snp5.1:48.2	unreviewed-verse
thanissaro	snp5.1	snp5.1:48.3	unreviewed-verse
thanissaro	snp5.1	snp5.1:48.4	unreviewed-verse
thanissaro	snp5.1	snp5.1:49.1	unreviewed-verse
thanissaro	snp5.1	snp5.1:49.2	unreviewed-verse
thanissaro	snp5.1	snp5.1:49.3	unreviewed-verse
thanissaro	snp5.1	snp5.1:49.4	unreviewed-verse
thanissaro	snp5.1	snp5.1:50.1	unreviewed-verse
thanissaro	snp5.1	snp5.1:50.2	unreviewed-verse
thanissaro	snp5.1	snp5.1:50.3	unreviewed-verse
thanissaro	snp5.1	snp5.1:50.4	unreviewed-verse
thanissaro	snp5.1	snp5.1:51.1	unreviewed-verse
thanissaro	snp5.1	snp5.1:51.2	unreviewed-verse
thanissaro	snp5.1	snp5.1:51.3	unreviewed-verse
thanissaro	snp5.1	snp5.1:51.4	unreviewed-verse
thanissaro	snp5.1	snp5.1:52.1	unreviewed-verse
thanissaro	snp5.1	snp5.1:52.2	unreviewed-verse
thanissaro	snp5.1	snp5.1:52.3	unreviewed-verse
thanissaro	snp5.1	snp5.1:52.4	unreviewed-verse
thanissaro	snp5.1	snp5.1:53.1	unreviewed-verse
thanissaro	snp5.1	snp5.1:53.2	unreviewed-verse
thanissaro	snp5.1	snp5.1:53.3	unreviewed-verse
thanissaro	snp5.1	snp5.1:53.4	unreviewed-verse
thanissaro	snp5.1	snp5.1:54.1	unreviewed-verse
thanissaro	snp5.1	snp5.1:54.2	unreviewed-verse
thanissaro	snp5.1	snp5.1:54.3	unreviewed-verse
thanissaro	snp5.1	snp5.1:54.4	unreviewed-verse
thanissaro	snp5.1	snp5.1:55.1	unreviewed-verse
thanissaro	snp5.1	snp5.1:55.2	unreviewed-verse
thanissaro	snp5.1	snp5.1:55.3	unreviewed-verse
thanissaro	snp5.1	snp5.1:55.4	unreviewed-verse
thanissaro	snp5.1	snp5.1:56.1	unreviewed-verse
thanissaro	snp5.1	snp5.1:56.2	unreviewed-verse
thanissaro	snp5.1	snp5.1:56.3	unreviewed-verse
thanissaro	snp5.1	snp5.1:56.4	unreviewed-verse
thanissaro	snp5.2	snp5.2:1.1	unreviewed-verse
thanissaro	snp5.2	snp5.2:1.3	unreviewed-verse
thanissaro	snp5.2	snp5.2:1.4	unreviewed-verse
thanissaro	snp5.2	snp5.2:1.5	unreviewed-verse
thanissaro	snp5.2	snp5.2:2.1	unreviewed-verse
thanissaro	snp5.2	snp5.2:2.3	unreviewed-verse
thanissaro	snp5.2	snp5.2:2.4	unreviewed-verse
thanissaro	snp5.2	snp5.2:2.5	unreviewed-verse
thanissaro	snp5.2	snp5.2:3.1	unreviewed-verse
thanissaro	snp5.2	snp5.2:3.3	unreviewed-verse
thanissaro	snp5.2	snp5.2:3.4	unreviewed-verse
thanissaro	snp5.2	snp5.2:3.5	unreviewed-verse
thanissaro	snp5.2	snp5.2:4.1	unreviewed-verse
thanissaro	snp5.2	snp5.2:4.3	unreviewed-verse
thanissaro	snp5.2	snp5.2:4.4	unreviewed-verse
thanissaro	snp5.2	snp5.2:4.5	unreviewed-verse
thanissaro	snp5.2	snp5.2:5.1	unreviewed-verse
thanissaro	snp5.2	snp5.2:5.3	unreviewed-verse
thanissaro	snp5.2	snp5.2:5.4	unreviewed-verse
thanissaro	snp5.2	snp5.2:5.5	unreviewed-verse
thanissaro	snp5.2	snp5.2:6.1	unreviewed-verse
thanissaro	snp5.2	snp5.2:6.2	unreviewed-verse
thanissaro	snp5.2	snp5.2:6.3	unreviewed-verse
thanissaro	snp5.2	snp5.2:6.4	unreviewed-verse
thanissaro	snp5.2	snp5.2:6.5	unreviewed-verse
thanissaro	snp5.2	snp5.2:6.6	unreviewed-verse
thanissaro	snp5.2	snp5.2:7.1	unreviewed-verse
thanissaro	snp5.2	snp5.2:7.2	unreviewed-verse
thanissaro	snp5.2	snp5.2:7.3	unreviewed-verse
thanissaro	snp5.2	snp5.2:7.4	unreviewed-verse
thanissaro	snp5.2	snp5.2:8.1	unreviewed-verse
thanissaro	snp5.2	snp5.2:8.2	unreviewed-verse
thanissaro	snp5.2	snp5.2:8.3	unreviewed-verse
thanissaro	snp5.2	snp5.2:8.4	unreviewed-verse
thanissaro	snp5.3	snp5.3:1.1	unreviewed-verse
thanissaro	snp5.3	snp5.3:1.3	unreviewed-verse
thanissaro	snp5.3	snp5.3:1.4	unreviewed-verse
thanissaro	snp5.3	snp5.3:1.5	unreviewed-verse
thanissaro	snp5.3	snp5.3:1.6	unreviewed-verse
thanissaro	snp5.3	snp5.3:1.7	unreviewed-verse
thanissaro	snp5.3	snp5.3:2.1	unreviewed-verse
thanissaro	snp5.3	snp5.3:2.3	unreviewed-verse
thanissaro	snp5.3	snp5.3:2.4	unreviewed-verse
thanissaro	snp5.3	snp5.3:2.5	unreviewed-verse
thanissaro	snp5.3	snp5.3:3.1	unreviewed-verse
thanissaro	snp5.3	snp5.3:3.2	unreviewed-verse
thanissaro	snp5.3	snp5.3:3.3	unreviewed-verse
thanissaro	snp5.3	snp5.3:3.4	unreviewed-verse
thanissaro	snp5.4	snp5.4:1.1	unreviewed-verse
thanissaro	snp5.4	snp5.4:1.3	unreviewed-verse
thanissaro	snp5.4	snp5.4:1.4	unreviewed-verse
thanissaro	snp5.4	snp5.4:1.5	unreviewed-verse
thanissaro	snp5.4	snp5.4:1.6	unreviewed-verse
thanissaro	snp5.4	snp5.4:1.7	unreviewed-verse
thanissaro	snp5.4	snp5.4:2.1	unreviewed-verse
thanissaro	snp5.4	snp5.4:2.3	unreviewed-verse
thanissaro	snp5.4	snp5.4:2.4	unreviewed-verse
thanissaro	snp5.4	snp5.4:2.5	unreviewed-verse
thanissaro	snp5.4	snp5.4:2.6	unreviewed-verse
thanissaro	snp5.4	snp5.4:3.1	unreviewed-verse
thanissaro	snp5.4	snp5.4:3.3	unreviewed-verse
thanissaro	snp5.4	snp5.4:3.4	unreviewed-verse
thanissaro	snp5.4	snp5.4:3.5	unreviewed-verse
thanissaro	snp5.4	snp5.4:3.6	unreviewed-verse
thanissaro	snp5.4	snp5.4:3.7	unreviewed-verse
thanissaro	snp5.4	snp5.4:4.1	unreviewed-verse
thanissaro	snp5.4	snp5.4:4.3	unreviewed-verse
thanissaro	snp5.4	snp5.4:4.4	unreviewed-verse
thanissaro	snp5.4	snp5.4:4.5	unreviewed-verse
thanissaro	snp5.4	snp5.4:5.1	unreviewed-verse
thanissaro	snp5.4	snp5.4:5.3	unreviewed-verse
thanissaro	snp5.4	snp5.4:5.4	unreviewed-verse
thanissaro	snp5.4	snp5.4:5.5	unreviewed-verse
thanissaro	snp5.4	snp5.4:5.6	unreviewed-verse
thanissaro	snp5.4	snp5.4:6.1	unreviewed-verse
thanissaro	snp5.4	snp5.4:6.3	unreviewed-verse
thanissaro	snp5.4	snp5.4:6.4	unreviewed-verse
thanissaro	snp5.4	snp5.4:6.5	unreviewed-verse
thanissaro	snp5.5	snp5.5:1.1	unreviewed-verse
thanissaro	snp5.5	snp5.5:1.3	unreviewed-verse
thanissaro	snp5.5	snp5.5:1.4	unreviewed-verse
thanissaro	snp5.5	snp5.5:1.5	unreviewed-verse
thanissaro	snp5.5	snp5.5:2.1	unreviewed-verse
thanissaro	snp5.5	snp5.5:2.3	unreviewed-verse
thanissaro	snp5.5	snp5.5:2.4	unreviewed-verse
thanissaro	snp5.5	snp5.5:2.5	unreviewed-verse
thanissaro	snp5.5	snp5.5:3.1	unreviewed-verse
thanissaro	snp5.5	snp5.5:3.2	unreviewed-verse
thanissaro	snp5.5	snp5.5:3.3	unreviewed-verse
thanissaro	snp5.5	snp5.5:3.4	unreviewed-verse
thanissaro	snp5.5	snp5.5:4.1	unreviewed-verse
thanissaro	snp5.5	snp5.5:4.2	unreviewed-verse
thanissaro	snp5.5	snp5.5:4.3	unreviewed-verse
thanissaro	snp5.5	snp5.5:4.4	unreviewed-verse
thanissaro	snp5.5	snp5.5:4.5	unreviewed-verse
thanissaro	snp5.5	snp5.5:4.6	unreviewed-verse
thanissaro	snp5.5	snp5.5:5.1	unreviewed-verse
thanissaro	snp5.5	snp5.5:5.3	unreviewed-verse
thanissaro	snp5.5	snp5.5:5.4	unreviewed-verse
thanissaro	snp5.5	snp5.5:5.5	unreviewed-verse
thanissaro	snp5.5	snp5.5:6.1	unreviewed-verse
thanissaro	snp5.5	snp5.5:6.2	unreviewed-verse
thanissaro	snp5.5	snp5.5:6.3	unreviewed-verse
thanissaro	snp5.5	snp5.5:6.4	unreviewed-verse
thanissaro	snp5.5	snp5.5:7.1	unreviewed-verse
thanissaro	snp5.5	snp5.5:7.3	unreviewed-verse
thanissaro	snp5.5	snp5.5:7.4	unreviewed-verse
thanissaro	snp5.5	snp5.5:7.5	unreviewed-verse
thanissaro	snp5.5	snp5.5:8.1	unreviewed-verse
thanissaro	snp5.5	snp5.5:8.2	unreviewed-verse
thanissaro	snp5.5	snp5.5:8.3	unreviewed-verse
thanissaro	snp5.5	snp5.5:8.4	unreviewed-verse
thanissaro	snp5.5	snp5.5:9.1	unreviewed-verse
thanissaro	snp5.5	snp5.5:9.2	unreviewed-verse
thanissaro	snp5.5	snp5.5:9.3	unreviewed-verse
thanissaro	snp5.5	snp5.5:9.4	unreviewed-verse
thanissaro	snp5.5	snp5.5:10.1	unreviewed-verse
thanissaro	snp5.5	snp5.5:10.2	unreviewed-verse
thanissaro	snp5.5	snp5.5:10.3	unreviewed-verse
thanissaro	snp5.5	snp5.5:10.4	unreviewed-verse
thanissaro	snp5.5	snp5.5:11.1	unreviewed-verse
thanissaro	snp5.5	snp5.5:11.2	unreviewed-verse
thanissaro	snp5.5	snp5.5:11.3	unreviewed-verse
thanissaro	snp5.5	snp5.5:11.4	unreviewed-verse
thanissaro	snp5.5	snp5.5:12.1	unreviewed-verse
thanissaro	snp5.5	snp5.5:12.2	unreviewed-verse
thanissaro	snp5.5	snp5.5:12.3	unreviewed-verse
thanissaro	snp5.5	snp5.5:12.4	unreviewed-verse
thanissaro	snp5.6	snp5.6:1.1	unreviewed-verse
thanissaro	snp5.6	snp5.6:1.3	unreviewed-verse
thanissaro	snp5.6	snp5.6:1.4	unreviewed-verse
thanissaro	snp5.6	snp5.6:1.5	unreviewed-verse
thanissaro	snp5.6	snp5.6:2.1	unreviewed-verse
thanissaro	snp5.6	snp5.6:2.4	unreviewed-verse
thanissaro	snp5.6	snp5.6:2.5	unreviewed-verse
thanissaro	snp5.6	snp5.6:3.1	unreviewed-verse
thanissaro	snp5.6	snp5.6:3.2	unreviewed-verse
thanissaro	snp5.6	snp5.6:3.3	unreviewed-verse
thanissaro	snp5.6	snp5.6:4.4	unreviewed-verse
thanissaro	snp5.6	snp5.6:5.1	unreviewed-verse
thanissaro	snp5.6	snp5.6:5.2	unreviewed-verse
thanissaro	snp5.6	snp5.6:5.3	unreviewed-verse
thanissaro	snp5.6	snp5.6:5.4	unreviewed-verse
thanissaro	snp5.6	snp5.6:6.1	unreviewed-verse
thanissaro	snp5.6	snp5.6:6.3	unreviewed-verse
thanissaro	snp5.6	snp5.6:6.4	unreviewed-verse
thanissaro	snp5.6	snp5.6:6.5	unreviewed-verse
thanissaro	snp5.6	snp5.6:7.1	unreviewed-verse
thanissaro	snp5.6	snp5.6:7.2	unreviewed-verse
thanissaro	snp5.6	snp5.6:7.3	unreviewed-verse
thanissaro	snp5.6	snp5.6:7.4	unreviewed-verse
thanissaro	snp5.6	snp5.6:8.1	unreviewed-verse
thanissaro	snp5.6	snp5.6:8.3	unreviewed-verse
thanissaro	snp5.6	snp5.6:8.4	unreviewed-verse
thanissaro	snp5.6	snp5.6:8.5	unreviewed-verse
thanissaro	snp5.7	snp5.7:1.1	unreviewed-verse
thanissaro	snp5.7	snp5.7:1.3	unreviewed-verse
thanissaro	snp5.7	snp5.7:1.4	unreviewed-verse
thanissaro	snp5.7	snp5.7:1.5	unreviewed-verse
thanissaro	snp5.7	snp5.7:2.1	unreviewed-verse
thanissaro	snp5.7	snp5.7:2.3	unreviewed-verse
thanissaro	snp5.7	snp5.7:2.4	unreviewed-verse
thanissaro	snp5.7	snp5.7:2.5	unreviewed-verse
thanissaro	snp5.7	snp5.7:3.1	unreviewed-verse
thanissaro	snp5.7	snp5.7:3.3	unreviewed-verse
thanissaro	snp5.7	snp5.7:3.4	unreviewed-verse
thanissaro	snp5.7	snp5.7:3.5	unreviewed-verse
thanissaro	snp5.7	snp5.7:4.1	unreviewed-verse
thanissaro	snp5.7	snp5.7:4.3	unreviewed-verse
thanissaro	snp5.7	snp5.7:4.4	unreviewed-verse
thanissaro	snp5.7	snp5.7:4.5	unreviewed-verse
thanissaro	snp5.7	snp5.7:5.1	unreviewed-verse
thanissaro	snp5.7	snp5.7:5.2	unreviewed-verse
thanissaro	snp5.7	snp5.7:5.3	unreviewed-verse
thanissaro	snp5.7	snp5.7:5.4	unreviewed-verse
thanissaro	snp5.7	snp5.7:6.1	unreviewed-verse
thanissaro	snp5.7	snp5.7:6.3	unreviewed-verse
thanissaro	snp5.7	snp5.7:6.4	unreviewed-verse
thanissaro	snp5.7	snp5.7:6.5	unreviewed-verse
thanissaro	snp5.7	snp5.7:7.1	unreviewed-verse
thanissaro	snp5.7	snp5.7:7.2	unreviewed-verse
thanissaro	snp5.7	snp5.7:7.3	unreviewed-verse
thanissaro	snp5.7	snp5.7:7.4	unreviewed-verse
thanissaro	snp5.7	snp5.7:8.1	unreviewed-verse
thanissaro	snp5.7	snp5.7:8.3	unreviewed-verse
thanissaro	snp5.7	snp5.7:8.4	unreviewed-verse
thanissaro	snp5.7	snp5.7:8.5	unreviewed-verse
thanissaro	snp5.8	snp5.8:1.1	unreviewed-verse
thanissaro	snp5.8	snp5.8:1.3	unreviewed-verse
thanissaro	snp5.8	snp5.8:1.4	unreviewed-verse
thanissaro	snp5.8	snp5.8:1.5	unreviewed-verse
thanissaro	snp5.8	snp5.8:2.1	unreviewed-verse
thanissaro	snp5.8	snp5.8:2.2	unreviewed-verse
thanissaro	snp5.8	snp5.8:2.3	unreviewed-verse
thanissaro	snp5.8	snp5.8:2.4	unreviewed-verse
thanissaro	snp5.8	snp5.8:3.1	unreviewed-verse
thanissaro	snp5.8	snp5.8:3.3	unreviewed-verse
thanissaro	snp5.8	snp5.8:3.4	unreviewed-verse
thanissaro	snp5.8	snp5.8:3.5	unreviewed-verse
thanissaro	snp5.8	snp5.8:3.6	unreviewed-verse
thanissaro	snp5.8	snp5.8:3.7	unreviewed-verse
thanissaro	snp5.8	snp5.8:3.8	unreviewed-verse
thanissaro	snp5.8	snp5.8:4.1	unreviewed-verse
thanissaro	snp5.8	snp5.8:4.3	unreviewed-verse
thanissaro	snp5.8	snp5.8:4.4	unreviewed-verse
thanissaro	snp5.8	snp5.8:4.5	unreviewed-verse
thanissaro	snp5.8	snp5.8:4.6	unreviewed-verse
thanissaro	snp5.8	snp5.8:4.7	unreviewed-verse
thanissaro	snp5.8	snp5.8:5.1	unreviewed-verse
thanissaro	snp5.8	snp5.8:5.3	unreviewed-verse
thanissaro	snp5.8	snp5.8:5.4	unreviewed-verse
thanissaro	snp5.8	snp5.8:5.5	unreviewed-verse
thanissaro	snp5.8	snp5.8:5.6	unreviewed-verse
thanissaro	snp5.8	snp5.8:5.7	unreviewed-verse
thanissaro	snp5.8	snp5.8:5.8	unreviewed-verse
thanissaro	snp5.8	snp5.8:5.9	unreviewed-verse
thanissaro	snp5.8	snp5.8:6.1	unreviewed-verse
thanissaro	snp5.8	snp5.8:6.3	unreviewed-verse
thanissaro	snp5.8	snp5.8:6.4	unreviewed-verse
thanissaro	snp5.8	snp5.8:6.5	unreviewed-verse
thanissaro	snp5.8	snp5.8:6.6	unreviewed-verse
thanissaro	snp5.8	snp5.8:6.7	unreviewed-verse
thanissaro	snp5.8	snp5.8:6.8	unreviewed-verse
thanissaro	snp5.8	snp5.8:7.1	unreviewed-verse
thanissaro	snp5.8	snp5.8:7.2	unreviewed-verse
thanissaro	snp5.8	snp5.8:7.3	unreviewed-verse
thanissaro	snp5.8	snp5.8:7.4	unreviewed-verse
thanissaro	snp5.8	snp5.8:7.5	unreviewed-verse
thanissaro	snp5.8	snp5.8:7.6	unreviewed-verse
thanissaro	snp5.8	snp5.8:7.7	unreviewed-verse
thanissaro	snp5.9	snp5.9:1.1	unreviewed-verse
thanissaro	snp5.9	snp5.9:1.3	unreviewed-verse
thanissaro	snp5.9	snp5.9:1.4	unreviewed-verse
thanissaro	snp5.9	snp5.9:1.5	unreviewed-verse
thanissaro	snp5.9	snp5.9:1.6	unreviewed-verse
thanissaro	snp5.9	snp5.9:1.7	unreviewed-verse
thanissaro	snp5.9	snp5.9:2.1	unreviewed-verse
thanissaro	snp5.9	snp5.9:2.2	unreviewed-verse
thanissaro	snp5.9	snp5.9:2.3	unreviewed-verse
thanissaro	snp5.9	snp5.9:2.4	unreviewed-verse
thanissaro	snp5.9	snp5.9:3.1	unreviewed-verse
thanissaro	snp5.9	snp5.9:3.2	unreviewed-verse
thanissaro	snp5.9	snp5.9:3.3	unreviewed-verse
thanissaro	snp5.9	snp5.9:3.4	unreviewed-verse
thanissaro	snp5.9	snp5.9:4.1	unreviewed-verse
thanissaro	snp5.9	snp5.9:4.2	unreviewed-verse
thanissaro	snp5.9	snp5.9:4.3	unreviewed-verse
thanissaro	snp5.9	snp5.9:4.4	unreviewed-verse
thanissaro	thag1.100	thag1.100:1.1	unreviewed-verse
thanissaro	thag1.100	thag1.100:1.2	unreviewed-verse
thanissaro	thag1.100	thag1.100:1.3	unreviewed-verse
thanissaro	thag1.100	thag1.100:1.4	unreviewed-verse
thanissaro	thag1.101	thag1.101:1.1	unreviewed-verse
thanissaro	thag1.101	thag1.101:1.2	unreviewed-verse
thanissaro	thag1.101	thag1.101:1.3	unreviewed-verse
thanissaro	thag1.101	thag1.101:1.4	unreviewed-verse
thanissaro	thag1.104	thag1.104:1.1	unreviewed-verse
thanissaro	thag1.104	thag1.104:1.2	unreviewed-verse
thanissaro	thag1.104	thag1.104:1.3	unreviewed-verse
thanissaro	thag1.104	thag1.104:1.4	unreviewed-verse
thanissaro	thag1.109	thag1.109:1.1	unreviewed-verse
thanissaro	thag1.109	thag1.109:1.2	unreviewed-verse
thanissaro	thag1.109	thag1.109:1.3	unreviewed-verse
thanissaro	thag1.109	thag1.109:1.4	unreviewed-verse
thanissaro	thag1.10	thag1.10:1.1	unreviewed-verse
thanissaro	thag1.10	thag1.10:1.2	unreviewed-verse
thanissaro	thag1.10	thag1.10:1.3	unreviewed-verse
thanissaro	thag1.10	thag1.10:1.4	unreviewed-verse
thanissaro	thag1.110	thag1.110:1.1	unreviewed-verse
thanissaro	thag1.110	thag1.110:1.2	unreviewed-verse
thanissaro	thag1.110	thag1.110:1.3	unreviewed-verse
thanissaro	thag1.110	thag1.110:1.4	unreviewed-verse
thanissaro	thag1.111	thag1.111:1.1	unreviewed-verse
thanissaro	thag1.111	thag1.111:1.2	unreviewed-verse
thanissaro	thag1.111	thag1.111:1.3	unreviewed-verse
thanissaro	thag1.111	thag1.111:1.4	unreviewed-verse
thanissaro	thag1.113	thag1.113:1.1	unreviewed-verse
thanissaro	thag1.113	thag1.113:1.2	unreviewed-verse
thanissaro	thag1.113	thag1.113:1.3	unreviewed-verse
thanissaro	thag1.113	thag1.113:1.4	unreviewed-verse
thanissaro	thag1.118	thag1.118:1.1	unreviewed-verse
thanissaro	thag1.118	thag1.118:1.2	unreviewed-verse
thanissaro	thag1.118	thag1.118:1.3	unreviewed-verse
thanissaro	thag1.118	thag1.118:1.4	unreviewed-verse
thanissaro	thag1.119	thag1.119:1.1	unreviewed-verse
thanissaro	thag1.119	thag1.119:1.2	unreviewed-verse
thanissaro	thag1.119	thag1.119:1.3	unreviewed-verse
thanissaro	thag1.119	thag1.119:1.4	unreviewed-verse
thanissaro	thag1.120	thag1.120:1.1	unreviewed-verse
thanissaro	thag1.120	thag1.120:1.2	unreviewed-verse
thanissaro	thag1.120	thag1.120:1.3	unreviewed-verse
thanissaro	thag1.120	thag1.120:1.4	unreviewed-verse
thanissaro	thag1.13	thag1.13:1.1	unreviewed-verse
thanissaro	thag1.13	thag1.13:1.2	unreviewed-verse
thanissaro	thag1.13	thag1.13:1.3	unreviewed-verse
thanissaro	thag1.13	thag1.13:1.4	unreviewed-verse
thanissaro	thag1.14	thag1.14:1.1	unreviewed-verse
thanissaro	thag1.14	thag1.14:1.2	unreviewed-verse
thanissaro	thag1.14	thag1.14:1.3	unreviewed-verse
thanissaro	thag1.14	thag1.14:1.4	unreviewed-verse
thanissaro	thag1.14	thag1.14:1.5	unreviewed-verse
thanissaro	thag1.14	thag1.14:1.6	unreviewed-verse
thanissaro	thag1.16	thag1.16:1.1	unreviewed-verse
thanissaro	thag1.16	thag1.16:1.2	unreviewed-verse
thanissaro	thag1.16	thag1.16:1.3	unreviewed-verse
thanissaro	thag1.16	thag1.16:1.4	unreviewed-verse
thanissaro	thag1.16	thag1.16:1.5	unreviewed-verse
thanissaro	thag1.16	thag1.16:1.6	unreviewed-verse
thanissaro	thag1.18	thag1.18:1.1	unreviewed-verse
thanissaro	thag1.18	thag1.18:1.2	unreviewed-verse
thanissaro	thag1.18	thag1.18:1.3	unreviewed-verse
thanissaro	thag1.18	thag1.18:1.4	unreviewed-verse
thanissaro	thag1.18	thag1.18:1.5	unreviewed-verse
thanissaro	thag1.18	thag1.18:1.6	unreviewed-verse
thanissaro	thag1.1	thag1.1:1.1	unreviewed-verse
thanissaro	thag1.1	thag1.1:1.2	unreviewed-verse
thanissaro	thag1.1	thag1.1:1.3	unreviewed-verse
thanissaro	thag1.1	thag1.1:1.4	unreviewed-verse
thanissaro	thag1.1	thag1.1:2.1	unreviewed-verse
thanissaro	thag1.1	thag1.1:2.2	unreviewed-verse
thanissaro	thag1.1	thag1.1:2.3	unreviewed-verse
thanissaro	thag1.1	thag1.1:2.4	unreviewed-verse
thanissaro	thag1.1	thag1.1:3.1	unreviewed-verse
thanissaro	thag1.1	thag1.1:3.2	unreviewed-verse
thanissaro	thag1.1	thag1.1:3.3	unreviewed-verse
thanissaro	thag1.1	thag1.1:3.4	unreviewed-verse
thanissaro	thag1.1	thag1.1:4.1	unreviewed-verse
thanissaro	thag1.1	thag1.1:4.2	unreviewed-verse
thanissaro	thag1.1	thag1.1:4.3	unreviewed-verse
thanissaro	thag1.1	thag1.1:4.4	unreviewed-verse
thanissaro	thag1.21	thag1.21:1.1	unreviewed-verse
thanissaro	thag1.21	thag1.21:1.2	unreviewed-verse
thanissaro	thag1.21	thag1.21:1.3	unreviewed-verse
thanissaro	thag1.21	thag1.21:1.4	unreviewed-verse
thanissaro	thag1.22	thag1.22:1.1	unreviewed-verse
thanissaro	thag1.22	thag1.22:1.2	unreviewed-verse
thanissaro	thag1.22	thag1.22:1.3	unreviewed-verse
thanissaro	thag1.22	thag1.22:1.4	unreviewed-verse
thanissaro	thag1.23	thag1.23:1.1	unreviewed-verse
thanissaro	thag1.23	thag1.23:1.2	unreviewed-verse
thanissaro	thag1.25	thag1.25:1.1	unreviewed-verse
thanissaro	thag1.25	thag1.25:1.2	unreviewed-verse
thanissaro	thag1.25	thag1.25:1.3	unreviewed-verse
thanissaro	thag1.25	thag1.25:1.4	unreviewed-verse
thanissaro	thag1.26	thag1.26:1.1	unreviewed-verse
thanissaro	thag1.26	thag1.26:1.2	unreviewed-verse
thanissaro	thag1.26	thag1.26:1.3	unreviewed-verse
thanissaro	thag1.26	thag1.26:1.4	unreviewed-verse
thanissaro	thag1.29	thag1.29:1.1	unreviewed-verse
thanissaro	thag1.29	thag1.29:1.2	unreviewed-verse
thanissaro	thag1.29	thag1.29:1.3	unreviewed-verse
thanissaro	thag1.29	thag1.29:1.4	unreviewed-verse
thanissaro	thag1.2	thag1.2:1.1	unreviewed-verse
thanissaro	thag1.2	thag1.2:1.2	unreviewed-verse
thanissaro	thag1.2	thag1.2:1.3	unreviewed-verse
thanissaro	thag1.2	thag1.2:1.4	unreviewed-verse
thanissaro	thag1.31	thag1.31:1.1	unreviewed-verse
thanissaro	thag1.31	thag1.31:1.2	unreviewed-verse
thanissaro	thag1.31	thag1.31:1.3	unreviewed-verse
thanissaro	thag1.31	thag1.31:1.4	unreviewed-verse
thanissaro	thag1.32	thag1.32:1.1	unreviewed-verse
thanissaro	thag1.32	thag1.32:1.2	unreviewed-verse
thanissaro	thag1.32	thag1.32:1.3	unreviewed-verse
thanissaro	thag1.32	thag1.32:1.4	unreviewed-verse
thanissaro	thag1.33	thag1.33:1.1	unreviewed-verse
thanissaro	thag1.33	thag1.33:1.2	unreviewed-verse
thanissaro	thag1.33	thag1.33:1.3	unreviewed-verse
thanissaro	thag1.33	thag1.33:1.4	unreviewed-verse
thanissaro	thag1.39	thag1.39:1.1	unreviewed-verse
thanissaro	thag1.39	thag1.39:1.2	unreviewed-verse
thanissaro	thag1.39	thag1.39:1.3	unreviewed-verse
thanissaro	thag1.39	thag1.39:1.4	unreviewed-verse
thanissaro	thag1.3	thag1.3:1.1	unreviewed-verse
thanissaro	thag1.3	thag1.3:1.2	unreviewed-verse
thanissaro	thag1.3	thag1.3:1.3	unreviewed-verse
thanissaro	thag1.3	thag1.3:1.4	unreviewed-verse
thanissaro	thag1.41	thag1.41:1.1	unreviewed-verse
thanissaro	thag1.41	thag1.41:1.2	unreviewed-verse
thanissaro	thag1.41	thag1.41:1.3	unreviewed-verse
thanissaro	thag1.41	thag1.41:1.4	unreviewed-verse
thanissaro	thag1.49	thag1.49:1.1	unreviewed-verse
thanissaro	thag1.49	thag1.49:1.2	unreviewed-verse
thanissaro	thag1.49	thag1.49:1.3	unreviewed-verse
thanissaro	thag1.49	thag1.49:1.4	unreviewed-verse
thanissaro	thag1.50	thag1.50:1.1	unreviewed-verse
thanissaro	thag1.50	thag1.50:1.2	unreviewed-verse
thanissaro	thag1.50	thag1.50:1.3	unreviewed-verse
thanissaro	thag1.50	thag1.50:1.4	unreviewed-verse
thanissaro	thag1.56	thag1.56:1.1	unreviewed-verse
thanissaro	thag1.56	thag1.56:1.2	unreviewed-verse
thanissaro	thag1.56	thag1.56:1.3	unreviewed-verse
thanissaro	thag1.56	thag1.56:1.4	unreviewed-verse
thanissaro	thag1.57	thag1.57:1.1	unreviewed-verse
thanissaro	thag1.57	thag1.57:1.2	unreviewed-verse
thanissaro	thag1.57	thag1.57:1.3	unreviewed-verse
thanissaro	thag1.57	thag1.57:1.4	unreviewed-verse
thanissaro	thag1.5	thag1.5:1.1	unreviewed-verse
thanissaro	thag1.5	thag1.5:1.2	unreviewed-verse
thanissaro	thag1.5	thag1.5:1.3	unreviewed-verse
thanissaro	thag1.5	thag1.5:1.4	unreviewed-verse
thanissaro	thag1.61	thag1.61:1.1	unreviewed-verse
thanissaro	thag1.61	thag1.61:1.2	unreviewed-verse
thanissaro	thag1.61	thag1.61:1.3	unreviewed-verse
thanissaro	thag1.61	thag1.61:1.4	unreviewed-verse
thanissaro	thag1.68	thag1.68:1.1	unreviewed-verse
thanissaro	thag1.68	thag1.68:1.2	unreviewed-verse
thanissaro	thag1.68	thag1.68:1.3	unreviewed-verse
thanissaro	thag1.68	thag1.68:1.4	unreviewed-verse
thanissaro	thag1.73	thag1.73:1.1	unreviewed-verse
thanissaro	thag1.73	thag1.73:1.2	unreviewed-verse
thanissaro	thag1.73	thag1.73:1.3	unreviewed-verse
thanissaro	thag1.73	thag1.73:1.4	unreviewed-verse
thanissaro	thag1.75	thag1.75:1.1	unreviewed-verse
thanissaro	thag1.75	thag1.75:1.2	unreviewed-verse
thanissaro	thag1.75	thag1.75:1.3	unreviewed-verse
thanissaro	thag1.75	thag1.75:1.4	unreviewed-verse
thanissaro	thag1.7	thag1.7:1.1	unreviewed-verse
thanissaro	thag1.7	thag1.7:1.2	unreviewed-verse
thanissaro	thag1.7	thag1.7:1.3	unreviewed-verse
thanissaro	thag1.7	thag1.7:1.4	unreviewed-verse
thanissaro	thag1.84	thag1.84:1.1	unreviewed-verse
thanissaro	thag1.84	thag1.84:1.2	unreviewed-verse
thanissaro	thag1.84	thag1.84:1.3	unreviewed-verse
thanissaro	thag1.84	thag1.84:1.4	unreviewed-verse
thanissaro	thag1.85	thag1.85:1.1	unreviewed-verse
thanissaro	thag1.85	thag1.85:1.2	unreviewed-verse
thanissaro	thag1.85	thag1.85:1.3	unreviewed-verse
thanissaro	thag1.85	thag1.85:1.4	unreviewed-verse
thanissaro	thag1.86	thag1.86:1.4	unreviewed-verse
thanissaro	thag1.88	thag1.88:1.1	unreviewed-verse
thanissaro	thag1.88	thag1.88:1.2	unreviewed-verse
thanissaro	thag1.88	thag1.88:1.3	unreviewed-verse
thanissaro	thag1.88	thag1.88:1.4	unreviewed-verse
thanissaro	thag1.93	thag1.93:1.1	unreviewed-verse
thanissaro	thag1.93	thag1.93:1.2	unreviewed-verse
thanissaro	thag1.93	thag1.93:1.3	unreviewed-verse
thanissaro	thag1.93	thag1.93:1.4	unreviewed-verse
thanissaro	thag1.93	thag1.93:1.5	unreviewed-verse
thanissaro	thag1.93	thag1.93:1.6	unreviewed-verse
thanissaro	thag1.95	thag1.95:1.1	unreviewed-verse
thanissaro	thag1.95	thag1.95:1.2	unreviewed-verse
thanissaro	thag1.95	thag1.95:1.3	unreviewed-verse
thanissaro	thag1.95	thag1.95:1.4	unreviewed-verse
thanissaro	thag10.1	thag10.1:1.1	unreviewed-verse
thanissaro	thag10.1	thag10.1:1.2	unreviewed-verse
thanissaro	thag10.1	thag10.1:1.3	unreviewed-verse
thanissaro	thag10.1	thag10.1:1.4	unreviewed-verse
thanissaro	thag10.1	thag10.1:2.1	unreviewed-verse
thanissaro	thag10.1	thag10.1:2.2	unreviewed-verse
thanissaro	thag10.1	thag10.1:2.3	unreviewed-verse
thanissaro	thag10.1	thag10.1:2.4	unreviewed-verse
thanissaro	thag10.1	thag10.1:3.1	unreviewed-verse
thanissaro	thag10.1	thag10.1:3.2	unreviewed-verse
thanissaro	thag10.1	thag10.1:3.3	unreviewed-verse
thanissaro	thag10.1	thag10.1:3.4	unreviewed-verse
thanissaro	thag10.1	thag10.1:4.1	unreviewed-verse
thanissaro	thag10.1	thag10.1:4.2	unreviewed-verse
thanissaro	thag10.1	thag10.1:4.3	unreviewed-verse
thanissaro	thag10.1	thag10.1:4.4	unreviewed-verse
thanissaro	thag10.1	thag10.1:4.5	unreviewed-verse
thanissaro	thag10.1	thag10.1:4.6	unreviewed-verse
thanissaro	thag10.1	thag10.1:5.1	unreviewed-verse
thanissaro	thag10.1	thag10.1:5.2	unreviewed-verse
thanissaro	thag10.1	thag10.1:5.3	unreviewed-verse
thanissaro	thag10.1	thag10.1:5.4	unreviewed-verse
thanissaro	thag10.1	thag10.1:6.1	unreviewed-verse
thanissaro	thag10.1	thag10.1:6.2	unreviewed-verse
thanissaro	thag10.1	thag10.1:6.3	unreviewed-verse
thanissaro	thag10.1	thag10.1:6.4	unreviewed-verse
thanissaro	thag10.1	thag10.1:7.1	unreviewed-verse
thanissaro	thag10.1	thag10.1:7.2	unreviewed-verse
thanissaro	thag10.1	thag10.1:7.3	unreviewed-verse
thanissaro	thag10.1	thag10.1:7.4	unreviewed-verse
thanissaro	thag10.1	thag10.1:8.1	unreviewed-verse
thanissaro	thag10.1	thag10.1:8.2	unreviewed-verse
thanissaro	thag10.1	thag10.1:8.3	unreviewed-verse
thanissaro	thag10.1	thag10.1:8.4	unreviewed-verse
thanissaro	thag10.1	thag10.1:9.1	unreviewed-verse
thanissaro	thag10.1	thag10.1:9.2	unreviewed-verse
thanissaro	thag10.1	thag10.1:9.3	unreviewed-verse
thanissaro	thag10.1	thag10.1:9.4	unreviewed-verse
thanissaro	thag10.1	thag10.1:10.1	unreviewed-verse
thanissaro	thag10.1	thag10.1:10.2	unreviewed-verse
thanissaro	thag10.1	thag10.1:10.3	unreviewed-verse
thanissaro	thag10.1	thag10.1:10.4	unreviewed-verse
thanissaro	thag10.2	thag10.2:1.1	unreviewed-verse
thanissaro	thag10.2	thag10.2:1.2	unreviewed-verse
thanissaro	thag10.2	thag10.2:1.3	unreviewed-verse
thanissaro	thag10.2	thag10.2:1.4	unreviewed-verse
thanissaro	thag10.2	thag10.2:2.1	unreviewed-verse
thanissaro	thag10.2	thag10.2:2.2	unreviewed-verse
thanissaro	thag10.2	thag10.2:2.3	unreviewed-verse
thanissaro	thag10.2	thag10.2:2.4	unreviewed-verse
thanissaro	thag10.2	thag10.2:3.1	unreviewed-verse
thanissaro	thag10.2	thag10.2:3.2	unreviewed-verse
thanissaro	thag10.2	thag10.2:3.3	unreviewed-verse
thanissaro	thag10.2	thag10.2:3.4	unreviewed-verse
thanissaro	thag10.2	thag10.2:4.1	unreviewed-verse
thanissaro	thag10.2	thag10.2:4.2	unreviewed-verse
thanissaro	thag10.2	thag10.2:4.3	unreviewed-verse
thanissaro	thag10.2	thag10.2:4.4	unreviewed-verse
thanissaro	thag10.2	thag10.2:5.1	unreviewed-verse
thanissaro	thag10.2	thag10.2:5.2	unreviewed-verse
thanissaro	thag10.2	thag10.2:5.3	unreviewed-verse
thanissaro	thag10.2	thag10.2:5.4	unreviewed-verse
thanissaro	thag10.2	thag10.2:6.1	unreviewed-verse
thanissaro	thag10.2	thag10.2:6.2	unreviewed-verse
thanissaro	thag10.2	thag10.2:6.3	unreviewed-verse
thanissaro	thag10.2	thag10.2:6.4	unreviewed-verse
thanissaro	thag10.2	thag10.2:7.1	unreviewed-verse
thanissaro	thag10.2	thag10.2:7.2	unreviewed-verse
thanissaro	thag10.2	thag10.2:7.3	unreviewed-verse
thanissaro	thag10.2	thag10.2:7.4	unreviewed-verse
thanissaro	thag10.2	thag10.2:8.1	unreviewed-verse
thanissaro	thag10.2	thag10.2:8.2	unreviewed-verse
thanissaro	thag10.2	thag10.2:8.3	unreviewed-verse
thanissaro	thag10.2	thag10.2:8.4	unreviewed-verse
thanissaro	thag10.2	thag10.2:9.1	unreviewed-verse
thanissaro	thag10.2	thag10.2:9.2	unreviewed-verse
thanissaro	thag10.2	thag10.2:9.3	unreviewed-verse
thanissaro	thag10.2	thag10.2:9.4	unreviewed-verse
thanissaro	thag10.2	thag10.2:10.1	unreviewed-verse
thanissaro	thag10.2	thag10.2:10.2	unreviewed-verse
thanissaro	thag10.2	thag10.2:10.3	unreviewed-verse
thanissaro	thag10.2	thag10.2:10.4	unreviewed-verse
thanissaro	thag10.5	thag10.5:1.1	unreviewed-verse
thanissaro	thag10.5	thag10.5:1.2	unreviewed-verse
thanissaro	thag10.5	thag10.5:1.3	unreviewed-verse
thanissaro	thag10.5	thag10.5:1.4	unreviewed-verse
thanissaro	thag10.5	thag10.5:2.1	unreviewed-verse
thanissaro	thag10.5	thag10.5:2.2	unreviewed-verse
thanissaro	thag10.5	thag10.5:2.3	unreviewed-verse
thanissaro	thag10.5	thag10.5:2.4	unreviewed-verse
thanissaro	thag10.5	thag10.5:3.1	unreviewed-verse
thanissaro	thag10.5	thag10.5:3.2	unreviewed-verse
thanissaro	thag10.5	thag10.5:3.3	unreviewed-verse
thanissaro	thag10.5	thag10.5:3.4	unreviewed-verse
thanissaro	thag10.5	thag10.5:4.1	unreviewed-verse
thanissaro	thag10.5	thag10.5:4.2	unreviewed-verse
thanissaro	thag10.5	thag10.5:4.3	unreviewed-verse
thanissaro	thag10.5	thag10.5:4.4	unreviewed-verse
thanissaro	thag10.5	thag10.5:5.1	unreviewed-verse
thanissaro	thag10.5	thag10.5:5.2	unreviewed-verse
thanissaro	thag10.5	thag10.5:5.3	unreviewed-verse
thanissaro	thag10.5	thag10.5:5.4	unreviewed-verse
thanissaro	thag10.5	thag10.5:6.1	unreviewed-verse
thanissaro	thag10.5	thag10.5:6.2	unreviewed-verse,pending-recovered-candidate
thanissaro	thag10.5	thag10.5:6.3	unreviewed-verse
thanissaro	thag10.5	thag10.5:6.4	unreviewed-verse
thanissaro	thag10.5	thag10.5:7.1	unreviewed-verse
thanissaro	thag10.5	thag10.5:7.2	unreviewed-verse
thanissaro	thag10.5	thag10.5:7.3	unreviewed-verse
thanissaro	thag10.5	thag10.5:7.4	unreviewed-verse
thanissaro	thag10.5	thag10.5:8.1	unreviewed-verse
thanissaro	thag10.5	thag10.5:8.2	unreviewed-verse
thanissaro	thag10.5	thag10.5:8.3	unreviewed-verse
thanissaro	thag10.5	thag10.5:8.4	unreviewed-verse
thanissaro	thag10.5	thag10.5:9.1	unreviewed-verse
thanissaro	thag10.5	thag10.5:9.2	unreviewed-verse
thanissaro	thag10.5	thag10.5:9.3	unreviewed-verse
thanissaro	thag10.5	thag10.5:9.4	unreviewed-verse
thanissaro	thag10.5	thag10.5:10.1	unreviewed-verse
thanissaro	thag10.5	thag10.5:10.2	unreviewed-verse
thanissaro	thag10.5	thag10.5:10.3	unreviewed-verse
thanissaro	thag10.5	thag10.5:10.4	unreviewed-verse
thanissaro	thag10.7	thag10.7:1.1	unreviewed-verse
thanissaro	thag10.7	thag10.7:1.2	unreviewed-verse
thanissaro	thag10.7	thag10.7:1.3	unreviewed-verse
thanissaro	thag10.7	thag10.7:1.4	unreviewed-verse
thanissaro	thag10.7	thag10.7:2.1	unreviewed-verse
thanissaro	thag10.7	thag10.7:2.2	unreviewed-verse
thanissaro	thag10.7	thag10.7:2.3	unreviewed-verse
thanissaro	thag10.7	thag10.7:2.4	unreviewed-verse
thanissaro	thag10.7	thag10.7:3.1	unreviewed-verse
thanissaro	thag10.7	thag10.7:3.2	unreviewed-verse
thanissaro	thag10.7	thag10.7:3.3	unreviewed-verse
thanissaro	thag10.7	thag10.7:3.4	unreviewed-verse
thanissaro	thag10.7	thag10.7:4.1	unreviewed-verse
thanissaro	thag10.7	thag10.7:4.2	unreviewed-verse
thanissaro	thag10.7	thag10.7:4.3	unreviewed-verse
thanissaro	thag10.7	thag10.7:4.4	unreviewed-verse
thanissaro	thag10.7	thag10.7:5.1	unreviewed-verse
thanissaro	thag10.7	thag10.7:5.2	unreviewed-verse
thanissaro	thag10.7	thag10.7:5.3	unreviewed-verse
thanissaro	thag10.7	thag10.7:5.4	unreviewed-verse
thanissaro	thag10.7	thag10.7:6.1	unreviewed-verse
thanissaro	thag10.7	thag10.7:6.2	unreviewed-verse
thanissaro	thag10.7	thag10.7:6.3	unreviewed-verse
thanissaro	thag10.7	thag10.7:6.4	unreviewed-verse
thanissaro	thag10.7	thag10.7:7.1	unreviewed-verse
thanissaro	thag10.7	thag10.7:7.2	unreviewed-verse
thanissaro	thag10.7	thag10.7:7.3	unreviewed-verse
thanissaro	thag10.7	thag10.7:7.4	unreviewed-verse
thanissaro	thag10.7	thag10.7:8.1	unreviewed-verse
thanissaro	thag10.7	thag10.7:8.2	unreviewed-verse
thanissaro	thag10.7	thag10.7:8.3	unreviewed-verse
thanissaro	thag10.7	thag10.7:8.4	unreviewed-verse
thanissaro	thag10.7	thag10.7:9.1	unreviewed-verse
thanissaro	thag10.7	thag10.7:9.2	unreviewed-verse
thanissaro	thag10.7	thag10.7:9.3	unreviewed-verse
thanissaro	thag10.7	thag10.7:9.4	unreviewed-verse
thanissaro	thag10.7	thag10.7:10.1	unreviewed-verse
thanissaro	thag10.7	thag10.7:10.2	unreviewed-verse
thanissaro	thag10.7	thag10.7:10.3	unreviewed-verse
thanissaro	thag10.7	thag10.7:10.4	unreviewed-verse
thanissaro	thag11.1	thag11.1:1.1	unreviewed-verse
thanissaro	thag11.1	thag11.1:1.2	unreviewed-verse
thanissaro	thag11.1	thag11.1:1.3	unreviewed-verse
thanissaro	thag11.1	thag11.1:1.4	unreviewed-verse
thanissaro	thag11.1	thag11.1:2.1	unreviewed-verse
thanissaro	thag11.1	thag11.1:2.2	unreviewed-verse
thanissaro	thag11.1	thag11.1:2.3	unreviewed-verse
thanissaro	thag11.1	thag11.1:2.4	unreviewed-verse
thanissaro	thag11.1	thag11.1:3.1	unreviewed-verse
thanissaro	thag11.1	thag11.1:3.2	unreviewed-verse
thanissaro	thag11.1	thag11.1:3.3	unreviewed-verse
thanissaro	thag11.1	thag11.1:3.4	unreviewed-verse
thanissaro	thag11.1	thag11.1:4.1	unreviewed-verse
thanissaro	thag11.1	thag11.1:4.2	unreviewed-verse
thanissaro	thag11.1	thag11.1:4.3	unreviewed-verse
thanissaro	thag11.1	thag11.1:4.4	unreviewed-verse
thanissaro	thag11.1	thag11.1:5.1	unreviewed-verse
thanissaro	thag11.1	thag11.1:5.2	unreviewed-verse
thanissaro	thag11.1	thag11.1:5.3	unreviewed-verse
thanissaro	thag11.1	thag11.1:5.4	unreviewed-verse
thanissaro	thag11.1	thag11.1:6.1	unreviewed-verse
thanissaro	thag11.1	thag11.1:6.2	unreviewed-verse
thanissaro	thag11.1	thag11.1:6.3	unreviewed-verse
thanissaro	thag11.1	thag11.1:6.4	unreviewed-verse
thanissaro	thag11.1	thag11.1:7.1	unreviewed-verse
thanissaro	thag11.1	thag11.1:7.2	unreviewed-verse
thanissaro	thag11.1	thag11.1:7.3	unreviewed-verse
thanissaro	thag11.1	thag11.1:7.4	unreviewed-verse
thanissaro	thag11.1	thag11.1:8.1	unreviewed-verse
thanissaro	thag11.1	thag11.1:8.2	unreviewed-verse
thanissaro	thag11.1	thag11.1:8.3	unreviewed-verse
thanissaro	thag11.1	thag11.1:8.4	unreviewed-verse
thanissaro	thag11.1	thag11.1:9.1	unreviewed-verse
thanissaro	thag11.1	thag11.1:9.2	unreviewed-verse
thanissaro	thag11.1	thag11.1:9.3	unreviewed-verse
thanissaro	thag11.1	thag11.1:9.4	unreviewed-verse
thanissaro	thag11.1	thag11.1:10.1	unreviewed-verse
thanissaro	thag11.1	thag11.1:10.2	unreviewed-verse
thanissaro	thag11.1	thag11.1:10.3	unreviewed-verse
thanissaro	thag11.1	thag11.1:10.4	unreviewed-verse
thanissaro	thag11.1	thag11.1:11.1	unreviewed-verse
thanissaro	thag11.1	thag11.1:11.2	unreviewed-verse
thanissaro	thag11.1	thag11.1:11.3	unreviewed-verse
thanissaro	thag11.1	thag11.1:11.4	unreviewed-verse
thanissaro	thag12.1	thag12.1:1.1	unreviewed-verse
thanissaro	thag12.1	thag12.1:1.2	unreviewed-verse
thanissaro	thag12.1	thag12.1:1.3	unreviewed-verse
thanissaro	thag12.1	thag12.1:1.4	unreviewed-verse
thanissaro	thag12.1	thag12.1:2.1	unreviewed-verse
thanissaro	thag12.1	thag12.1:2.2	unreviewed-verse
thanissaro	thag12.1	thag12.1:2.3	unreviewed-verse
thanissaro	thag12.1	thag12.1:2.4	unreviewed-verse
thanissaro	thag12.1	thag12.1:3.1	unreviewed-verse
thanissaro	thag12.1	thag12.1:3.2	unreviewed-verse
thanissaro	thag12.1	thag12.1:3.3	unreviewed-verse
thanissaro	thag12.1	thag12.1:3.4	unreviewed-verse
thanissaro	thag12.1	thag12.1:4.1	unreviewed-verse
thanissaro	thag12.1	thag12.1:4.2	unreviewed-verse
thanissaro	thag12.1	thag12.1:4.3	unreviewed-verse
thanissaro	thag12.1	thag12.1:4.4	unreviewed-verse
thanissaro	thag12.1	thag12.1:5.1	unreviewed-verse
thanissaro	thag12.1	thag12.1:5.2	unreviewed-verse
thanissaro	thag12.1	thag12.1:5.3	unreviewed-verse
thanissaro	thag12.1	thag12.1:5.4	unreviewed-verse
thanissaro	thag12.1	thag12.1:6.1	unreviewed-verse
thanissaro	thag12.1	thag12.1:6.2	unreviewed-verse
thanissaro	thag12.1	thag12.1:6.3	unreviewed-verse
thanissaro	thag12.1	thag12.1:6.4	unreviewed-verse
thanissaro	thag12.1	thag12.1:7.1	unreviewed-verse
thanissaro	thag12.1	thag12.1:7.2	unreviewed-verse
thanissaro	thag12.1	thag12.1:7.3	unreviewed-verse
thanissaro	thag12.1	thag12.1:7.4	unreviewed-verse
thanissaro	thag12.1	thag12.1:8.1	unreviewed-verse
thanissaro	thag12.1	thag12.1:8.2	unreviewed-verse
thanissaro	thag12.1	thag12.1:8.3	unreviewed-verse
thanissaro	thag12.1	thag12.1:8.4	unreviewed-verse
thanissaro	thag12.1	thag12.1:9.1	unreviewed-verse
thanissaro	thag12.1	thag12.1:9.2	unreviewed-verse
thanissaro	thag12.1	thag12.1:9.3	unreviewed-verse
thanissaro	thag12.1	thag12.1:9.4	unreviewed-verse
thanissaro	thag12.1	thag12.1:10.1	unreviewed-verse
thanissaro	thag12.1	thag12.1:10.2	unreviewed-verse
thanissaro	thag12.1	thag12.1:10.3	unreviewed-verse
thanissaro	thag12.1	thag12.1:10.4	unreviewed-verse
thanissaro	thag12.1	thag12.1:11.1	unreviewed-verse
thanissaro	thag12.1	thag12.1:11.2	unreviewed-verse
thanissaro	thag12.1	thag12.1:11.3	unreviewed-verse
thanissaro	thag12.1	thag12.1:11.4	unreviewed-verse
thanissaro	thag12.1	thag12.1:12.1	unreviewed-verse
thanissaro	thag12.1	thag12.1:12.2	unreviewed-verse
thanissaro	thag12.1	thag12.1:12.3	unreviewed-verse
thanissaro	thag12.1	thag12.1:12.4	unreviewed-verse
thanissaro	thag12.2	thag12.2:1.1	unreviewed-verse
thanissaro	thag12.2	thag12.2:1.2	unreviewed-verse
thanissaro	thag12.2	thag12.2:1.3	unreviewed-verse
thanissaro	thag12.2	thag12.2:1.4	unreviewed-verse
thanissaro	thag12.2	thag12.2:2.1	unreviewed-verse
thanissaro	thag12.2	thag12.2:2.2	unreviewed-verse
thanissaro	thag12.2	thag12.2:2.3	unreviewed-verse
thanissaro	thag12.2	thag12.2:2.4	unreviewed-verse
thanissaro	thag12.2	thag12.2:3.1	unreviewed-verse
thanissaro	thag12.2	thag12.2:3.2	unreviewed-verse
thanissaro	thag12.2	thag12.2:3.3	unreviewed-verse
thanissaro	thag12.2	thag12.2:3.4	unreviewed-verse
thanissaro	thag12.2	thag12.2:4.1	unreviewed-verse
thanissaro	thag12.2	thag12.2:4.2	unreviewed-verse
thanissaro	thag12.2	thag12.2:4.3	unreviewed-verse
thanissaro	thag12.2	thag12.2:4.4	unreviewed-verse
thanissaro	thag12.2	thag12.2:5.1	unreviewed-verse
thanissaro	thag12.2	thag12.2:5.2	unreviewed-verse
thanissaro	thag12.2	thag12.2:5.3	unreviewed-verse
thanissaro	thag12.2	thag12.2:5.4	unreviewed-verse
thanissaro	thag12.2	thag12.2:6.1	unreviewed-verse
thanissaro	thag12.2	thag12.2:6.2	unreviewed-verse
thanissaro	thag12.2	thag12.2:6.3	unreviewed-verse
thanissaro	thag12.2	thag12.2:6.4	unreviewed-verse
thanissaro	thag12.2	thag12.2:7.1	unreviewed-verse
thanissaro	thag12.2	thag12.2:7.2	unreviewed-verse
thanissaro	thag12.2	thag12.2:7.3	unreviewed-verse
thanissaro	thag12.2	thag12.2:7.4	unreviewed-verse
thanissaro	thag12.2	thag12.2:8.1	unreviewed-verse
thanissaro	thag12.2	thag12.2:8.2	unreviewed-verse
thanissaro	thag12.2	thag12.2:8.3	unreviewed-verse
thanissaro	thag12.2	thag12.2:8.4	unreviewed-verse
thanissaro	thag12.2	thag12.2:8.5	unreviewed-verse
thanissaro	thag12.2	thag12.2:8.6	unreviewed-verse
thanissaro	thag12.2	thag12.2:9.1	unreviewed-verse
thanissaro	thag12.2	thag12.2:9.2	unreviewed-verse
thanissaro	thag12.2	thag12.2:9.3	unreviewed-verse
thanissaro	thag12.2	thag12.2:9.4	unreviewed-verse
thanissaro	thag12.2	thag12.2:10.1	unreviewed-verse
thanissaro	thag12.2	thag12.2:10.2	unreviewed-verse
thanissaro	thag12.2	thag12.2:10.3	unreviewed-verse
thanissaro	thag12.2	thag12.2:10.4	unreviewed-verse
thanissaro	thag12.2	thag12.2:11.1	unreviewed-verse
thanissaro	thag12.2	thag12.2:11.2	unreviewed-verse
thanissaro	thag12.2	thag12.2:11.3	unreviewed-verse
thanissaro	thag12.2	thag12.2:11.4	unreviewed-verse
thanissaro	thag12.2	thag12.2:12.1	unreviewed-verse
thanissaro	thag12.2	thag12.2:12.2	unreviewed-verse
thanissaro	thag12.2	thag12.2:12.3	unreviewed-verse
thanissaro	thag12.2	thag12.2:12.4	unreviewed-verse
thanissaro	thag13.1	thag13.1:7.2	unreviewed-verse
thanissaro	thag13.1	thag13.1:11.3	unreviewed-verse
thanissaro	thag14.1	thag14.1:1.1	unreviewed-verse
thanissaro	thag14.1	thag14.1:1.2	unreviewed-verse
thanissaro	thag14.1	thag14.1:1.3	unreviewed-verse
thanissaro	thag14.1	thag14.1:1.4	unreviewed-verse
thanissaro	thag14.1	thag14.1:2.1	unreviewed-verse
thanissaro	thag14.1	thag14.1:2.2	unreviewed-verse
thanissaro	thag14.1	thag14.1:2.3	unreviewed-verse
thanissaro	thag14.1	thag14.1:2.4	unreviewed-verse
thanissaro	thag14.1	thag14.1:3.1	unreviewed-verse
thanissaro	thag14.1	thag14.1:3.2	unreviewed-verse
thanissaro	thag14.1	thag14.1:3.3	unreviewed-verse
thanissaro	thag14.1	thag14.1:3.4	unreviewed-verse
thanissaro	thag14.1	thag14.1:4.1	unreviewed-verse
thanissaro	thag14.1	thag14.1:4.2	unreviewed-verse
thanissaro	thag14.1	thag14.1:4.3	unreviewed-verse
thanissaro	thag14.1	thag14.1:4.4	unreviewed-verse
thanissaro	thag14.1	thag14.1:5.1	unreviewed-verse
thanissaro	thag14.1	thag14.1:5.2	unreviewed-verse
thanissaro	thag14.1	thag14.1:5.3	unreviewed-verse
thanissaro	thag14.1	thag14.1:5.4	unreviewed-verse
thanissaro	thag14.1	thag14.1:6.1	unreviewed-verse
thanissaro	thag14.1	thag14.1:6.2	unreviewed-verse
thanissaro	thag14.1	thag14.1:6.3	unreviewed-verse
thanissaro	thag14.1	thag14.1:6.4	unreviewed-verse
thanissaro	thag14.1	thag14.1:7.1	unreviewed-verse
thanissaro	thag14.1	thag14.1:7.2	unreviewed-verse
thanissaro	thag14.1	thag14.1:7.3	unreviewed-verse
thanissaro	thag14.1	thag14.1:7.4	unreviewed-verse
thanissaro	thag14.1	thag14.1:8.1	unreviewed-verse
thanissaro	thag14.1	thag14.1:8.2	unreviewed-verse
thanissaro	thag14.1	thag14.1:8.3	unreviewed-verse
thanissaro	thag14.1	thag14.1:8.4	unreviewed-verse
thanissaro	thag14.1	thag14.1:9.1	unreviewed-verse
thanissaro	thag14.1	thag14.1:9.2	unreviewed-verse
thanissaro	thag14.1	thag14.1:9.3	unreviewed-verse
thanissaro	thag14.1	thag14.1:9.4	unreviewed-verse
thanissaro	thag14.1	thag14.1:10.1	unreviewed-verse
thanissaro	thag14.1	thag14.1:10.2	unreviewed-verse
thanissaro	thag14.1	thag14.1:10.3	unreviewed-verse
thanissaro	thag14.1	thag14.1:10.4	unreviewed-verse
thanissaro	thag14.1	thag14.1:11.1	unreviewed-verse
thanissaro	thag14.1	thag14.1:11.2	unreviewed-verse
thanissaro	thag14.1	thag14.1:11.3	unreviewed-verse
thanissaro	thag14.1	thag14.1:11.4	unreviewed-verse
thanissaro	thag14.1	thag14.1:12.1	unreviewed-verse
thanissaro	thag14.1	thag14.1:12.2	unreviewed-verse
thanissaro	thag14.1	thag14.1:12.3	unreviewed-verse
thanissaro	thag14.1	thag14.1:12.4	unreviewed-verse
thanissaro	thag14.1	thag14.1:13.1	unreviewed-verse
thanissaro	thag14.1	thag14.1:13.2	unreviewed-verse
thanissaro	thag14.1	thag14.1:13.3	unreviewed-verse
thanissaro	thag14.1	thag14.1:13.4	unreviewed-verse
thanissaro	thag14.1	thag14.1:14.1	unreviewed-verse
thanissaro	thag14.1	thag14.1:14.2	unreviewed-verse
thanissaro	thag14.1	thag14.1:14.3	unreviewed-verse
thanissaro	thag14.1	thag14.1:14.4	unreviewed-verse
thanissaro	thag14.2	thag14.2:1.1	unreviewed-verse
thanissaro	thag14.2	thag14.2:1.2	unreviewed-verse
thanissaro	thag14.2	thag14.2:1.3	unreviewed-verse
thanissaro	thag14.2	thag14.2:1.4	unreviewed-verse
thanissaro	thag14.2	thag14.2:2.1	unreviewed-verse
thanissaro	thag14.2	thag14.2:2.2	unreviewed-verse
thanissaro	thag14.2	thag14.2:2.3	unreviewed-verse
thanissaro	thag14.2	thag14.2:2.4	unreviewed-verse
thanissaro	thag14.2	thag14.2:3.1	unreviewed-verse
thanissaro	thag14.2	thag14.2:3.2	unreviewed-verse
thanissaro	thag14.2	thag14.2:3.3	unreviewed-verse
thanissaro	thag14.2	thag14.2:3.4	unreviewed-verse
thanissaro	thag14.2	thag14.2:4.1	unreviewed-verse
thanissaro	thag14.2	thag14.2:4.2	unreviewed-verse
thanissaro	thag14.2	thag14.2:4.3	unreviewed-verse
thanissaro	thag14.2	thag14.2:4.4	unreviewed-verse
thanissaro	thag14.2	thag14.2:5.1	unreviewed-verse
thanissaro	thag14.2	thag14.2:5.2	unreviewed-verse
thanissaro	thag14.2	thag14.2:5.3	unreviewed-verse
thanissaro	thag14.2	thag14.2:5.4	unreviewed-verse
thanissaro	thag14.2	thag14.2:6.1	unreviewed-verse
thanissaro	thag14.2	thag14.2:6.2	unreviewed-verse
thanissaro	thag14.2	thag14.2:6.3	unreviewed-verse
thanissaro	thag14.2	thag14.2:6.4	unreviewed-verse
thanissaro	thag14.2	thag14.2:7.1	unreviewed-verse
thanissaro	thag14.2	thag14.2:7.2	unreviewed-verse
thanissaro	thag14.2	thag14.2:7.3	unreviewed-verse
thanissaro	thag14.2	thag14.2:7.4	unreviewed-verse
thanissaro	thag14.2	thag14.2:8.1	unreviewed-verse
thanissaro	thag14.2	thag14.2:8.2	unreviewed-verse
thanissaro	thag14.2	thag14.2:8.3	unreviewed-verse
thanissaro	thag14.2	thag14.2:8.4	unreviewed-verse
thanissaro	thag14.2	thag14.2:9.1	unreviewed-verse
thanissaro	thag14.2	thag14.2:9.2	unreviewed-verse
thanissaro	thag14.2	thag14.2:9.3	unreviewed-verse
thanissaro	thag14.2	thag14.2:9.4	unreviewed-verse
thanissaro	thag14.2	thag14.2:10.1	unreviewed-verse
thanissaro	thag14.2	thag14.2:10.2	unreviewed-verse
thanissaro	thag14.2	thag14.2:10.3	unreviewed-verse
thanissaro	thag14.2	thag14.2:10.4	unreviewed-verse
thanissaro	thag14.2	thag14.2:11.1	unreviewed-verse
thanissaro	thag14.2	thag14.2:11.2	unreviewed-verse
thanissaro	thag14.2	thag14.2:11.3	unreviewed-verse
thanissaro	thag14.2	thag14.2:11.4	unreviewed-verse
thanissaro	thag14.2	thag14.2:12.1	unreviewed-verse
thanissaro	thag14.2	thag14.2:12.2	unreviewed-verse
thanissaro	thag14.2	thag14.2:12.3	unreviewed-verse
thanissaro	thag14.2	thag14.2:12.4	unreviewed-verse
thanissaro	thag14.2	thag14.2:13.1	unreviewed-verse
thanissaro	thag14.2	thag14.2:13.2	unreviewed-verse
thanissaro	thag14.2	thag14.2:13.3	unreviewed-verse
thanissaro	thag14.2	thag14.2:13.4	unreviewed-verse
thanissaro	thag14.2	thag14.2:14.1	unreviewed-verse
thanissaro	thag14.2	thag14.2:14.2	unreviewed-verse
thanissaro	thag14.2	thag14.2:14.3	unreviewed-verse
thanissaro	thag14.2	thag14.2:14.4	unreviewed-verse
thanissaro	thag15.2	thag15.2:1.1	unreviewed-verse
thanissaro	thag15.2	thag15.2:1.2	unreviewed-verse
thanissaro	thag15.2	thag15.2:1.3	unreviewed-verse
thanissaro	thag15.2	thag15.2:1.4	unreviewed-verse
thanissaro	thag15.2	thag15.2:2.1	unreviewed-verse
thanissaro	thag15.2	thag15.2:2.2	unreviewed-verse
thanissaro	thag15.2	thag15.2:2.3	unreviewed-verse
thanissaro	thag15.2	thag15.2:2.4	unreviewed-verse
thanissaro	thag15.2	thag15.2:3.1	unreviewed-verse
thanissaro	thag15.2	thag15.2:3.2	unreviewed-verse
thanissaro	thag15.2	thag15.2:3.3	unreviewed-verse
thanissaro	thag15.2	thag15.2:3.4	unreviewed-verse
thanissaro	thag15.2	thag15.2:4.1	unreviewed-verse
thanissaro	thag15.2	thag15.2:4.2	unreviewed-verse
thanissaro	thag15.2	thag15.2:4.3	unreviewed-verse
thanissaro	thag15.2	thag15.2:4.4	unreviewed-verse
thanissaro	thag15.2	thag15.2:5.1	unreviewed-verse
thanissaro	thag15.2	thag15.2:5.2	unreviewed-verse
thanissaro	thag15.2	thag15.2:5.3	unreviewed-verse
thanissaro	thag15.2	thag15.2:5.4	unreviewed-verse
thanissaro	thag15.2	thag15.2:6.1	unreviewed-verse
thanissaro	thag15.2	thag15.2:6.2	unreviewed-verse
thanissaro	thag15.2	thag15.2:6.3	unreviewed-verse
thanissaro	thag15.2	thag15.2:6.4	unreviewed-verse
thanissaro	thag15.2	thag15.2:7.1	unreviewed-verse
thanissaro	thag15.2	thag15.2:7.2	unreviewed-verse
thanissaro	thag15.2	thag15.2:7.3	unreviewed-verse
thanissaro	thag15.2	thag15.2:7.4	unreviewed-verse
thanissaro	thag15.2	thag15.2:8.1	unreviewed-verse
thanissaro	thag15.2	thag15.2:8.2	unreviewed-verse
thanissaro	thag15.2	thag15.2:8.3	unreviewed-verse
thanissaro	thag15.2	thag15.2:8.4	unreviewed-verse
thanissaro	thag15.2	thag15.2:9.1	unreviewed-verse
thanissaro	thag15.2	thag15.2:9.2	unreviewed-verse
thanissaro	thag15.2	thag15.2:9.3	unreviewed-verse
thanissaro	thag15.2	thag15.2:9.4	unreviewed-verse
thanissaro	thag15.2	thag15.2:10.1	unreviewed-verse
thanissaro	thag15.2	thag15.2:10.2	unreviewed-verse
thanissaro	thag15.2	thag15.2:10.3	unreviewed-verse
thanissaro	thag15.2	thag15.2:10.4	unreviewed-verse
thanissaro	thag15.2	thag15.2:11.1	unreviewed-verse
thanissaro	thag15.2	thag15.2:11.2	unreviewed-verse
thanissaro	thag15.2	thag15.2:11.3	unreviewed-verse
thanissaro	thag15.2	thag15.2:11.4	unreviewed-verse
thanissaro	thag15.2	thag15.2:12.1	unreviewed-verse
thanissaro	thag15.2	thag15.2:12.2	unreviewed-verse
thanissaro	thag15.2	thag15.2:12.3	unreviewed-verse
thanissaro	thag15.2	thag15.2:12.4	unreviewed-verse
thanissaro	thag15.2	thag15.2:13.1	unreviewed-verse
thanissaro	thag15.2	thag15.2:13.2	unreviewed-verse
thanissaro	thag15.2	thag15.2:13.3	unreviewed-verse
thanissaro	thag15.2	thag15.2:13.4	unreviewed-verse
thanissaro	thag15.2	thag15.2:14.1	unreviewed-verse
thanissaro	thag15.2	thag15.2:14.2	unreviewed-verse
thanissaro	thag15.2	thag15.2:14.3	unreviewed-verse
thanissaro	thag15.2	thag15.2:14.4	unreviewed-verse
thanissaro	thag15.2	thag15.2:15.1	unreviewed-verse
thanissaro	thag15.2	thag15.2:15.2	unreviewed-verse
thanissaro	thag15.2	thag15.2:15.3	unreviewed-verse
thanissaro	thag15.2	thag15.2:15.4	unreviewed-verse
thanissaro	thag15.2	thag15.2:16.1	unreviewed-verse
thanissaro	thag15.2	thag15.2:16.2	unreviewed-verse
thanissaro	thag15.2	thag15.2:16.3	unreviewed-verse
thanissaro	thag15.2	thag15.2:16.4	unreviewed-verse
thanissaro	thag16.1	thag16.1:1.1	unreviewed-verse
thanissaro	thag16.1	thag16.1:1.2	unreviewed-verse
thanissaro	thag16.1	thag16.1:1.3	unreviewed-verse
thanissaro	thag16.1	thag16.1:1.4	unreviewed-verse
thanissaro	thag16.1	thag16.1:2.1	unreviewed-verse
thanissaro	thag16.1	thag16.1:2.2	unreviewed-verse
thanissaro	thag16.1	thag16.1:2.3	unreviewed-verse
thanissaro	thag16.1	thag16.1:2.4	unreviewed-verse
thanissaro	thag16.1	thag16.1:3.1	unreviewed-verse
thanissaro	thag16.1	thag16.1:3.2	unreviewed-verse
thanissaro	thag16.1	thag16.1:3.3	unreviewed-verse
thanissaro	thag16.1	thag16.1:3.4	unreviewed-verse
thanissaro	thag16.1	thag16.1:4.1	unreviewed-verse
thanissaro	thag16.1	thag16.1:4.2	unreviewed-verse
thanissaro	thag16.1	thag16.1:4.3	unreviewed-verse
thanissaro	thag16.1	thag16.1:4.4	unreviewed-verse
thanissaro	thag16.1	thag16.1:5.1	unreviewed-verse
thanissaro	thag16.1	thag16.1:5.2	unreviewed-verse
thanissaro	thag16.1	thag16.1:5.3	unreviewed-verse
thanissaro	thag16.1	thag16.1:5.4	unreviewed-verse
thanissaro	thag16.1	thag16.1:6.1	unreviewed-verse
thanissaro	thag16.1	thag16.1:6.2	unreviewed-verse
thanissaro	thag16.1	thag16.1:6.3	unreviewed-verse
thanissaro	thag16.1	thag16.1:6.4	unreviewed-verse
thanissaro	thag16.1	thag16.1:7.1	unreviewed-verse
thanissaro	thag16.1	thag16.1:7.2	unreviewed-verse
thanissaro	thag16.1	thag16.1:7.3	unreviewed-verse
thanissaro	thag16.1	thag16.1:7.4	unreviewed-verse
thanissaro	thag16.1	thag16.1:8.1	unreviewed-verse
thanissaro	thag16.1	thag16.1:8.2	unreviewed-verse
thanissaro	thag16.1	thag16.1:8.3	unreviewed-verse
thanissaro	thag16.1	thag16.1:8.4	unreviewed-verse
thanissaro	thag16.1	thag16.1:9.1	unreviewed-verse
thanissaro	thag16.1	thag16.1:9.2	unreviewed-verse
thanissaro	thag16.1	thag16.1:9.3	unreviewed-verse
thanissaro	thag16.1	thag16.1:9.4	unreviewed-verse
thanissaro	thag16.1	thag16.1:10.1	unreviewed-verse
thanissaro	thag16.1	thag16.1:10.2	unreviewed-verse
thanissaro	thag16.1	thag16.1:10.3	unreviewed-verse
thanissaro	thag16.1	thag16.1:10.4	unreviewed-verse
thanissaro	thag16.1	thag16.1:11.1	unreviewed-verse
thanissaro	thag16.1	thag16.1:11.2	unreviewed-verse
thanissaro	thag16.1	thag16.1:11.3	unreviewed-verse
thanissaro	thag16.1	thag16.1:11.4	unreviewed-verse
thanissaro	thag16.1	thag16.1:12.1	unreviewed-verse
thanissaro	thag16.1	thag16.1:12.2	unreviewed-verse
thanissaro	thag16.1	thag16.1:12.3	unreviewed-verse
thanissaro	thag16.1	thag16.1:12.4	unreviewed-verse
thanissaro	thag16.1	thag16.1:13.1	unreviewed-verse
thanissaro	thag16.1	thag16.1:13.2	unreviewed-verse
thanissaro	thag16.1	thag16.1:13.3	unreviewed-verse
thanissaro	thag16.1	thag16.1:13.4	unreviewed-verse
thanissaro	thag16.1	thag16.1:14.1	unreviewed-verse
thanissaro	thag16.1	thag16.1:14.2	unreviewed-verse
thanissaro	thag16.1	thag16.1:14.3	unreviewed-verse
thanissaro	thag16.1	thag16.1:14.4	unreviewed-verse
thanissaro	thag16.1	thag16.1:15.1	unreviewed-verse
thanissaro	thag16.1	thag16.1:15.2	unreviewed-verse
thanissaro	thag16.1	thag16.1:15.3	unreviewed-verse
thanissaro	thag16.1	thag16.1:15.4	unreviewed-verse
thanissaro	thag16.1	thag16.1:16.1	unreviewed-verse
thanissaro	thag16.1	thag16.1:16.2	unreviewed-verse
thanissaro	thag16.1	thag16.1:16.3	unreviewed-verse
thanissaro	thag16.1	thag16.1:16.4	unreviewed-verse
thanissaro	thag16.1	thag16.1:17.1	unreviewed-verse
thanissaro	thag16.1	thag16.1:17.2	unreviewed-verse
thanissaro	thag16.1	thag16.1:17.3	unreviewed-verse
thanissaro	thag16.1	thag16.1:17.4	unreviewed-verse
thanissaro	thag16.1	thag16.1:18.1	unreviewed-verse
thanissaro	thag16.1	thag16.1:18.2	unreviewed-verse
thanissaro	thag16.1	thag16.1:18.3	unreviewed-verse
thanissaro	thag16.1	thag16.1:18.4	unreviewed-verse
thanissaro	thag16.1	thag16.1:19.1	unreviewed-verse
thanissaro	thag16.1	thag16.1:19.2	unreviewed-verse
thanissaro	thag16.1	thag16.1:19.3	unreviewed-verse
thanissaro	thag16.1	thag16.1:19.4	unreviewed-verse
thanissaro	thag16.1	thag16.1:20.1	unreviewed-verse
thanissaro	thag16.1	thag16.1:20.2	unreviewed-verse
thanissaro	thag16.1	thag16.1:20.3	unreviewed-verse
thanissaro	thag16.1	thag16.1:20.4	unreviewed-verse
thanissaro	thag16.1	thag16.1:21.1	unreviewed-verse
thanissaro	thag16.1	thag16.1:21.2	unreviewed-verse
thanissaro	thag16.1	thag16.1:21.3	unreviewed-verse
thanissaro	thag16.1	thag16.1:21.4	unreviewed-verse
thanissaro	thag16.4	thag16.4:1.1	unreviewed-verse
thanissaro	thag16.4	thag16.4:1.2	unreviewed-verse
thanissaro	thag16.4	thag16.4:1.3	unreviewed-verse
thanissaro	thag16.4	thag16.4:1.4	unreviewed-verse
thanissaro	thag16.4	thag16.4:2.1	unreviewed-verse
thanissaro	thag16.4	thag16.4:2.2	unreviewed-verse
thanissaro	thag16.4	thag16.4:2.3	unreviewed-verse
thanissaro	thag16.4	thag16.4:2.4	unreviewed-verse
thanissaro	thag16.4	thag16.4:3.1	unreviewed-verse
thanissaro	thag16.4	thag16.4:3.2	unreviewed-verse
thanissaro	thag16.4	thag16.4:3.3	unreviewed-verse
thanissaro	thag16.4	thag16.4:3.4	unreviewed-verse
thanissaro	thag16.4	thag16.4:4.1	unreviewed-verse
thanissaro	thag16.4	thag16.4:4.2	unreviewed-verse
thanissaro	thag16.4	thag16.4:4.3	unreviewed-verse
thanissaro	thag16.4	thag16.4:4.4	unreviewed-verse
thanissaro	thag16.4	thag16.4:5.1	unreviewed-verse
thanissaro	thag16.4	thag16.4:5.2	unreviewed-verse
thanissaro	thag16.4	thag16.4:5.3	unreviewed-verse
thanissaro	thag16.4	thag16.4:5.4	unreviewed-verse
thanissaro	thag16.4	thag16.4:6.1	unreviewed-verse
thanissaro	thag16.4	thag16.4:6.2	unreviewed-verse
thanissaro	thag16.4	thag16.4:6.3	unreviewed-verse
thanissaro	thag16.4	thag16.4:6.4	unreviewed-verse
thanissaro	thag16.4	thag16.4:7.1	unreviewed-verse
thanissaro	thag16.4	thag16.4:7.2	unreviewed-verse
thanissaro	thag16.4	thag16.4:7.3	unreviewed-verse
thanissaro	thag16.4	thag16.4:7.4	unreviewed-verse
thanissaro	thag16.4	thag16.4:8.1	unreviewed-verse
thanissaro	thag16.4	thag16.4:8.2	unreviewed-verse
thanissaro	thag16.4	thag16.4:8.3	unreviewed-verse
thanissaro	thag16.4	thag16.4:8.4	unreviewed-verse
thanissaro	thag16.4	thag16.4:9.1	unreviewed-verse
thanissaro	thag16.4	thag16.4:9.2	unreviewed-verse
thanissaro	thag16.4	thag16.4:9.3	unreviewed-verse
thanissaro	thag16.4	thag16.4:9.4	unreviewed-verse
thanissaro	thag16.4	thag16.4:10.1	unreviewed-verse
thanissaro	thag16.4	thag16.4:10.2	unreviewed-verse
thanissaro	thag16.4	thag16.4:10.3	unreviewed-verse
thanissaro	thag16.4	thag16.4:10.4	unreviewed-verse
thanissaro	thag16.4	thag16.4:11.1	unreviewed-verse
thanissaro	thag16.4	thag16.4:11.2	unreviewed-verse
thanissaro	thag16.4	thag16.4:11.3	unreviewed-verse
thanissaro	thag16.4	thag16.4:11.4	unreviewed-verse
thanissaro	thag16.4	thag16.4:12.1	unreviewed-verse
thanissaro	thag16.4	thag16.4:12.2	unreviewed-verse
thanissaro	thag16.4	thag16.4:12.3	unreviewed-verse
thanissaro	thag16.4	thag16.4:12.4	unreviewed-verse
thanissaro	thag16.4	thag16.4:13.1	unreviewed-verse
thanissaro	thag16.4	thag16.4:13.2	unreviewed-verse
thanissaro	thag16.4	thag16.4:13.3	unreviewed-verse
thanissaro	thag16.4	thag16.4:13.4	unreviewed-verse
thanissaro	thag16.4	thag16.4:14.1	unreviewed-verse
thanissaro	thag16.4	thag16.4:14.2	unreviewed-verse
thanissaro	thag16.4	thag16.4:14.3	unreviewed-verse
thanissaro	thag16.4	thag16.4:14.4	unreviewed-verse
thanissaro	thag16.4	thag16.4:15.1	unreviewed-verse
thanissaro	thag16.4	thag16.4:15.2	unreviewed-verse
thanissaro	thag16.4	thag16.4:15.3	unreviewed-verse
thanissaro	thag16.4	thag16.4:15.4	unreviewed-verse
thanissaro	thag16.4	thag16.4:16.1	unreviewed-verse
thanissaro	thag16.4	thag16.4:16.2	unreviewed-verse
thanissaro	thag16.4	thag16.4:16.3	unreviewed-verse
thanissaro	thag16.4	thag16.4:16.4	unreviewed-verse
thanissaro	thag16.4	thag16.4:17.1	unreviewed-verse
thanissaro	thag16.4	thag16.4:17.2	unreviewed-verse
thanissaro	thag16.4	thag16.4:17.3	unreviewed-verse
thanissaro	thag16.4	thag16.4:17.4	unreviewed-verse
thanissaro	thag16.4	thag16.4:18.1	unreviewed-verse
thanissaro	thag16.4	thag16.4:18.2	unreviewed-verse
thanissaro	thag16.4	thag16.4:18.3	unreviewed-verse
thanissaro	thag16.4	thag16.4:18.4	unreviewed-verse
thanissaro	thag16.4	thag16.4:19.1	unreviewed-verse
thanissaro	thag16.4	thag16.4:19.2	unreviewed-verse
thanissaro	thag16.4	thag16.4:19.3	unreviewed-verse
thanissaro	thag16.4	thag16.4:19.4	unreviewed-verse
thanissaro	thag16.4	thag16.4:20.1	unreviewed-verse
thanissaro	thag16.4	thag16.4:20.2	unreviewed-verse
thanissaro	thag16.4	thag16.4:20.3	unreviewed-verse
thanissaro	thag16.4	thag16.4:20.4	unreviewed-verse
thanissaro	thag16.4	thag16.4:21.1	unreviewed-verse
thanissaro	thag16.4	thag16.4:21.2	unreviewed-verse
thanissaro	thag16.4	thag16.4:21.3	unreviewed-verse
thanissaro	thag16.4	thag16.4:21.4	unreviewed-verse
thanissaro	thag16.4	thag16.4:22.1	unreviewed-verse
thanissaro	thag16.4	thag16.4:22.2	unreviewed-verse
thanissaro	thag16.4	thag16.4:22.3	unreviewed-verse
thanissaro	thag16.4	thag16.4:22.4	unreviewed-verse
thanissaro	thag16.4	thag16.4:23.1	unreviewed-verse
thanissaro	thag16.4	thag16.4:23.2	unreviewed-verse
thanissaro	thag16.4	thag16.4:23.3	unreviewed-verse
thanissaro	thag16.4	thag16.4:23.4	unreviewed-verse
thanissaro	thag16.4	thag16.4:24.1	unreviewed-verse
thanissaro	thag16.4	thag16.4:24.2	unreviewed-verse
thanissaro	thag16.4	thag16.4:24.3	unreviewed-verse
thanissaro	thag16.4	thag16.4:24.4	unreviewed-verse
thanissaro	thag16.4	thag16.4:25.1	unreviewed-verse
thanissaro	thag16.4	thag16.4:25.2	unreviewed-verse
thanissaro	thag16.4	thag16.4:25.3	unreviewed-verse
thanissaro	thag16.4	thag16.4:25.4	unreviewed-verse
thanissaro	thag16.7	thag16.7:1.1	unreviewed-verse
thanissaro	thag16.7	thag16.7:1.2	unreviewed-verse
thanissaro	thag16.7	thag16.7:1.3	unreviewed-verse
thanissaro	thag16.7	thag16.7:1.4	unreviewed-verse
thanissaro	thag16.7	thag16.7:2.1	unreviewed-verse
thanissaro	thag16.7	thag16.7:2.2	unreviewed-verse
thanissaro	thag16.7	thag16.7:2.3	unreviewed-verse
thanissaro	thag16.7	thag16.7:2.4	unreviewed-verse
thanissaro	thag16.7	thag16.7:3.1	unreviewed-verse
thanissaro	thag16.7	thag16.7:3.2	unreviewed-verse
thanissaro	thag16.7	thag16.7:3.3	unreviewed-verse
thanissaro	thag16.7	thag16.7:3.4	unreviewed-verse
thanissaro	thag16.7	thag16.7:4.1	unreviewed-verse
thanissaro	thag16.7	thag16.7:4.2	unreviewed-verse
thanissaro	thag16.7	thag16.7:4.3	unreviewed-verse
thanissaro	thag16.7	thag16.7:4.4	unreviewed-verse
thanissaro	thag16.7	thag16.7:5.1	unreviewed-verse
thanissaro	thag16.7	thag16.7:5.2	unreviewed-verse
thanissaro	thag16.7	thag16.7:5.3	unreviewed-verse
thanissaro	thag16.7	thag16.7:5.4	unreviewed-verse
thanissaro	thag16.7	thag16.7:6.1	unreviewed-verse
thanissaro	thag16.7	thag16.7:6.2	unreviewed-verse
thanissaro	thag16.7	thag16.7:6.3	unreviewed-verse
thanissaro	thag16.7	thag16.7:6.4	unreviewed-verse
thanissaro	thag16.7	thag16.7:7.1	unreviewed-verse
thanissaro	thag16.7	thag16.7:7.2	unreviewed-verse
thanissaro	thag16.7	thag16.7:7.3	unreviewed-verse
thanissaro	thag16.7	thag16.7:7.4	unreviewed-verse
thanissaro	thag16.7	thag16.7:8.1	unreviewed-verse
thanissaro	thag16.7	thag16.7:8.2	unreviewed-verse
thanissaro	thag16.7	thag16.7:8.3	unreviewed-verse
thanissaro	thag16.7	thag16.7:8.4	unreviewed-verse
thanissaro	thag16.7	thag16.7:9.1	unreviewed-verse
thanissaro	thag16.7	thag16.7:9.2	unreviewed-verse
thanissaro	thag16.7	thag16.7:9.3	unreviewed-verse
thanissaro	thag16.7	thag16.7:9.4	unreviewed-verse
thanissaro	thag16.7	thag16.7:10.1	unreviewed-verse
thanissaro	thag16.7	thag16.7:10.2	unreviewed-verse
thanissaro	thag16.7	thag16.7:10.3	unreviewed-verse
thanissaro	thag16.7	thag16.7:10.4	unreviewed-verse
thanissaro	thag16.7	thag16.7:11.1	unreviewed-verse
thanissaro	thag16.7	thag16.7:11.2	unreviewed-verse
thanissaro	thag16.7	thag16.7:11.3	unreviewed-verse
thanissaro	thag16.7	thag16.7:11.4	unreviewed-verse
thanissaro	thag16.7	thag16.7:12.1	unreviewed-verse
thanissaro	thag16.7	thag16.7:12.2	unreviewed-verse
thanissaro	thag16.7	thag16.7:12.3	unreviewed-verse
thanissaro	thag16.7	thag16.7:12.4	unreviewed-verse
thanissaro	thag16.7	thag16.7:13.1	unreviewed-verse
thanissaro	thag16.7	thag16.7:13.2	unreviewed-verse
thanissaro	thag16.7	thag16.7:13.3	unreviewed-verse
thanissaro	thag16.7	thag16.7:13.4	unreviewed-verse
thanissaro	thag16.7	thag16.7:14.1	unreviewed-verse
thanissaro	thag16.7	thag16.7:14.2	unreviewed-verse
thanissaro	thag16.7	thag16.7:14.3	unreviewed-verse
thanissaro	thag16.7	thag16.7:14.4	unreviewed-verse
thanissaro	thag16.7	thag16.7:15.1	unreviewed-verse
thanissaro	thag16.7	thag16.7:15.2	unreviewed-verse
thanissaro	thag16.7	thag16.7:15.3	unreviewed-verse
thanissaro	thag16.7	thag16.7:15.4	unreviewed-verse
thanissaro	thag16.7	thag16.7:16.1	unreviewed-verse
thanissaro	thag16.7	thag16.7:16.2	unreviewed-verse
thanissaro	thag16.7	thag16.7:16.3	unreviewed-verse
thanissaro	thag16.7	thag16.7:16.4	unreviewed-verse
thanissaro	thag16.7	thag16.7:17.1	unreviewed-verse
thanissaro	thag16.7	thag16.7:17.2	unreviewed-verse
thanissaro	thag16.7	thag16.7:17.3	unreviewed-verse
thanissaro	thag16.7	thag16.7:17.4	unreviewed-verse
thanissaro	thag16.7	thag16.7:18.1	unreviewed-verse
thanissaro	thag16.7	thag16.7:18.2	unreviewed-verse
thanissaro	thag16.7	thag16.7:18.3	unreviewed-verse
thanissaro	thag16.7	thag16.7:18.4	unreviewed-verse
thanissaro	thag16.7	thag16.7:19.1	unreviewed-verse
thanissaro	thag16.7	thag16.7:19.2	unreviewed-verse
thanissaro	thag16.7	thag16.7:19.3	unreviewed-verse
thanissaro	thag16.7	thag16.7:19.4	unreviewed-verse
thanissaro	thag16.7	thag16.7:20.1	unreviewed-verse
thanissaro	thag16.7	thag16.7:20.2	unreviewed-verse
thanissaro	thag16.7	thag16.7:20.3	unreviewed-verse
thanissaro	thag16.7	thag16.7:20.4	unreviewed-verse
thanissaro	thag16.7	thag16.7:21.1	unreviewed-verse
thanissaro	thag16.7	thag16.7:21.2	unreviewed-verse
thanissaro	thag16.7	thag16.7:21.3	unreviewed-verse
thanissaro	thag16.7	thag16.7:21.4	unreviewed-verse
thanissaro	thag16.7	thag16.7:22.1	unreviewed-verse
thanissaro	thag16.7	thag16.7:22.2	unreviewed-verse
thanissaro	thag16.7	thag16.7:22.3	unreviewed-verse
thanissaro	thag16.7	thag16.7:22.4	unreviewed-verse
thanissaro	thag16.7	thag16.7:23.1	unreviewed-verse
thanissaro	thag16.7	thag16.7:23.2	unreviewed-verse
thanissaro	thag16.7	thag16.7:23.3	unreviewed-verse
thanissaro	thag16.7	thag16.7:23.4	unreviewed-verse
thanissaro	thag16.7	thag16.7:24.1	unreviewed-verse
thanissaro	thag16.7	thag16.7:24.2	unreviewed-verse
thanissaro	thag16.7	thag16.7:24.3	unreviewed-verse
thanissaro	thag16.7	thag16.7:24.4	unreviewed-verse
thanissaro	thag16.8	thag16.8:1.1	unreviewed-verse
thanissaro	thag16.8	thag16.8:1.2	unreviewed-verse
thanissaro	thag16.8	thag16.8:1.3	unreviewed-verse
thanissaro	thag16.8	thag16.8:1.4	unreviewed-verse
thanissaro	thag16.8	thag16.8:2.1	unreviewed-verse
thanissaro	thag16.8	thag16.8:2.2	unreviewed-verse
thanissaro	thag16.8	thag16.8:2.3	unreviewed-verse
thanissaro	thag16.8	thag16.8:2.4	unreviewed-verse
thanissaro	thag16.8	thag16.8:3.1	unreviewed-verse
thanissaro	thag16.8	thag16.8:3.2	unreviewed-verse
thanissaro	thag16.8	thag16.8:3.3	unreviewed-verse
thanissaro	thag16.8	thag16.8:3.4	unreviewed-verse
thanissaro	thag16.8	thag16.8:4.1	unreviewed-verse
thanissaro	thag16.8	thag16.8:4.2	unreviewed-verse
thanissaro	thag16.8	thag16.8:4.3	unreviewed-verse
thanissaro	thag16.8	thag16.8:4.4	unreviewed-verse
thanissaro	thag16.8	thag16.8:5.1	unreviewed-verse
thanissaro	thag16.8	thag16.8:5.2	unreviewed-verse
thanissaro	thag16.8	thag16.8:5.3	unreviewed-verse
thanissaro	thag16.8	thag16.8:5.4	unreviewed-verse
thanissaro	thag16.8	thag16.8:6.1	unreviewed-verse
thanissaro	thag16.8	thag16.8:6.2	unreviewed-verse
thanissaro	thag16.8	thag16.8:6.3	unreviewed-verse
thanissaro	thag16.8	thag16.8:6.4	unreviewed-verse
thanissaro	thag16.8	thag16.8:7.1	unreviewed-verse
thanissaro	thag16.8	thag16.8:7.2	unreviewed-verse
thanissaro	thag16.8	thag16.8:7.3	unreviewed-verse
thanissaro	thag16.8	thag16.8:7.4	unreviewed-verse
thanissaro	thag16.8	thag16.8:8.1	unreviewed-verse
thanissaro	thag16.8	thag16.8:8.2	unreviewed-verse
thanissaro	thag16.8	thag16.8:8.3	unreviewed-verse
thanissaro	thag16.8	thag16.8:8.4	unreviewed-verse
thanissaro	thag16.8	thag16.8:9.1	unreviewed-verse
thanissaro	thag16.8	thag16.8:9.2	unreviewed-verse
thanissaro	thag16.8	thag16.8:9.3	unreviewed-verse
thanissaro	thag16.8	thag16.8:9.4	unreviewed-verse
thanissaro	thag16.8	thag16.8:10.1	unreviewed-verse
thanissaro	thag16.8	thag16.8:10.2	unreviewed-verse
thanissaro	thag16.8	thag16.8:10.3	unreviewed-verse
thanissaro	thag16.8	thag16.8:10.4	unreviewed-verse
thanissaro	thag16.8	thag16.8:11.1	unreviewed-verse
thanissaro	thag16.8	thag16.8:11.2	unreviewed-verse
thanissaro	thag16.8	thag16.8:11.3	unreviewed-verse
thanissaro	thag16.8	thag16.8:11.4	unreviewed-verse
thanissaro	thag16.8	thag16.8:12.1	unreviewed-verse
thanissaro	thag16.8	thag16.8:12.2	unreviewed-verse
thanissaro	thag16.8	thag16.8:12.3	unreviewed-verse
thanissaro	thag16.8	thag16.8:12.4	unreviewed-verse
thanissaro	thag16.8	thag16.8:13.1	unreviewed-verse
thanissaro	thag16.8	thag16.8:13.2	unreviewed-verse
thanissaro	thag16.8	thag16.8:13.3	unreviewed-verse
thanissaro	thag16.8	thag16.8:13.4	unreviewed-verse
thanissaro	thag16.8	thag16.8:14.1	unreviewed-verse
thanissaro	thag16.8	thag16.8:14.2	unreviewed-verse
thanissaro	thag16.8	thag16.8:14.3	unreviewed-verse
thanissaro	thag16.8	thag16.8:14.4	unreviewed-verse
thanissaro	thag16.8	thag16.8:15.1	unreviewed-verse
thanissaro	thag16.8	thag16.8:15.2	unreviewed-verse
thanissaro	thag16.8	thag16.8:15.3	unreviewed-verse
thanissaro	thag16.8	thag16.8:15.4	unreviewed-verse
thanissaro	thag16.8	thag16.8:16.1	unreviewed-verse
thanissaro	thag16.8	thag16.8:16.2	unreviewed-verse
thanissaro	thag16.8	thag16.8:16.3	unreviewed-verse
thanissaro	thag16.8	thag16.8:16.4	unreviewed-verse
thanissaro	thag16.8	thag16.8:17.1	unreviewed-verse
thanissaro	thag16.8	thag16.8:17.2	unreviewed-verse
thanissaro	thag16.8	thag16.8:17.3	unreviewed-verse
thanissaro	thag16.8	thag16.8:17.4	unreviewed-verse
thanissaro	thag16.8	thag16.8:18.1	unreviewed-verse
thanissaro	thag16.8	thag16.8:18.2	unreviewed-verse
thanissaro	thag16.8	thag16.8:18.3	unreviewed-verse
thanissaro	thag16.8	thag16.8:18.4	unreviewed-verse
thanissaro	thag16.8	thag16.8:19.1	unreviewed-verse
thanissaro	thag16.8	thag16.8:19.2	unreviewed-verse
thanissaro	thag16.8	thag16.8:19.3	unreviewed-verse
thanissaro	thag16.8	thag16.8:19.4	unreviewed-verse
thanissaro	thag16.8	thag16.8:20.1	unreviewed-verse
thanissaro	thag16.8	thag16.8:20.2	unreviewed-verse
thanissaro	thag16.8	thag16.8:20.3	unreviewed-verse
thanissaro	thag16.8	thag16.8:20.4	unreviewed-verse
thanissaro	thag16.8	thag16.8:21.1	unreviewed-verse
thanissaro	thag16.8	thag16.8:21.2	unreviewed-verse
thanissaro	thag16.8	thag16.8:21.3	unreviewed-verse
thanissaro	thag16.8	thag16.8:21.4	unreviewed-verse
thanissaro	thag16.8	thag16.8:22.1	unreviewed-verse
thanissaro	thag16.8	thag16.8:22.2	unreviewed-verse
thanissaro	thag16.8	thag16.8:22.3	unreviewed-verse
thanissaro	thag16.8	thag16.8:22.4	unreviewed-verse
thanissaro	thag16.8	thag16.8:23.1	unreviewed-verse
thanissaro	thag16.8	thag16.8:23.2	unreviewed-verse
thanissaro	thag16.8	thag16.8:23.3	unreviewed-verse
thanissaro	thag16.8	thag16.8:23.4	unreviewed-verse
thanissaro	thag16.8	thag16.8:24.1	unreviewed-verse
thanissaro	thag16.8	thag16.8:24.2	unreviewed-verse
thanissaro	thag16.8	thag16.8:24.3	unreviewed-verse
thanissaro	thag16.8	thag16.8:24.4	unreviewed-verse
thanissaro	thag16.8	thag16.8:25.1	unreviewed-verse
thanissaro	thag16.8	thag16.8:25.2	unreviewed-verse
thanissaro	thag16.8	thag16.8:25.3	unreviewed-verse
thanissaro	thag16.8	thag16.8:25.4	unreviewed-verse
thanissaro	thag16.8	thag16.8:26.1	unreviewed-verse
thanissaro	thag16.8	thag16.8:26.2	unreviewed-verse
thanissaro	thag16.8	thag16.8:26.3	unreviewed-verse
thanissaro	thag16.8	thag16.8:26.4	unreviewed-verse
thanissaro	thag17.2	thag17.2:1.1	unreviewed-verse
thanissaro	thag17.2	thag17.2:1.2	unreviewed-verse
thanissaro	thag17.2	thag17.2:1.3	unreviewed-verse
thanissaro	thag17.2	thag17.2:1.4	unreviewed-verse
thanissaro	thag17.2	thag17.2:2.1	unreviewed-verse
thanissaro	thag17.2	thag17.2:2.2	unreviewed-verse
thanissaro	thag17.2	thag17.2:2.3	unreviewed-verse
thanissaro	thag17.2	thag17.2:2.4	unreviewed-verse
thanissaro	thag17.2	thag17.2:3.1	unreviewed-verse
thanissaro	thag17.2	thag17.2:3.2	unreviewed-verse
thanissaro	thag17.2	thag17.2:3.3	unreviewed-verse
thanissaro	thag17.2	thag17.2:3.4	unreviewed-verse
thanissaro	thag17.2	thag17.2:4.1	unreviewed-verse
thanissaro	thag17.2	thag17.2:4.2	unreviewed-verse
thanissaro	thag17.2	thag17.2:4.3	unreviewed-verse
thanissaro	thag17.2	thag17.2:4.4	unreviewed-verse
thanissaro	thag17.2	thag17.2:5.1	unreviewed-verse
thanissaro	thag17.2	thag17.2:5.2	unreviewed-verse
thanissaro	thag17.2	thag17.2:5.3	unreviewed-verse
thanissaro	thag17.2	thag17.2:5.4	unreviewed-verse
thanissaro	thag17.2	thag17.2:6.1	unreviewed-verse
thanissaro	thag17.2	thag17.2:6.2	unreviewed-verse
thanissaro	thag17.2	thag17.2:6.3	unreviewed-verse
thanissaro	thag17.2	thag17.2:6.4	unreviewed-verse
thanissaro	thag17.2	thag17.2:7.1	unreviewed-verse
thanissaro	thag17.2	thag17.2:7.2	unreviewed-verse
thanissaro	thag17.2	thag17.2:7.3	unreviewed-verse
thanissaro	thag17.2	thag17.2:7.4	unreviewed-verse
thanissaro	thag17.2	thag17.2:8.1	unreviewed-verse
thanissaro	thag17.2	thag17.2:8.2	unreviewed-verse
thanissaro	thag17.2	thag17.2:8.3	unreviewed-verse
thanissaro	thag17.2	thag17.2:8.4	unreviewed-verse
thanissaro	thag17.2	thag17.2:9.1	unreviewed-verse
thanissaro	thag17.2	thag17.2:9.2	unreviewed-verse
thanissaro	thag17.2	thag17.2:9.3	unreviewed-verse
thanissaro	thag17.2	thag17.2:9.4	unreviewed-verse
thanissaro	thag17.2	thag17.2:10.1	unreviewed-verse
thanissaro	thag17.2	thag17.2:10.2	unreviewed-verse
thanissaro	thag17.2	thag17.2:10.3	unreviewed-verse
thanissaro	thag17.2	thag17.2:10.4	unreviewed-verse
thanissaro	thag17.2	thag17.2:11.1	unreviewed-verse
thanissaro	thag17.2	thag17.2:11.2	unreviewed-verse
thanissaro	thag17.2	thag17.2:11.3	unreviewed-verse
thanissaro	thag17.2	thag17.2:11.4	unreviewed-verse
thanissaro	thag17.2	thag17.2:12.1	unreviewed-verse
thanissaro	thag17.2	thag17.2:12.2	unreviewed-verse
thanissaro	thag17.2	thag17.2:12.3	unreviewed-verse
thanissaro	thag17.2	thag17.2:12.4	unreviewed-verse
thanissaro	thag17.2	thag17.2:13.1	unreviewed-verse
thanissaro	thag17.2	thag17.2:13.2	unreviewed-verse
thanissaro	thag17.2	thag17.2:13.3	unreviewed-verse
thanissaro	thag17.2	thag17.2:13.4	unreviewed-verse
thanissaro	thag17.2	thag17.2:13.5	unreviewed-verse
thanissaro	thag17.2	thag17.2:13.6	unreviewed-verse
thanissaro	thag17.2	thag17.2:14.1	unreviewed-verse
thanissaro	thag17.2	thag17.2:14.2	unreviewed-verse
thanissaro	thag17.2	thag17.2:14.3	unreviewed-verse
thanissaro	thag17.2	thag17.2:14.4	unreviewed-verse
thanissaro	thag17.2	thag17.2:15.1	unreviewed-verse
thanissaro	thag17.2	thag17.2:15.2	unreviewed-verse
thanissaro	thag17.2	thag17.2:15.3	unreviewed-verse
thanissaro	thag17.2	thag17.2:15.4	unreviewed-verse
thanissaro	thag17.2	thag17.2:16.1	unreviewed-verse
thanissaro	thag17.2	thag17.2:16.2	unreviewed-verse
thanissaro	thag17.2	thag17.2:17.1	unreviewed-verse
thanissaro	thag17.2	thag17.2:17.2	unreviewed-verse
thanissaro	thag17.2	thag17.2:17.3	unreviewed-verse
thanissaro	thag17.2	thag17.2:17.4	unreviewed-verse
thanissaro	thag17.2	thag17.2:17.5	unreviewed-verse
thanissaro	thag17.2	thag17.2:17.6	unreviewed-verse
thanissaro	thag17.2	thag17.2:18.1	unreviewed-verse
thanissaro	thag17.2	thag17.2:18.2	unreviewed-verse
thanissaro	thag17.2	thag17.2:18.3	unreviewed-verse
thanissaro	thag17.2	thag17.2:18.4	unreviewed-verse
thanissaro	thag17.2	thag17.2:19.1	unreviewed-verse
thanissaro	thag17.2	thag17.2:19.2	unreviewed-verse
thanissaro	thag17.2	thag17.2:19.3	unreviewed-verse
thanissaro	thag17.2	thag17.2:19.4	unreviewed-verse
thanissaro	thag17.2	thag17.2:20.1	unreviewed-verse
thanissaro	thag17.2	thag17.2:20.2	unreviewed-verse
thanissaro	thag17.2	thag17.2:20.3	unreviewed-verse
thanissaro	thag17.2	thag17.2:20.4	unreviewed-verse
thanissaro	thag17.2	thag17.2:21.1	unreviewed-verse
thanissaro	thag17.2	thag17.2:21.2	unreviewed-verse
thanissaro	thag17.2	thag17.2:21.3	unreviewed-verse
thanissaro	thag17.2	thag17.2:21.4	unreviewed-verse
thanissaro	thag17.2	thag17.2:22.1	unreviewed-verse
thanissaro	thag17.2	thag17.2:22.2	unreviewed-verse
thanissaro	thag17.2	thag17.2:22.3	unreviewed-verse
thanissaro	thag17.2	thag17.2:22.4	unreviewed-verse
thanissaro	thag17.2	thag17.2:23.1	unreviewed-verse
thanissaro	thag17.2	thag17.2:23.2	unreviewed-verse
thanissaro	thag17.2	thag17.2:23.3	unreviewed-verse
thanissaro	thag17.2	thag17.2:23.4	unreviewed-verse
thanissaro	thag17.2	thag17.2:24.1	unreviewed-verse
thanissaro	thag17.2	thag17.2:24.2	unreviewed-verse
thanissaro	thag17.2	thag17.2:24.3	unreviewed-verse
thanissaro	thag17.2	thag17.2:24.4	unreviewed-verse
thanissaro	thag17.2	thag17.2:25.1	unreviewed-verse
thanissaro	thag17.2	thag17.2:25.2	unreviewed-verse
thanissaro	thag17.2	thag17.2:25.3	unreviewed-verse
thanissaro	thag17.2	thag17.2:25.4	unreviewed-verse
thanissaro	thag17.2	thag17.2:25.5	unreviewed-verse
thanissaro	thag17.2	thag17.2:25.6	unreviewed-verse
thanissaro	thag17.2	thag17.2:26.1	unreviewed-verse
thanissaro	thag17.2	thag17.2:26.2	unreviewed-verse
thanissaro	thag17.2	thag17.2:26.3	unreviewed-verse
thanissaro	thag17.2	thag17.2:26.4	unreviewed-verse
thanissaro	thag17.2	thag17.2:27.1	unreviewed-verse
thanissaro	thag17.2	thag17.2:27.2	unreviewed-verse
thanissaro	thag17.2	thag17.2:27.3	unreviewed-verse
thanissaro	thag17.2	thag17.2:27.4	unreviewed-verse
thanissaro	thag17.2	thag17.2:28.1	unreviewed-verse
thanissaro	thag17.2	thag17.2:28.2	unreviewed-verse
thanissaro	thag17.2	thag17.2:28.3	unreviewed-verse
thanissaro	thag17.2	thag17.2:28.4	unreviewed-verse
thanissaro	thag17.2	thag17.2:29.1	unreviewed-verse
thanissaro	thag17.2	thag17.2:29.2	unreviewed-verse
thanissaro	thag17.2	thag17.2:29.3	unreviewed-verse
thanissaro	thag17.2	thag17.2:29.4	unreviewed-verse
thanissaro	thag17.2	thag17.2:30.1	unreviewed-verse
thanissaro	thag17.2	thag17.2:30.2	unreviewed-verse
thanissaro	thag17.2	thag17.2:30.3	unreviewed-verse
thanissaro	thag17.2	thag17.2:30.4	unreviewed-verse
thanissaro	thag17.2	thag17.2:31.1	unreviewed-verse
thanissaro	thag17.2	thag17.2:31.2	unreviewed-verse
thanissaro	thag17.2	thag17.2:31.3	unreviewed-verse
thanissaro	thag17.2	thag17.2:31.4	unreviewed-verse
thanissaro	thag17.2	thag17.2:32.1	unreviewed-verse
thanissaro	thag17.2	thag17.2:32.2	unreviewed-verse
thanissaro	thag17.2	thag17.2:32.3	unreviewed-verse
thanissaro	thag17.2	thag17.2:32.4	unreviewed-verse
thanissaro	thag17.2	thag17.2:33.1	unreviewed-verse
thanissaro	thag17.2	thag17.2:33.2	unreviewed-verse
thanissaro	thag17.2	thag17.2:33.3	unreviewed-verse
thanissaro	thag17.2	thag17.2:33.4	unreviewed-verse
thanissaro	thag17.2	thag17.2:34.1	unreviewed-verse
thanissaro	thag17.2	thag17.2:34.2	unreviewed-verse
thanissaro	thag17.2	thag17.2:34.3	unreviewed-verse
thanissaro	thag17.2	thag17.2:34.4	unreviewed-verse
thanissaro	thag17.2	thag17.2:35.1	unreviewed-verse
thanissaro	thag17.2	thag17.2:35.2	unreviewed-verse
thanissaro	thag17.2	thag17.2:35.3	unreviewed-verse
thanissaro	thag17.2	thag17.2:35.4	unreviewed-verse
thanissaro	thag17.2	thag17.2:36.1	unreviewed-verse
thanissaro	thag17.2	thag17.2:36.2	unreviewed-verse
thanissaro	thag17.2	thag17.2:36.3	unreviewed-verse
thanissaro	thag17.2	thag17.2:36.4	unreviewed-verse
thanissaro	thag17.2	thag17.2:37.1	unreviewed-verse
thanissaro	thag17.2	thag17.2:37.2	unreviewed-verse
thanissaro	thag17.2	thag17.2:37.3	unreviewed-verse
thanissaro	thag17.2	thag17.2:37.4	unreviewed-verse
thanissaro	thag18.1	thag18.1:1.1	unreviewed-verse
thanissaro	thag18.1	thag18.1:1.2	unreviewed-verse
thanissaro	thag18.1	thag18.1:1.3	unreviewed-verse
thanissaro	thag18.1	thag18.1:1.4	unreviewed-verse
thanissaro	thag18.1	thag18.1:2.1	unreviewed-verse
thanissaro	thag18.1	thag18.1:2.2	unreviewed-verse
thanissaro	thag18.1	thag18.1:2.3	unreviewed-verse
thanissaro	thag18.1	thag18.1:2.4	unreviewed-verse
thanissaro	thag18.1	thag18.1:3.1	unreviewed-verse
thanissaro	thag18.1	thag18.1:3.2	unreviewed-verse
thanissaro	thag18.1	thag18.1:3.3	unreviewed-verse
thanissaro	thag18.1	thag18.1:3.4	unreviewed-verse
thanissaro	thag18.1	thag18.1:4.1	unreviewed-verse
thanissaro	thag18.1	thag18.1:4.2	unreviewed-verse
thanissaro	thag18.1	thag18.1:4.3	unreviewed-verse
thanissaro	thag18.1	thag18.1:4.4	unreviewed-verse
thanissaro	thag18.1	thag18.1:5.1	unreviewed-verse
thanissaro	thag18.1	thag18.1:5.2	unreviewed-verse
thanissaro	thag18.1	thag18.1:5.3	unreviewed-verse
thanissaro	thag18.1	thag18.1:5.4	unreviewed-verse
thanissaro	thag18.1	thag18.1:6.1	unreviewed-verse
thanissaro	thag18.1	thag18.1:6.2	unreviewed-verse
thanissaro	thag18.1	thag18.1:6.3	unreviewed-verse
thanissaro	thag18.1	thag18.1:6.4	unreviewed-verse
thanissaro	thag18.1	thag18.1:7.1	unreviewed-verse
thanissaro	thag18.1	thag18.1:7.2	unreviewed-verse
thanissaro	thag18.1	thag18.1:7.3	unreviewed-verse
thanissaro	thag18.1	thag18.1:7.4	unreviewed-verse
thanissaro	thag18.1	thag18.1:7.5	unreviewed-verse
thanissaro	thag18.1	thag18.1:7.6	unreviewed-verse
thanissaro	thag18.1	thag18.1:8.1	unreviewed-verse
thanissaro	thag18.1	thag18.1:8.2	unreviewed-verse
thanissaro	thag18.1	thag18.1:8.3	unreviewed-verse
thanissaro	thag18.1	thag18.1:8.4	unreviewed-verse
thanissaro	thag18.1	thag18.1:8.5	unreviewed-verse
thanissaro	thag18.1	thag18.1:8.6	unreviewed-verse
thanissaro	thag18.1	thag18.1:9.1	unreviewed-verse
thanissaro	thag18.1	thag18.1:9.2	unreviewed-verse
thanissaro	thag18.1	thag18.1:9.3	unreviewed-verse
thanissaro	thag18.1	thag18.1:9.4	unreviewed-verse
thanissaro	thag18.1	thag18.1:10.1	unreviewed-verse
thanissaro	thag18.1	thag18.1:10.2	unreviewed-verse
thanissaro	thag18.1	thag18.1:10.3	unreviewed-verse
thanissaro	thag18.1	thag18.1:10.4	unreviewed-verse
thanissaro	thag18.1	thag18.1:11.1	unreviewed-verse
thanissaro	thag18.1	thag18.1:11.2	unreviewed-verse
thanissaro	thag18.1	thag18.1:11.3	unreviewed-verse
thanissaro	thag18.1	thag18.1:11.4	unreviewed-verse
thanissaro	thag18.1	thag18.1:12.1	unreviewed-verse
thanissaro	thag18.1	thag18.1:12.2	unreviewed-verse
thanissaro	thag18.1	thag18.1:12.3	unreviewed-verse
thanissaro	thag18.1	thag18.1:12.4	unreviewed-verse
thanissaro	thag18.1	thag18.1:13.1	unreviewed-verse
thanissaro	thag18.1	thag18.1:13.2	unreviewed-verse
thanissaro	thag18.1	thag18.1:13.3	unreviewed-verse
thanissaro	thag18.1	thag18.1:13.4	unreviewed-verse
thanissaro	thag18.1	thag18.1:14.1	unreviewed-verse
thanissaro	thag18.1	thag18.1:14.2	unreviewed-verse
thanissaro	thag18.1	thag18.1:14.3	unreviewed-verse
thanissaro	thag18.1	thag18.1:14.4	unreviewed-verse
thanissaro	thag18.1	thag18.1:15.1	unreviewed-verse
thanissaro	thag18.1	thag18.1:15.2	unreviewed-verse
thanissaro	thag18.1	thag18.1:15.3	unreviewed-verse
thanissaro	thag18.1	thag18.1:15.4	unreviewed-verse
thanissaro	thag18.1	thag18.1:16.1	unreviewed-verse
thanissaro	thag18.1	thag18.1:16.2	unreviewed-verse
thanissaro	thag18.1	thag18.1:16.3	unreviewed-verse
thanissaro	thag18.1	thag18.1:16.4	unreviewed-verse
thanissaro	thag18.1	thag18.1:17.1	unreviewed-verse
thanissaro	thag18.1	thag18.1:17.2	unreviewed-verse
thanissaro	thag18.1	thag18.1:17.3	unreviewed-verse
thanissaro	thag18.1	thag18.1:17.4	unreviewed-verse
thanissaro	thag18.1	thag18.1:18.1	unreviewed-verse
thanissaro	thag18.1	thag18.1:18.2	unreviewed-verse
thanissaro	thag18.1	thag18.1:18.3	unreviewed-verse
thanissaro	thag18.1	thag18.1:18.4	unreviewed-verse
thanissaro	thag18.1	thag18.1:19.1	unreviewed-verse
thanissaro	thag18.1	thag18.1:19.2	unreviewed-verse
thanissaro	thag18.1	thag18.1:19.3	unreviewed-verse
thanissaro	thag18.1	thag18.1:19.4	unreviewed-verse
thanissaro	thag18.1	thag18.1:20.1	unreviewed-verse
thanissaro	thag18.1	thag18.1:20.2	unreviewed-verse
thanissaro	thag18.1	thag18.1:20.3	unreviewed-verse
thanissaro	thag18.1	thag18.1:20.4	unreviewed-verse
thanissaro	thag18.1	thag18.1:21.1	unreviewed-verse
thanissaro	thag18.1	thag18.1:21.2	unreviewed-verse
thanissaro	thag18.1	thag18.1:21.3	unreviewed-verse
thanissaro	thag18.1	thag18.1:21.4	unreviewed-verse
thanissaro	thag18.1	thag18.1:22.1	unreviewed-verse
thanissaro	thag18.1	thag18.1:22.2	unreviewed-verse
thanissaro	thag18.1	thag18.1:22.3	unreviewed-verse
thanissaro	thag18.1	thag18.1:22.4	unreviewed-verse
thanissaro	thag18.1	thag18.1:23.1	unreviewed-verse
thanissaro	thag18.1	thag18.1:23.2	unreviewed-verse
thanissaro	thag18.1	thag18.1:23.3	unreviewed-verse
thanissaro	thag18.1	thag18.1:23.4	unreviewed-verse
thanissaro	thag18.1	thag18.1:24.1	unreviewed-verse
thanissaro	thag18.1	thag18.1:24.2	unreviewed-verse
thanissaro	thag18.1	thag18.1:24.3	unreviewed-verse
thanissaro	thag18.1	thag18.1:24.4	unreviewed-verse
thanissaro	thag18.1	thag18.1:25.1	unreviewed-verse
thanissaro	thag18.1	thag18.1:25.2	unreviewed-verse
thanissaro	thag18.1	thag18.1:25.3	unreviewed-verse
thanissaro	thag18.1	thag18.1:25.4	unreviewed-verse
thanissaro	thag18.1	thag18.1:26.1	unreviewed-verse
thanissaro	thag18.1	thag18.1:26.2	unreviewed-verse
thanissaro	thag18.1	thag18.1:26.3	unreviewed-verse
thanissaro	thag18.1	thag18.1:26.4	unreviewed-verse
thanissaro	thag18.1	thag18.1:27.1	unreviewed-verse
thanissaro	thag18.1	thag18.1:27.2	unreviewed-verse
thanissaro	thag18.1	thag18.1:27.3	unreviewed-verse
thanissaro	thag18.1	thag18.1:27.4	unreviewed-verse
thanissaro	thag18.1	thag18.1:28.1	unreviewed-verse
thanissaro	thag18.1	thag18.1:28.2	unreviewed-verse
thanissaro	thag18.1	thag18.1:28.3	unreviewed-verse
thanissaro	thag18.1	thag18.1:28.4	unreviewed-verse
thanissaro	thag18.1	thag18.1:29.1	unreviewed-verse
thanissaro	thag18.1	thag18.1:29.2	unreviewed-verse
thanissaro	thag18.1	thag18.1:29.3	unreviewed-verse
thanissaro	thag18.1	thag18.1:29.4	unreviewed-verse
thanissaro	thag18.1	thag18.1:30.1	unreviewed-verse
thanissaro	thag18.1	thag18.1:30.2	unreviewed-verse
thanissaro	thag18.1	thag18.1:30.3	unreviewed-verse
thanissaro	thag18.1	thag18.1:30.4	unreviewed-verse
thanissaro	thag18.1	thag18.1:31.1	unreviewed-verse
thanissaro	thag18.1	thag18.1:31.2	unreviewed-verse
thanissaro	thag18.1	thag18.1:31.3	unreviewed-verse
thanissaro	thag18.1	thag18.1:31.4	unreviewed-verse
thanissaro	thag18.1	thag18.1:32.1	unreviewed-verse
thanissaro	thag18.1	thag18.1:32.2	unreviewed-verse
thanissaro	thag18.1	thag18.1:32.3	unreviewed-verse
thanissaro	thag18.1	thag18.1:32.4	unreviewed-verse
thanissaro	thag18.1	thag18.1:33.1	unreviewed-verse
thanissaro	thag18.1	thag18.1:33.2	unreviewed-verse
thanissaro	thag18.1	thag18.1:33.3	unreviewed-verse
thanissaro	thag18.1	thag18.1:33.4	unreviewed-verse
thanissaro	thag18.1	thag18.1:34.1	unreviewed-verse
thanissaro	thag18.1	thag18.1:34.2	unreviewed-verse
thanissaro	thag18.1	thag18.1:34.3	unreviewed-verse
thanissaro	thag18.1	thag18.1:34.4	unreviewed-verse
thanissaro	thag18.1	thag18.1:35.1	unreviewed-verse
thanissaro	thag18.1	thag18.1:35.2	unreviewed-verse
thanissaro	thag18.1	thag18.1:35.3	unreviewed-verse
thanissaro	thag18.1	thag18.1:35.4	unreviewed-verse
thanissaro	thag18.1	thag18.1:36.1	unreviewed-verse
thanissaro	thag18.1	thag18.1:36.2	unreviewed-verse
thanissaro	thag18.1	thag18.1:36.3	unreviewed-verse
thanissaro	thag18.1	thag18.1:36.4	unreviewed-verse
thanissaro	thag18.1	thag18.1:37.1	unreviewed-verse
thanissaro	thag18.1	thag18.1:37.2	unreviewed-verse
thanissaro	thag18.1	thag18.1:37.3	unreviewed-verse
thanissaro	thag18.1	thag18.1:37.4	unreviewed-verse
thanissaro	thag18.1	thag18.1:38.1	unreviewed-verse
thanissaro	thag18.1	thag18.1:38.2	unreviewed-verse
thanissaro	thag18.1	thag18.1:38.3	unreviewed-verse
thanissaro	thag18.1	thag18.1:38.4	unreviewed-verse
thanissaro	thag18.1	thag18.1:39.1	unreviewed-verse
thanissaro	thag18.1	thag18.1:39.2	unreviewed-verse
thanissaro	thag18.1	thag18.1:39.3	unreviewed-verse
thanissaro	thag18.1	thag18.1:39.4	unreviewed-verse
thanissaro	thag18.1	thag18.1:39.5	unreviewed-verse
thanissaro	thag18.1	thag18.1:39.6	unreviewed-verse
thanissaro	thag18.1	thag18.1:40.1	unreviewed-verse
thanissaro	thag18.1	thag18.1:40.2	unreviewed-verse
thanissaro	thag18.1	thag18.1:40.3	unreviewed-verse
thanissaro	thag18.1	thag18.1:40.4	unreviewed-verse
thanissaro	thag2.11	thag2.11:1.1	unreviewed-verse
thanissaro	thag2.11	thag2.11:1.2	unreviewed-verse
thanissaro	thag2.11	thag2.11:1.3	unreviewed-verse
thanissaro	thag2.11	thag2.11:1.4	unreviewed-verse
thanissaro	thag2.11	thag2.11:2.1	unreviewed-verse
thanissaro	thag2.11	thag2.11:2.2	unreviewed-verse
thanissaro	thag2.11	thag2.11:2.3	unreviewed-verse
thanissaro	thag2.11	thag2.11:2.4	unreviewed-verse
thanissaro	thag2.13	thag2.13:1.1	unreviewed-verse
thanissaro	thag2.13	thag2.13:1.2	unreviewed-verse
thanissaro	thag2.13	thag2.13:1.3	unreviewed-verse
thanissaro	thag2.13	thag2.13:1.4	unreviewed-verse
thanissaro	thag2.13	thag2.13:2.1	unreviewed-verse
thanissaro	thag2.13	thag2.13:2.2	unreviewed-verse
thanissaro	thag2.13	thag2.13:2.3	unreviewed-verse
thanissaro	thag2.13	thag2.13:2.4	unreviewed-verse
thanissaro	thag2.16	thag2.16:1.1	unreviewed-verse
thanissaro	thag2.16	thag2.16:1.2	unreviewed-verse
thanissaro	thag2.16	thag2.16:1.3	unreviewed-verse
thanissaro	thag2.16	thag2.16:1.4	unreviewed-verse
thanissaro	thag2.16	thag2.16:1.5	unreviewed-verse
thanissaro	thag2.16	thag2.16:2.1	unreviewed-verse
thanissaro	thag2.16	thag2.16:2.2	unreviewed-verse
thanissaro	thag2.16	thag2.16:2.3	unreviewed-verse
thanissaro	thag2.16	thag2.16:2.4	unreviewed-verse
thanissaro	thag2.17	thag2.17:1.1	unreviewed-verse
thanissaro	thag2.17	thag2.17:1.2	unreviewed-verse
thanissaro	thag2.17	thag2.17:1.3	unreviewed-verse
thanissaro	thag2.17	thag2.17:1.4	unreviewed-verse
thanissaro	thag2.17	thag2.17:2.1	unreviewed-verse
thanissaro	thag2.17	thag2.17:2.2	unreviewed-verse
thanissaro	thag2.17	thag2.17:2.3	unreviewed-verse
thanissaro	thag2.17	thag2.17:2.4	unreviewed-verse
thanissaro	thag2.19	thag2.19:1.1	unreviewed-verse
thanissaro	thag2.19	thag2.19:1.2	unreviewed-verse
thanissaro	thag2.19	thag2.19:1.3	unreviewed-verse
thanissaro	thag2.19	thag2.19:1.4	unreviewed-verse
thanissaro	thag2.19	thag2.19:2.1	unreviewed-verse
thanissaro	thag2.19	thag2.19:2.2	unreviewed-verse
thanissaro	thag2.19	thag2.19:2.3	unreviewed-verse
thanissaro	thag2.19	thag2.19:2.4	unreviewed-verse
thanissaro	thag2.26	thag2.26:1.1	unreviewed-verse
thanissaro	thag2.26	thag2.26:1.2	unreviewed-verse
thanissaro	thag2.26	thag2.26:1.3	unreviewed-verse
thanissaro	thag2.26	thag2.26:1.4	unreviewed-verse
thanissaro	thag2.26	thag2.26:2.1	unreviewed-verse
thanissaro	thag2.26	thag2.26:2.2	unreviewed-verse
thanissaro	thag2.26	thag2.26:2.3	unreviewed-verse
thanissaro	thag2.26	thag2.26:2.4	unreviewed-verse
thanissaro	thag2.27	thag2.27:1.1	unreviewed-verse
thanissaro	thag2.27	thag2.27:2.1	unreviewed-verse
thanissaro	thag2.30	thag2.30:1.1	unreviewed-verse
thanissaro	thag2.30	thag2.30:1.2	unreviewed-verse
thanissaro	thag2.30	thag2.30:1.3	unreviewed-verse
thanissaro	thag2.30	thag2.30:1.4	unreviewed-verse
thanissaro	thag2.30	thag2.30:2.1	unreviewed-verse
thanissaro	thag2.30	thag2.30:2.2	unreviewed-verse
thanissaro	thag2.30	thag2.30:2.3	unreviewed-verse
thanissaro	thag2.30	thag2.30:2.4	unreviewed-verse
thanissaro	thag2.32	thag2.32:1.1	unreviewed-verse
thanissaro	thag2.32	thag2.32:1.2	unreviewed-verse
thanissaro	thag2.32	thag2.32:1.3	unreviewed-verse
thanissaro	thag2.32	thag2.32:1.4	unreviewed-verse
thanissaro	thag2.32	thag2.32:2.1	unreviewed-verse
thanissaro	thag2.32	thag2.32:2.2	unreviewed-verse
thanissaro	thag2.32	thag2.32:2.3	unreviewed-verse
thanissaro	thag2.32	thag2.32:2.4	unreviewed-verse
thanissaro	thag2.32	thag2.32:2.5	unreviewed-verse
thanissaro	thag2.32	thag2.32:2.6	unreviewed-verse
thanissaro	thag2.36	thag2.36:1.1	unreviewed-verse
thanissaro	thag2.36	thag2.36:1.2	unreviewed-verse
thanissaro	thag2.36	thag2.36:1.3	unreviewed-verse
thanissaro	thag2.36	thag2.36:1.5	unreviewed-verse
thanissaro	thag2.36	thag2.36:2.2	unreviewed-verse
thanissaro	thag2.36	thag2.36:2.3	unreviewed-verse
thanissaro	thag2.36	thag2.36:2.4	unreviewed-verse
thanissaro	thag2.36	thag2.36:2.5	unreviewed-verse
thanissaro	thag2.36	thag2.36:2.6	unreviewed-verse
thanissaro	thag2.37	thag2.37:1.1	unreviewed-verse
thanissaro	thag2.37	thag2.37:1.2	unreviewed-verse
thanissaro	thag2.37	thag2.37:1.3	unreviewed-verse
thanissaro	thag2.37	thag2.37:1.4	unreviewed-verse
thanissaro	thag2.37	thag2.37:2.1	unreviewed-verse
thanissaro	thag2.37	thag2.37:2.2	unreviewed-verse
thanissaro	thag2.37	thag2.37:2.3	unreviewed-verse
thanissaro	thag2.37	thag2.37:2.4	unreviewed-verse
thanissaro	thag2.3	thag2.3:1.1	unreviewed-verse
thanissaro	thag2.3	thag2.3:1.2	unreviewed-verse
thanissaro	thag2.3	thag2.3:1.3	unreviewed-verse
thanissaro	thag2.3	thag2.3:1.4	unreviewed-verse
thanissaro	thag2.3	thag2.3:2.1	unreviewed-verse
thanissaro	thag2.3	thag2.3:2.2	unreviewed-verse
thanissaro	thag2.3	thag2.3:2.3	unreviewed-verse
thanissaro	thag2.3	thag2.3:2.4	unreviewed-verse
thanissaro	thag2.42	thag2.42:1.1	unreviewed-verse
thanissaro	thag2.42	thag2.42:1.2	unreviewed-verse
thanissaro	thag2.42	thag2.42:1.3	unreviewed-verse
thanissaro	thag2.42	thag2.42:1.4	unreviewed-verse
thanissaro	thag2.42	thag2.42:2.1	unreviewed-verse
thanissaro	thag2.42	thag2.42:2.2	unreviewed-verse
thanissaro	thag2.42	thag2.42:2.3	unreviewed-verse
thanissaro	thag2.42	thag2.42:2.4	unreviewed-verse
thanissaro	thag2.43	thag2.43:1.1	unreviewed-verse
thanissaro	thag2.43	thag2.43:1.2	unreviewed-verse
thanissaro	thag2.43	thag2.43:1.3	unreviewed-verse
thanissaro	thag2.43	thag2.43:1.4	unreviewed-verse
thanissaro	thag2.43	thag2.43:2.1	unreviewed-verse
thanissaro	thag2.43	thag2.43:2.2	unreviewed-verse
thanissaro	thag2.43	thag2.43:2.3	unreviewed-verse
thanissaro	thag2.43	thag2.43:2.4	unreviewed-verse
thanissaro	thag2.47	thag2.47:1.1	unreviewed-verse
thanissaro	thag2.47	thag2.47:1.2	unreviewed-verse
thanissaro	thag2.47	thag2.47:1.3	unreviewed-verse
thanissaro	thag2.47	thag2.47:1.4	unreviewed-verse
thanissaro	thag2.47	thag2.47:2.1	unreviewed-verse
thanissaro	thag2.47	thag2.47:2.2	unreviewed-verse
thanissaro	thag2.47	thag2.47:2.3	unreviewed-verse
thanissaro	thag2.47	thag2.47:2.4	unreviewed-verse
thanissaro	thag2.9	thag2.9:1.1	unreviewed-verse
thanissaro	thag2.9	thag2.9:1.2	unreviewed-verse
thanissaro	thag2.9	thag2.9:1.3	unreviewed-verse
thanissaro	thag2.9	thag2.9:1.4	unreviewed-verse
thanissaro	thag2.9	thag2.9:2.1	unreviewed-verse
thanissaro	thag2.9	thag2.9:2.2	unreviewed-verse
thanissaro	thag2.9	thag2.9:2.3	unreviewed-verse
thanissaro	thag2.9	thag2.9:2.4	unreviewed-verse
thanissaro	thag3.10	thag3.10:1.1	unreviewed-verse
thanissaro	thag3.10	thag3.10:1.2	unreviewed-verse
thanissaro	thag3.10	thag3.10:1.3	unreviewed-verse
thanissaro	thag3.10	thag3.10:1.4	unreviewed-verse
thanissaro	thag3.10	thag3.10:2.1	unreviewed-verse
thanissaro	thag3.10	thag3.10:2.2	unreviewed-verse
thanissaro	thag3.10	thag3.10:2.3	unreviewed-verse
thanissaro	thag3.10	thag3.10:2.4	unreviewed-verse
thanissaro	thag3.10	thag3.10:3.1	unreviewed-verse
thanissaro	thag3.10	thag3.10:3.2	unreviewed-verse
thanissaro	thag3.10	thag3.10:3.3	unreviewed-verse
thanissaro	thag3.10	thag3.10:3.4	unreviewed-verse
thanissaro	thag3.13	thag3.13:1.1	unreviewed-verse
thanissaro	thag3.13	thag3.13:1.2	unreviewed-verse
thanissaro	thag3.13	thag3.13:1.3	unreviewed-verse
thanissaro	thag3.13	thag3.13:1.4	unreviewed-verse
thanissaro	thag3.13	thag3.13:2.1	unreviewed-verse
thanissaro	thag3.13	thag3.13:2.2	unreviewed-verse
thanissaro	thag3.13	thag3.13:2.3	unreviewed-verse
thanissaro	thag3.13	thag3.13:2.4	unreviewed-verse
thanissaro	thag3.13	thag3.13:3.1	unreviewed-verse
thanissaro	thag3.13	thag3.13:3.2	unreviewed-verse
thanissaro	thag3.13	thag3.13:3.3	unreviewed-verse
thanissaro	thag3.13	thag3.13:3.4	unreviewed-verse
thanissaro	thag3.14	thag3.14:1.1	unreviewed-verse
thanissaro	thag3.14	thag3.14:1.2	unreviewed-verse
thanissaro	thag3.14	thag3.14:1.3	unreviewed-verse
thanissaro	thag3.14	thag3.14:1.4	unreviewed-verse
thanissaro	thag3.14	thag3.14:2.1	unreviewed-verse
thanissaro	thag3.14	thag3.14:2.2	unreviewed-verse
thanissaro	thag3.14	thag3.14:2.3	unreviewed-verse
thanissaro	thag3.14	thag3.14:2.4	unreviewed-verse
thanissaro	thag3.14	thag3.14:3.1	unreviewed-verse
thanissaro	thag3.14	thag3.14:3.2	unreviewed-verse
thanissaro	thag3.14	thag3.14:3.3	unreviewed-verse
thanissaro	thag3.14	thag3.14:3.4	unreviewed-verse
thanissaro	thag3.15	thag3.15:1.1	unreviewed-verse
thanissaro	thag3.15	thag3.15:1.2	unreviewed-verse
thanissaro	thag3.15	thag3.15:1.3	unreviewed-verse
thanissaro	thag3.15	thag3.15:1.4	unreviewed-verse
thanissaro	thag3.15	thag3.15:2.1	unreviewed-verse
thanissaro	thag3.15	thag3.15:2.3	unreviewed-verse
thanissaro	thag3.15	thag3.15:3.2	unreviewed-verse
thanissaro	thag3.15	thag3.15:3.3	unreviewed-verse
thanissaro	thag3.15	thag3.15:3.4	unreviewed-verse
thanissaro	thag3.5	thag3.5:1.1	unreviewed-verse
thanissaro	thag3.5	thag3.5:1.2	unreviewed-verse
thanissaro	thag3.5	thag3.5:1.3	unreviewed-verse
thanissaro	thag3.5	thag3.5:1.4	unreviewed-verse
thanissaro	thag3.5	thag3.5:2.1	unreviewed-verse
thanissaro	thag3.5	thag3.5:2.2	unreviewed-verse
thanissaro	thag3.5	thag3.5:2.3	unreviewed-verse
thanissaro	thag3.5	thag3.5:2.4	unreviewed-verse
thanissaro	thag3.5	thag3.5:3.1	unreviewed-verse
thanissaro	thag3.5	thag3.5:3.2	unreviewed-verse
thanissaro	thag3.5	thag3.5:3.3	unreviewed-verse
thanissaro	thag3.5	thag3.5:3.4	unreviewed-verse
thanissaro	thag3.9	thag3.9:1.1	unreviewed-verse
thanissaro	thag3.9	thag3.9:1.2	unreviewed-verse
thanissaro	thag3.9	thag3.9:1.3	unreviewed-verse
thanissaro	thag3.9	thag3.9:1.4	unreviewed-verse
thanissaro	thag3.9	thag3.9:2.1	unreviewed-verse
thanissaro	thag3.9	thag3.9:2.2	unreviewed-verse
thanissaro	thag3.9	thag3.9:2.3	unreviewed-verse
thanissaro	thag3.9	thag3.9:2.4	unreviewed-verse
thanissaro	thag3.9	thag3.9:3.1	unreviewed-verse
thanissaro	thag3.9	thag3.9:3.2	unreviewed-verse
thanissaro	thag3.9	thag3.9:3.3	unreviewed-verse
thanissaro	thag3.9	thag3.9:3.4	unreviewed-verse
thanissaro	thag4.10	thag4.10:1.1	unreviewed-verse
thanissaro	thag4.10	thag4.10:1.2	unreviewed-verse
thanissaro	thag4.10	thag4.10:1.3	unreviewed-verse
thanissaro	thag4.10	thag4.10:1.4	unreviewed-verse
thanissaro	thag4.10	thag4.10:2.1	unreviewed-verse
thanissaro	thag4.10	thag4.10:2.2	unreviewed-verse
thanissaro	thag4.10	thag4.10:2.3	unreviewed-verse
thanissaro	thag4.10	thag4.10:2.4	unreviewed-verse
thanissaro	thag4.10	thag4.10:3.1	unreviewed-verse
thanissaro	thag4.10	thag4.10:3.2	unreviewed-verse
thanissaro	thag4.10	thag4.10:3.3	unreviewed-verse
thanissaro	thag4.10	thag4.10:3.4	unreviewed-verse
thanissaro	thag4.10	thag4.10:4.1	unreviewed-verse
thanissaro	thag4.10	thag4.10:4.2	unreviewed-verse
thanissaro	thag4.10	thag4.10:4.3	unreviewed-verse
thanissaro	thag4.10	thag4.10:4.4	unreviewed-verse
thanissaro	thag4.2	thag4.2:1.1	unreviewed-verse
thanissaro	thag4.2	thag4.2:1.2	unreviewed-verse
thanissaro	thag4.2	thag4.2:1.3	unreviewed-verse
thanissaro	thag4.2	thag4.2:1.4	unreviewed-verse
thanissaro	thag4.2	thag4.2:2.1	unreviewed-verse
thanissaro	thag4.2	thag4.2:2.2	unreviewed-verse
thanissaro	thag4.2	thag4.2:2.3	unreviewed-verse
thanissaro	thag4.2	thag4.2:2.4	unreviewed-verse
thanissaro	thag4.2	thag4.2:3.1	unreviewed-verse
thanissaro	thag4.2	thag4.2:3.2	unreviewed-verse
thanissaro	thag4.2	thag4.2:3.3	unreviewed-verse
thanissaro	thag4.2	thag4.2:3.4	unreviewed-verse
thanissaro	thag4.2	thag4.2:4.1	unreviewed-verse
thanissaro	thag4.2	thag4.2:4.2	unreviewed-verse
thanissaro	thag4.2	thag4.2:4.3	unreviewed-verse
thanissaro	thag4.2	thag4.2:4.4	unreviewed-verse
thanissaro	thag4.4	thag4.4:1.1	unreviewed-verse
thanissaro	thag4.4	thag4.4:1.2	unreviewed-verse
thanissaro	thag4.4	thag4.4:1.3	unreviewed-verse
thanissaro	thag4.4	thag4.4:1.4	unreviewed-verse
thanissaro	thag4.4	thag4.4:2.1	unreviewed-verse
thanissaro	thag4.4	thag4.4:2.2	unreviewed-verse
thanissaro	thag4.4	thag4.4:2.3	unreviewed-verse
thanissaro	thag4.4	thag4.4:2.4	unreviewed-verse
thanissaro	thag4.4	thag4.4:3.1	unreviewed-verse
thanissaro	thag4.4	thag4.4:3.2	unreviewed-verse
thanissaro	thag4.4	thag4.4:3.3	unreviewed-verse
thanissaro	thag4.4	thag4.4:3.4	unreviewed-verse
thanissaro	thag4.4	thag4.4:4.1	unreviewed-verse
thanissaro	thag4.4	thag4.4:4.2	unreviewed-verse
thanissaro	thag4.4	thag4.4:4.3	unreviewed-verse
thanissaro	thag4.4	thag4.4:4.4	unreviewed-verse
thanissaro	thag4.8	thag4.8:1.1	unreviewed-verse
thanissaro	thag4.8	thag4.8:1.2	unreviewed-verse
thanissaro	thag4.8	thag4.8:1.3	unreviewed-verse
thanissaro	thag4.8	thag4.8:1.4	unreviewed-verse
thanissaro	thag4.8	thag4.8:2.1	unreviewed-verse
thanissaro	thag4.8	thag4.8:2.2	unreviewed-verse
thanissaro	thag4.8	thag4.8:2.3	unreviewed-verse
thanissaro	thag4.8	thag4.8:2.4	unreviewed-verse
thanissaro	thag4.8	thag4.8:3.1	unreviewed-verse
thanissaro	thag4.8	thag4.8:3.2	unreviewed-verse
thanissaro	thag4.8	thag4.8:3.3	unreviewed-verse
thanissaro	thag4.8	thag4.8:3.4	unreviewed-verse
thanissaro	thag4.8	thag4.8:4.1	unreviewed-verse
thanissaro	thag4.8	thag4.8:4.2	unreviewed-verse
thanissaro	thag4.8	thag4.8:4.3	unreviewed-verse
thanissaro	thag4.8	thag4.8:4.4	unreviewed-verse
thanissaro	thag5.10	thag5.10:1.1	unreviewed-verse
thanissaro	thag5.10	thag5.10:1.2	unreviewed-verse
thanissaro	thag5.10	thag5.10:1.3	unreviewed-verse
thanissaro	thag5.10	thag5.10:1.4	unreviewed-verse
thanissaro	thag5.10	thag5.10:2.1	unreviewed-verse
thanissaro	thag5.10	thag5.10:2.2	unreviewed-verse
thanissaro	thag5.10	thag5.10:2.3	unreviewed-verse
thanissaro	thag5.10	thag5.10:2.4	unreviewed-verse
thanissaro	thag5.10	thag5.10:3.1	unreviewed-verse
thanissaro	thag5.10	thag5.10:3.2	unreviewed-verse
thanissaro	thag5.10	thag5.10:3.3	unreviewed-verse
thanissaro	thag5.10	thag5.10:3.4	unreviewed-verse
thanissaro	thag5.10	thag5.10:4.1	unreviewed-verse
thanissaro	thag5.10	thag5.10:4.2	unreviewed-verse
thanissaro	thag5.10	thag5.10:4.3	unreviewed-verse
thanissaro	thag5.10	thag5.10:4.4	unreviewed-verse
thanissaro	thag5.10	thag5.10:5.1	unreviewed-verse
thanissaro	thag5.10	thag5.10:5.2	unreviewed-verse
thanissaro	thag5.10	thag5.10:5.3	unreviewed-verse
thanissaro	thag5.10	thag5.10:5.4	unreviewed-verse
thanissaro	thag5.10	thag5.10:5.5	unreviewed-verse
thanissaro	thag5.10	thag5.10:5.6	unreviewed-verse
thanissaro	thag5.1	thag5.1:1.1	unreviewed-verse
thanissaro	thag5.1	thag5.1:1.2	unreviewed-verse
thanissaro	thag5.1	thag5.1:1.3	unreviewed-verse
thanissaro	thag5.1	thag5.1:1.4	unreviewed-verse
thanissaro	thag5.1	thag5.1:2.1	unreviewed-verse
thanissaro	thag5.1	thag5.1:2.2	unreviewed-verse
thanissaro	thag5.1	thag5.1:2.3	unreviewed-verse
thanissaro	thag5.1	thag5.1:2.4	unreviewed-verse
thanissaro	thag5.1	thag5.1:3.1	unreviewed-verse
thanissaro	thag5.1	thag5.1:3.2	unreviewed-verse
thanissaro	thag5.1	thag5.1:3.3	unreviewed-verse
thanissaro	thag5.1	thag5.1:3.4	unreviewed-verse
thanissaro	thag5.1	thag5.1:4.1	unreviewed-verse
thanissaro	thag5.1	thag5.1:4.2	unreviewed-verse
thanissaro	thag5.1	thag5.1:4.3	unreviewed-verse
thanissaro	thag5.1	thag5.1:4.4	unreviewed-verse
thanissaro	thag5.1	thag5.1:5.1	unreviewed-verse
thanissaro	thag5.1	thag5.1:5.2	unreviewed-verse
thanissaro	thag5.1	thag5.1:5.3	unreviewed-verse
thanissaro	thag5.1	thag5.1:5.4	unreviewed-verse
thanissaro	thag5.8	thag5.8:1.1	unreviewed-verse
thanissaro	thag5.8	thag5.8:1.2	unreviewed-verse
thanissaro	thag5.8	thag5.8:1.3	unreviewed-verse
thanissaro	thag5.8	thag5.8:1.4	unreviewed-verse
thanissaro	thag5.8	thag5.8:2.1	unreviewed-verse
thanissaro	thag5.8	thag5.8:2.2	unreviewed-verse
thanissaro	thag5.8	thag5.8:2.3	unreviewed-verse
thanissaro	thag5.8	thag5.8:2.4	unreviewed-verse
thanissaro	thag5.8	thag5.8:3.1	unreviewed-verse
thanissaro	thag5.8	thag5.8:3.2	unreviewed-verse
thanissaro	thag5.8	thag5.8:3.3	unreviewed-verse
thanissaro	thag5.8	thag5.8:3.4	unreviewed-verse
thanissaro	thag5.8	thag5.8:4.1	unreviewed-verse
thanissaro	thag5.8	thag5.8:4.2	unreviewed-verse
thanissaro	thag5.8	thag5.8:4.3	unreviewed-verse
thanissaro	thag5.8	thag5.8:4.4	unreviewed-verse
thanissaro	thag5.8	thag5.8:5.1	unreviewed-verse
thanissaro	thag5.8	thag5.8:5.2	unreviewed-verse
thanissaro	thag5.8	thag5.8:5.3	unreviewed-verse
thanissaro	thag5.8	thag5.8:5.4	unreviewed-verse
thanissaro	thag6.10	thag6.10:1.1	unreviewed-verse
thanissaro	thag6.10	thag6.10:1.2	unreviewed-verse
thanissaro	thag6.10	thag6.10:1.3	unreviewed-verse
thanissaro	thag6.10	thag6.10:1.4	unreviewed-verse
thanissaro	thag6.10	thag6.10:2.1	unreviewed-verse
thanissaro	thag6.10	thag6.10:2.2	unreviewed-verse
thanissaro	thag6.10	thag6.10:2.3	unreviewed-verse
thanissaro	thag6.10	thag6.10:2.4	unreviewed-verse
thanissaro	thag6.10	thag6.10:3.1	unreviewed-verse
thanissaro	thag6.10	thag6.10:3.2	unreviewed-verse
thanissaro	thag6.10	thag6.10:3.3	unreviewed-verse
thanissaro	thag6.10	thag6.10:3.4	unreviewed-verse
thanissaro	thag6.10	thag6.10:4.1	unreviewed-verse
thanissaro	thag6.10	thag6.10:4.2	unreviewed-verse
thanissaro	thag6.10	thag6.10:4.3	unreviewed-verse
thanissaro	thag6.10	thag6.10:4.4	unreviewed-verse
thanissaro	thag6.10	thag6.10:5.1	unreviewed-verse
thanissaro	thag6.10	thag6.10:5.2	unreviewed-verse
thanissaro	thag6.10	thag6.10:5.3	unreviewed-verse
thanissaro	thag6.10	thag6.10:5.4	unreviewed-verse
thanissaro	thag6.10	thag6.10:6.1	unreviewed-verse
thanissaro	thag6.10	thag6.10:6.2	unreviewed-verse
thanissaro	thag6.10	thag6.10:6.3	unreviewed-verse
thanissaro	thag6.10	thag6.10:6.4	unreviewed-verse
thanissaro	thag6.12	thag6.12:1.1	unreviewed-verse
thanissaro	thag6.12	thag6.12:1.2	unreviewed-verse
thanissaro	thag6.12	thag6.12:1.3	unreviewed-verse
thanissaro	thag6.12	thag6.12:1.4	unreviewed-verse
thanissaro	thag6.12	thag6.12:2.1	unreviewed-verse
thanissaro	thag6.12	thag6.12:2.2	unreviewed-verse
thanissaro	thag6.12	thag6.12:2.3	unreviewed-verse
thanissaro	thag6.12	thag6.12:2.4	unreviewed-verse
thanissaro	thag6.12	thag6.12:3.1	unreviewed-verse
thanissaro	thag6.12	thag6.12:3.2	unreviewed-verse
thanissaro	thag6.12	thag6.12:3.3	unreviewed-verse
thanissaro	thag6.12	thag6.12:3.4	unreviewed-verse
thanissaro	thag6.12	thag6.12:4.1	unreviewed-verse
thanissaro	thag6.12	thag6.12:4.2	unreviewed-verse
thanissaro	thag6.12	thag6.12:4.3	unreviewed-verse
thanissaro	thag6.12	thag6.12:4.4	unreviewed-verse
thanissaro	thag6.12	thag6.12:5.1	unreviewed-verse
thanissaro	thag6.12	thag6.12:5.2	unreviewed-verse
thanissaro	thag6.12	thag6.12:5.3	unreviewed-verse
thanissaro	thag6.12	thag6.12:5.4	unreviewed-verse
thanissaro	thag6.12	thag6.12:6.1	unreviewed-verse
thanissaro	thag6.12	thag6.12:6.2	unreviewed-verse
thanissaro	thag6.12	thag6.12:6.3	unreviewed-verse
thanissaro	thag6.12	thag6.12:6.4	unreviewed-verse
thanissaro	thag6.13	thag6.13:1.1	unreviewed-verse
thanissaro	thag6.13	thag6.13:1.2	unreviewed-verse
thanissaro	thag6.13	thag6.13:1.3	unreviewed-verse
thanissaro	thag6.13	thag6.13:1.4	unreviewed-verse
thanissaro	thag6.13	thag6.13:2.1	unreviewed-verse
thanissaro	thag6.13	thag6.13:2.2	unreviewed-verse
thanissaro	thag6.13	thag6.13:2.3	unreviewed-verse
thanissaro	thag6.13	thag6.13:2.4	unreviewed-verse
thanissaro	thag6.13	thag6.13:3.1	unreviewed-verse
thanissaro	thag6.13	thag6.13:3.2	unreviewed-verse
thanissaro	thag6.13	thag6.13:3.3	unreviewed-verse
thanissaro	thag6.13	thag6.13:3.4	unreviewed-verse
thanissaro	thag6.13	thag6.13:4.1	unreviewed-verse
thanissaro	thag6.13	thag6.13:4.2	unreviewed-verse
thanissaro	thag6.13	thag6.13:4.3	unreviewed-verse
thanissaro	thag6.13	thag6.13:4.4	unreviewed-verse
thanissaro	thag6.13	thag6.13:5.1	unreviewed-verse
thanissaro	thag6.13	thag6.13:5.2	unreviewed-verse
thanissaro	thag6.13	thag6.13:5.3	unreviewed-verse
thanissaro	thag6.13	thag6.13:5.4	unreviewed-verse
thanissaro	thag6.13	thag6.13:6.1	unreviewed-verse
thanissaro	thag6.13	thag6.13:6.2	unreviewed-verse
thanissaro	thag6.13	thag6.13:6.3	unreviewed-verse
thanissaro	thag6.13	thag6.13:6.4	unreviewed-verse
thanissaro	thag6.2	thag6.2:1.1	unreviewed-verse
thanissaro	thag6.2	thag6.2:1.2	unreviewed-verse
thanissaro	thag6.2	thag6.2:1.3	unreviewed-verse
thanissaro	thag6.2	thag6.2:1.4	unreviewed-verse
thanissaro	thag6.2	thag6.2:2.1	unreviewed-verse
thanissaro	thag6.2	thag6.2:2.2	unreviewed-verse
thanissaro	thag6.2	thag6.2:3.1	unreviewed-verse
thanissaro	thag6.2	thag6.2:3.2	unreviewed-verse
thanissaro	thag6.2	thag6.2:4.1	unreviewed-verse
thanissaro	thag6.2	thag6.2:4.2	unreviewed-verse
thanissaro	thag6.2	thag6.2:5.1	unreviewed-verse
thanissaro	thag6.2	thag6.2:5.2	unreviewed-verse
thanissaro	thag6.2	thag6.2:5.3	unreviewed-verse
thanissaro	thag6.2	thag6.2:5.4	unreviewed-verse
thanissaro	thag6.2	thag6.2:6.1	unreviewed-verse
thanissaro	thag6.2	thag6.2:6.2	unreviewed-verse
thanissaro	thag6.2	thag6.2:6.3	unreviewed-verse
thanissaro	thag6.2	thag6.2:6.4	unreviewed-verse
thanissaro	thag6.3	thag6.3:1.1	unreviewed-verse
thanissaro	thag6.3	thag6.3:1.2	unreviewed-verse
thanissaro	thag6.3	thag6.3:1.4	unreviewed-verse
thanissaro	thag6.3	thag6.3:2.1	unreviewed-verse
thanissaro	thag6.3	thag6.3:2.2	unreviewed-verse
thanissaro	thag6.3	thag6.3:2.4	unreviewed-verse
thanissaro	thag6.3	thag6.3:3.1	unreviewed-verse
thanissaro	thag6.3	thag6.3:3.2	unreviewed-verse
thanissaro	thag6.3	thag6.3:3.4	unreviewed-verse
thanissaro	thag6.3	thag6.3:5.1	unreviewed-verse
thanissaro	thag6.3	thag6.3:5.2	unreviewed-verse
thanissaro	thag6.3	thag6.3:5.4	unreviewed-verse
thanissaro	thag6.5	thag6.5:1.1	unreviewed-verse
thanissaro	thag6.5	thag6.5:1.2	unreviewed-verse
thanissaro	thag6.5	thag6.5:1.3	unreviewed-verse
thanissaro	thag6.5	thag6.5:1.4	unreviewed-verse
thanissaro	thag6.5	thag6.5:2.1	unreviewed-verse
thanissaro	thag6.5	thag6.5:2.2	unreviewed-verse
thanissaro	thag6.5	thag6.5:2.3	unreviewed-verse
thanissaro	thag6.5	thag6.5:2.4	unreviewed-verse
thanissaro	thag6.5	thag6.5:3.1	unreviewed-verse
thanissaro	thag6.5	thag6.5:3.2	unreviewed-verse
thanissaro	thag6.5	thag6.5:3.3	unreviewed-verse
thanissaro	thag6.5	thag6.5:3.4	unreviewed-verse
thanissaro	thag6.5	thag6.5:4.1	unreviewed-verse
thanissaro	thag6.5	thag6.5:4.2	unreviewed-verse
thanissaro	thag6.5	thag6.5:4.3	unreviewed-verse
thanissaro	thag6.5	thag6.5:4.4	unreviewed-verse
thanissaro	thag6.5	thag6.5:4.5	unreviewed-verse
thanissaro	thag6.5	thag6.5:4.6	unreviewed-verse
thanissaro	thag6.5	thag6.5:5.1	unreviewed-verse
thanissaro	thag6.5	thag6.5:5.2	unreviewed-verse
thanissaro	thag6.5	thag6.5:5.3	unreviewed-verse
thanissaro	thag6.5	thag6.5:5.4	unreviewed-verse
thanissaro	thag6.5	thag6.5:6.1	unreviewed-verse
thanissaro	thag6.5	thag6.5:6.2	unreviewed-verse
thanissaro	thag6.5	thag6.5:6.3	unreviewed-verse
thanissaro	thag6.5	thag6.5:6.4	unreviewed-verse
thanissaro	thag6.6	thag6.6:1.1	unreviewed-verse
thanissaro	thag6.6	thag6.6:1.2	unreviewed-verse
thanissaro	thag6.6	thag6.6:1.3	unreviewed-verse
thanissaro	thag6.6	thag6.6:1.4	unreviewed-verse
thanissaro	thag6.6	thag6.6:2.1	unreviewed-verse
thanissaro	thag6.6	thag6.6:2.2	unreviewed-verse
thanissaro	thag6.6	thag6.6:2.3	unreviewed-verse
thanissaro	thag6.6	thag6.6:2.4	unreviewed-verse
thanissaro	thag6.6	thag6.6:3.1	unreviewed-verse
thanissaro	thag6.6	thag6.6:3.3	unreviewed-verse
thanissaro	thag6.6	thag6.6:4.2	unreviewed-verse
thanissaro	thag6.6	thag6.6:4.3	unreviewed-verse
thanissaro	thag6.6	thag6.6:4.4	unreviewed-verse
thanissaro	thag6.6	thag6.6:5.1	unreviewed-verse
thanissaro	thag6.6	thag6.6:5.2	unreviewed-verse
thanissaro	thag6.6	thag6.6:5.3	unreviewed-verse
thanissaro	thag6.6	thag6.6:5.4	unreviewed-verse
thanissaro	thag6.6	thag6.6:6.1	unreviewed-verse
thanissaro	thag6.6	thag6.6:6.2	unreviewed-verse
thanissaro	thag6.6	thag6.6:6.3	unreviewed-verse
thanissaro	thag6.6	thag6.6:6.4	unreviewed-verse
thanissaro	thag6.9	thag6.9:1.1	unreviewed-verse
thanissaro	thag6.9	thag6.9:1.2	unreviewed-verse
thanissaro	thag6.9	thag6.9:1.3	unreviewed-verse
thanissaro	thag6.9	thag6.9:1.4	unreviewed-verse
thanissaro	thag6.9	thag6.9:2.1	unreviewed-verse
thanissaro	thag6.9	thag6.9:2.2	unreviewed-verse
thanissaro	thag6.9	thag6.9:2.3	unreviewed-verse
thanissaro	thag6.9	thag6.9:2.4	unreviewed-verse
thanissaro	thag6.9	thag6.9:3.1	unreviewed-verse
thanissaro	thag6.9	thag6.9:3.2	unreviewed-verse
thanissaro	thag6.9	thag6.9:3.3	unreviewed-verse
thanissaro	thag6.9	thag6.9:3.4	unreviewed-verse
thanissaro	thag6.9	thag6.9:4.1	unreviewed-verse
thanissaro	thag6.9	thag6.9:4.2	unreviewed-verse
thanissaro	thag6.9	thag6.9:4.3	unreviewed-verse
thanissaro	thag6.9	thag6.9:4.4	unreviewed-verse
thanissaro	thag6.9	thag6.9:5.1	unreviewed-verse
thanissaro	thag6.9	thag6.9:5.2	unreviewed-verse
thanissaro	thag6.9	thag6.9:5.3	unreviewed-verse
thanissaro	thag6.9	thag6.9:5.4	unreviewed-verse
thanissaro	thag6.9	thag6.9:6.1	unreviewed-verse
thanissaro	thag6.9	thag6.9:6.2	unreviewed-verse
thanissaro	thag6.9	thag6.9:6.3	unreviewed-verse
thanissaro	thag6.9	thag6.9:6.4	unreviewed-verse
thanissaro	thag7.1	thag7.1:1.1	unreviewed-verse
thanissaro	thag7.1	thag7.1:1.2	unreviewed-verse
thanissaro	thag7.1	thag7.1:1.3	unreviewed-verse
thanissaro	thag7.1	thag7.1:1.4	unreviewed-verse
thanissaro	thag7.1	thag7.1:2.1	unreviewed-verse
thanissaro	thag7.1	thag7.1:2.2	unreviewed-verse
thanissaro	thag7.1	thag7.1:2.3	unreviewed-verse
thanissaro	thag7.1	thag7.1:2.4	unreviewed-verse
thanissaro	thag7.1	thag7.1:3.1	unreviewed-verse
thanissaro	thag7.1	thag7.1:3.2	unreviewed-verse
thanissaro	thag7.1	thag7.1:3.3	unreviewed-verse
thanissaro	thag7.1	thag7.1:3.4	unreviewed-verse
thanissaro	thag7.1	thag7.1:3.5	unreviewed-verse
thanissaro	thag7.1	thag7.1:3.6	unreviewed-verse
thanissaro	thag7.1	thag7.1:4.1	unreviewed-verse
thanissaro	thag7.1	thag7.1:4.2	unreviewed-verse
thanissaro	thag7.1	thag7.1:4.3	unreviewed-verse
thanissaro	thag7.1	thag7.1:4.4	unreviewed-verse
thanissaro	thag7.1	thag7.1:5.1	unreviewed-verse
thanissaro	thag7.1	thag7.1:5.2	unreviewed-verse,pending-recovered-candidate
thanissaro	thag7.1	thag7.1:5.3	unreviewed-verse
thanissaro	thag7.1	thag7.1:5.4	unreviewed-verse
thanissaro	thag7.1	thag7.1:6.1	unreviewed-verse
thanissaro	thag7.1	thag7.1:6.2	unreviewed-verse
thanissaro	thag7.1	thag7.1:6.3	unreviewed-verse
thanissaro	thag7.1	thag7.1:6.4	unreviewed-verse
thanissaro	thag7.1	thag7.1:7.1	unreviewed-verse
thanissaro	thag7.1	thag7.1:7.2	unreviewed-verse
thanissaro	thag7.1	thag7.1:7.3	unreviewed-verse
thanissaro	thag7.1	thag7.1:7.4	unreviewed-verse
thanissaro	thag9.1	thag9.1:1.1	unreviewed-verse
thanissaro	thag9.1	thag9.1:1.2	unreviewed-verse
thanissaro	thag9.1	thag9.1:1.3	unreviewed-verse
thanissaro	thag9.1	thag9.1:1.4	unreviewed-verse
thanissaro	thag9.1	thag9.1:2.1	unreviewed-verse
thanissaro	thag9.1	thag9.1:2.2	unreviewed-verse
thanissaro	thag9.1	thag9.1:2.3	unreviewed-verse
thanissaro	thag9.1	thag9.1:2.4	unreviewed-verse
thanissaro	thag9.1	thag9.1:3.1	unreviewed-verse
thanissaro	thag9.1	thag9.1:3.2	unreviewed-verse
thanissaro	thag9.1	thag9.1:3.3	unreviewed-verse
thanissaro	thag9.1	thag9.1:3.4	unreviewed-verse
thanissaro	thag9.1	thag9.1:4.1	unreviewed-verse
thanissaro	thag9.1	thag9.1:4.2	unreviewed-verse
thanissaro	thag9.1	thag9.1:4.3	unreviewed-verse
thanissaro	thag9.1	thag9.1:4.4	unreviewed-verse
thanissaro	thag9.1	thag9.1:5.1	unreviewed-verse
thanissaro	thag9.1	thag9.1:5.2	unreviewed-verse
thanissaro	thag9.1	thag9.1:5.3	unreviewed-verse
thanissaro	thag9.1	thag9.1:5.4	unreviewed-verse
thanissaro	thag9.1	thag9.1:6.1	unreviewed-verse
thanissaro	thag9.1	thag9.1:6.2	unreviewed-verse
thanissaro	thag9.1	thag9.1:6.3	unreviewed-verse
thanissaro	thag9.1	thag9.1:6.4	unreviewed-verse
thanissaro	thag9.1	thag9.1:7.1	unreviewed-verse
thanissaro	thag9.1	thag9.1:7.2	unreviewed-verse
thanissaro	thag9.1	thag9.1:7.3	unreviewed-verse
thanissaro	thag9.1	thag9.1:7.4	unreviewed-verse
thanissaro	thag9.1	thag9.1:8.1	unreviewed-verse
thanissaro	thag9.1	thag9.1:8.2	unreviewed-verse
thanissaro	thag9.1	thag9.1:8.3	unreviewed-verse
thanissaro	thag9.1	thag9.1:8.4	unreviewed-verse
thanissaro	thag9.1	thag9.1:9.1	unreviewed-verse
thanissaro	thag9.1	thag9.1:9.2	unreviewed-verse
thanissaro	thag9.1	thag9.1:9.3	unreviewed-verse
thanissaro	thag9.1	thag9.1:9.4	unreviewed-verse
thanissaro	thig1.11	thig1.11:1.1	unreviewed-verse
thanissaro	thig1.11	thig1.11:1.2	unreviewed-verse
thanissaro	thig1.11	thig1.11:1.3	unreviewed-verse
thanissaro	thig1.11	thig1.11:1.4	unreviewed-verse
thanissaro	thig1.11	thig1.11:1.5	unreviewed-verse
thanissaro	thig1.11	thig1.11:1.6	unreviewed-verse
thanissaro	thig1.17	thig1.17:1.1	unreviewed-verse
thanissaro	thig1.17	thig1.17:1.2	unreviewed-verse
thanissaro	thig1.17	thig1.17:1.3	unreviewed-verse
thanissaro	thig1.17	thig1.17:1.4	unreviewed-verse
thanissaro	thig1.17	thig1.17:1.5	unreviewed-verse
thanissaro	thig1.17	thig1.17:1.6	unreviewed-verse
thanissaro	thig1.1	thig1.1:1.1	unreviewed-verse
thanissaro	thig1.1	thig1.1:1.2	unreviewed-verse
thanissaro	thig1.1	thig1.1:1.3	unreviewed-verse
thanissaro	thig1.1	thig1.1:1.4	unreviewed-verse
thanissaro	thig1.3	thig1.3:1.1	unreviewed-verse
thanissaro	thig1.3	thig1.3:1.2	unreviewed-verse
thanissaro	thig1.3	thig1.3:1.3	unreviewed-verse
thanissaro	thig1.3	thig1.3:1.4	unreviewed-verse
thanissaro	thig10.1	thig10.1:1.1	unreviewed-verse
thanissaro	thig10.1	thig10.1:1.2	unreviewed-verse
thanissaro	thig10.1	thig10.1:1.3	unreviewed-verse
thanissaro	thig10.1	thig10.1:1.4	unreviewed-verse
thanissaro	thig10.1	thig10.1:2.1	unreviewed-verse
thanissaro	thig10.1	thig10.1:2.2	unreviewed-verse
thanissaro	thig10.1	thig10.1:2.3	unreviewed-verse
thanissaro	thig10.1	thig10.1:2.4	unreviewed-verse
thanissaro	thig10.1	thig10.1:3.1	unreviewed-verse
thanissaro	thig10.1	thig10.1:3.2	unreviewed-verse
thanissaro	thig10.1	thig10.1:3.3	unreviewed-verse
thanissaro	thig10.1	thig10.1:3.4	unreviewed-verse
thanissaro	thig10.1	thig10.1:4.1	unreviewed-verse
thanissaro	thig10.1	thig10.1:4.2	unreviewed-verse
thanissaro	thig10.1	thig10.1:4.3	unreviewed-verse
thanissaro	thig10.1	thig10.1:4.4	unreviewed-verse
thanissaro	thig10.1	thig10.1:5.1	unreviewed-verse
thanissaro	thig10.1	thig10.1:5.2	unreviewed-verse
thanissaro	thig10.1	thig10.1:5.3	unreviewed-verse
thanissaro	thig10.1	thig10.1:5.4	unreviewed-verse
thanissaro	thig10.1	thig10.1:6.1	unreviewed-verse
thanissaro	thig10.1	thig10.1:6.2	unreviewed-verse
thanissaro	thig10.1	thig10.1:6.3	unreviewed-verse
thanissaro	thig10.1	thig10.1:6.4	unreviewed-verse
thanissaro	thig10.1	thig10.1:7.1	unreviewed-verse
thanissaro	thig10.1	thig10.1:7.2	unreviewed-verse
thanissaro	thig10.1	thig10.1:7.3	unreviewed-verse
thanissaro	thig10.1	thig10.1:7.4	unreviewed-verse
thanissaro	thig10.1	thig10.1:8.1	unreviewed-verse
thanissaro	thig10.1	thig10.1:8.2	unreviewed-verse
thanissaro	thig10.1	thig10.1:8.3	unreviewed-verse
thanissaro	thig10.1	thig10.1:8.4	unreviewed-verse
thanissaro	thig10.1	thig10.1:9.1	unreviewed-verse
thanissaro	thig10.1	thig10.1:9.2	unreviewed-verse
thanissaro	thig10.1	thig10.1:9.3	unreviewed-verse
thanissaro	thig10.1	thig10.1:9.4	unreviewed-verse
thanissaro	thig10.1	thig10.1:10.1	unreviewed-verse
thanissaro	thig10.1	thig10.1:10.2	unreviewed-verse
thanissaro	thig10.1	thig10.1:10.3	unreviewed-verse
thanissaro	thig10.1	thig10.1:10.4	unreviewed-verse
thanissaro	thig10.1	thig10.1:11.1	unreviewed-verse
thanissaro	thig10.1	thig10.1:11.2	unreviewed-verse
thanissaro	thig10.1	thig10.1:11.3	unreviewed-verse
thanissaro	thig10.1	thig10.1:11.4	unreviewed-verse
thanissaro	thig12.1	thig12.1:1.1	edition-variant
thanissaro	thig12.1	thig12.1:1.2	edition-variant
thanissaro	thig12.1	thig12.1:1.3	edition-variant
thanissaro	thig12.1	thig12.1:1.4	edition-variant
thanissaro	thig12.1	thig12.1:2.1	edition-variant
thanissaro	thig12.1	thig12.1:2.2	edition-variant
thanissaro	thig12.1	thig12.1:2.3	edition-variant
thanissaro	thig12.1	thig12.1:2.4	edition-variant
thanissaro	thig12.1	thig12.1:3.1	edition-variant
thanissaro	thig12.1	thig12.1:3.2	edition-variant
thanissaro	thig12.1	thig12.1:3.3	edition-variant
thanissaro	thig12.1	thig12.1:3.4	edition-variant
thanissaro	thig12.1	thig12.1:4.1	edition-variant
thanissaro	thig12.1	thig12.1:4.2	edition-variant
thanissaro	thig12.1	thig12.1:4.3	edition-variant
thanissaro	thig12.1	thig12.1:4.4	edition-variant
thanissaro	thig12.1	thig12.1:5.1	edition-variant
thanissaro	thig12.1	thig12.1:5.2	edition-variant
thanissaro	thig12.1	thig12.1:5.3	edition-variant
thanissaro	thig12.1	thig12.1:5.4	edition-variant
thanissaro	thig12.1	thig12.1:6.1	edition-variant
thanissaro	thig12.1	thig12.1:6.2	edition-variant
thanissaro	thig12.1	thig12.1:6.3	edition-variant
thanissaro	thig12.1	thig12.1:6.4	edition-variant
thanissaro	thig12.1	thig12.1:7.1	edition-variant
thanissaro	thig12.1	thig12.1:7.2	edition-variant
thanissaro	thig12.1	thig12.1:7.3	edition-variant
thanissaro	thig12.1	thig12.1:7.4	edition-variant
thanissaro	thig12.1	thig12.1:7.5	edition-variant
thanissaro	thig12.1	thig12.1:7.6	edition-variant
thanissaro	thig12.1	thig12.1:8.1	edition-variant
thanissaro	thig12.1	thig12.1:8.2	edition-variant
thanissaro	thig12.1	thig12.1:8.3	edition-variant
thanissaro	thig12.1	thig12.1:8.4	edition-variant
thanissaro	thig12.1	thig12.1:9.1	edition-variant
thanissaro	thig12.1	thig12.1:9.2	edition-variant
thanissaro	thig12.1	thig12.1:9.3	edition-variant
thanissaro	thig12.1	thig12.1:9.4	edition-variant
thanissaro	thig12.1	thig12.1:10.1	edition-variant
thanissaro	thig12.1	thig12.1:10.2	edition-variant
thanissaro	thig12.1	thig12.1:10.3	edition-variant
thanissaro	thig12.1	thig12.1:10.4	edition-variant
thanissaro	thig12.1	thig12.1:11.1	edition-variant
thanissaro	thig12.1	thig12.1:11.2	edition-variant
thanissaro	thig12.1	thig12.1:11.3	edition-variant
thanissaro	thig12.1	thig12.1:11.4	edition-variant
thanissaro	thig12.1	thig12.1:12.1	edition-variant
thanissaro	thig12.1	thig12.1:12.2	edition-variant
thanissaro	thig12.1	thig12.1:12.3	edition-variant
thanissaro	thig12.1	thig12.1:12.4	edition-variant
thanissaro	thig12.1	thig12.1:13.1	edition-variant
thanissaro	thig12.1	thig12.1:13.2	edition-variant
thanissaro	thig12.1	thig12.1:13.3	edition-variant
thanissaro	thig12.1	thig12.1:13.4	edition-variant
thanissaro	thig12.1	thig12.1:14.1	edition-variant
thanissaro	thig12.1	thig12.1:14.2	edition-variant
thanissaro	thig12.1	thig12.1:14.3	edition-variant
thanissaro	thig12.1	thig12.1:14.4	edition-variant
thanissaro	thig12.1	thig12.1:15.1	edition-variant
thanissaro	thig12.1	thig12.1:15.2	edition-variant
thanissaro	thig12.1	thig12.1:15.3	edition-variant
thanissaro	thig12.1	thig12.1:15.4	edition-variant
thanissaro	thig12.1	thig12.1:16.1	edition-variant
thanissaro	thig12.1	thig12.1:16.2	edition-variant
thanissaro	thig12.1	thig12.1:16.3	edition-variant
thanissaro	thig12.1	thig12.1:16.4	edition-variant
thanissaro	thig13.1	thig13.1:1.1	unreviewed-verse
thanissaro	thig13.1	thig13.1:1.2	unreviewed-verse
thanissaro	thig13.1	thig13.1:1.3	unreviewed-verse
thanissaro	thig13.1	thig13.1:1.4	unreviewed-verse
thanissaro	thig13.1	thig13.1:2.1	unreviewed-verse
thanissaro	thig13.1	thig13.1:2.2	unreviewed-verse
thanissaro	thig13.1	thig13.1:2.3	unreviewed-verse
thanissaro	thig13.1	thig13.1:2.4	unreviewed-verse
thanissaro	thig13.1	thig13.1:3.1	unreviewed-verse
thanissaro	thig13.1	thig13.1:3.2	unreviewed-verse
thanissaro	thig13.1	thig13.1:3.3	unreviewed-verse
thanissaro	thig13.1	thig13.1:3.4	unreviewed-verse
thanissaro	thig13.1	thig13.1:4.1	unreviewed-verse
thanissaro	thig13.1	thig13.1:4.2	unreviewed-verse
thanissaro	thig13.1	thig13.1:4.3	unreviewed-verse
thanissaro	thig13.1	thig13.1:4.4	unreviewed-verse
thanissaro	thig13.1	thig13.1:5.1	unreviewed-verse
thanissaro	thig13.1	thig13.1:5.2	unreviewed-verse
thanissaro	thig13.1	thig13.1:5.3	unreviewed-verse
thanissaro	thig13.1	thig13.1:5.4	unreviewed-verse
thanissaro	thig13.1	thig13.1:6.1	unreviewed-verse
thanissaro	thig13.1	thig13.1:6.2	unreviewed-verse
thanissaro	thig13.1	thig13.1:6.3	unreviewed-verse
thanissaro	thig13.1	thig13.1:6.4	unreviewed-verse
thanissaro	thig13.1	thig13.1:7.1	unreviewed-verse
thanissaro	thig13.1	thig13.1:7.2	unreviewed-verse
thanissaro	thig13.1	thig13.1:7.3	unreviewed-verse
thanissaro	thig13.1	thig13.1:7.4	unreviewed-verse
thanissaro	thig13.1	thig13.1:8.1	unreviewed-verse
thanissaro	thig13.1	thig13.1:8.2	unreviewed-verse
thanissaro	thig13.1	thig13.1:8.3	unreviewed-verse
thanissaro	thig13.1	thig13.1:8.4	unreviewed-verse
thanissaro	thig13.1	thig13.1:9.1	unreviewed-verse
thanissaro	thig13.1	thig13.1:9.2	unreviewed-verse
thanissaro	thig13.1	thig13.1:9.3	unreviewed-verse
thanissaro	thig13.1	thig13.1:9.4	unreviewed-verse
thanissaro	thig13.1	thig13.1:10.1	unreviewed-verse
thanissaro	thig13.1	thig13.1:10.2	unreviewed-verse
thanissaro	thig13.1	thig13.1:10.3	unreviewed-verse
thanissaro	thig13.1	thig13.1:10.4	unreviewed-verse
thanissaro	thig13.1	thig13.1:11.1	unreviewed-verse
thanissaro	thig13.1	thig13.1:11.2	unreviewed-verse
thanissaro	thig13.1	thig13.1:11.3	unreviewed-verse
thanissaro	thig13.1	thig13.1:11.4	unreviewed-verse
thanissaro	thig13.1	thig13.1:12.1	unreviewed-verse
thanissaro	thig13.1	thig13.1:12.2	unreviewed-verse
thanissaro	thig13.1	thig13.1:12.3	unreviewed-verse
thanissaro	thig13.1	thig13.1:12.4	unreviewed-verse
thanissaro	thig13.1	thig13.1:13.1	unreviewed-verse
thanissaro	thig13.1	thig13.1:13.2	unreviewed-verse
thanissaro	thig13.1	thig13.1:13.3	unreviewed-verse
thanissaro	thig13.1	thig13.1:13.4	unreviewed-verse
thanissaro	thig13.1	thig13.1:14.1	unreviewed-verse
thanissaro	thig13.1	thig13.1:14.2	unreviewed-verse
thanissaro	thig13.1	thig13.1:14.3	unreviewed-verse
thanissaro	thig13.1	thig13.1:14.4	unreviewed-verse
thanissaro	thig13.1	thig13.1:15.1	unreviewed-verse
thanissaro	thig13.1	thig13.1:15.2	unreviewed-verse
thanissaro	thig13.1	thig13.1:15.3	unreviewed-verse
thanissaro	thig13.1	thig13.1:15.4	unreviewed-verse
thanissaro	thig13.1	thig13.1:16.1	unreviewed-verse
thanissaro	thig13.1	thig13.1:16.2	unreviewed-verse
thanissaro	thig13.1	thig13.1:16.3	unreviewed-verse
thanissaro	thig13.1	thig13.1:16.4	unreviewed-verse
thanissaro	thig13.1	thig13.1:17.1	unreviewed-verse
thanissaro	thig13.1	thig13.1:17.2	unreviewed-verse
thanissaro	thig13.1	thig13.1:17.3	unreviewed-verse
thanissaro	thig13.1	thig13.1:17.4	unreviewed-verse
thanissaro	thig13.1	thig13.1:18.1	unreviewed-verse
thanissaro	thig13.1	thig13.1:18.2	unreviewed-verse
thanissaro	thig13.1	thig13.1:18.3	unreviewed-verse
thanissaro	thig13.1	thig13.1:18.4	unreviewed-verse
thanissaro	thig13.1	thig13.1:19.1	unreviewed-verse
thanissaro	thig13.1	thig13.1:19.2	unreviewed-verse
thanissaro	thig13.1	thig13.1:19.3	unreviewed-verse
thanissaro	thig13.1	thig13.1:19.4	unreviewed-verse
thanissaro	thig13.2	thig13.2:1.1	unreviewed-verse
thanissaro	thig13.2	thig13.2:1.2	unreviewed-verse
thanissaro	thig13.2	thig13.2:1.3	unreviewed-verse
thanissaro	thig13.2	thig13.2:1.4	unreviewed-verse
thanissaro	thig13.2	thig13.2:2.1	unreviewed-verse
thanissaro	thig13.2	thig13.2:2.2	unreviewed-verse
thanissaro	thig13.2	thig13.2:2.3	unreviewed-verse
thanissaro	thig13.2	thig13.2:2.4	unreviewed-verse
thanissaro	thig13.2	thig13.2:3.1	unreviewed-verse
thanissaro	thig13.2	thig13.2:3.2	unreviewed-verse
thanissaro	thig13.2	thig13.2:3.3	unreviewed-verse
thanissaro	thig13.2	thig13.2:3.4	unreviewed-verse
thanissaro	thig13.2	thig13.2:4.1	unreviewed-verse
thanissaro	thig13.2	thig13.2:4.2	unreviewed-verse
thanissaro	thig13.2	thig13.2:4.3	unreviewed-verse
thanissaro	thig13.2	thig13.2:4.4	unreviewed-verse
thanissaro	thig13.2	thig13.2:5.1	unreviewed-verse
thanissaro	thig13.2	thig13.2:5.2	unreviewed-verse
thanissaro	thig13.2	thig13.2:5.3	unreviewed-verse
thanissaro	thig13.2	thig13.2:5.4	unreviewed-verse
thanissaro	thig13.2	thig13.2:6.1	unreviewed-verse
thanissaro	thig13.2	thig13.2:6.2	unreviewed-verse
thanissaro	thig13.2	thig13.2:6.3	unreviewed-verse
thanissaro	thig13.2	thig13.2:6.4	unreviewed-verse
thanissaro	thig13.2	thig13.2:7.1	unreviewed-verse
thanissaro	thig13.2	thig13.2:7.2	unreviewed-verse
thanissaro	thig13.2	thig13.2:7.3	unreviewed-verse
thanissaro	thig13.2	thig13.2:7.4	unreviewed-verse
thanissaro	thig13.2	thig13.2:8.1	unreviewed-verse
thanissaro	thig13.2	thig13.2:8.2	unreviewed-verse
thanissaro	thig13.2	thig13.2:8.3	unreviewed-verse
thanissaro	thig13.2	thig13.2:8.4	unreviewed-verse
thanissaro	thig13.2	thig13.2:9.1	unreviewed-verse
thanissaro	thig13.2	thig13.2:9.2	unreviewed-verse
thanissaro	thig13.2	thig13.2:9.3	unreviewed-verse
thanissaro	thig13.2	thig13.2:9.4	unreviewed-verse
thanissaro	thig13.2	thig13.2:10.1	unreviewed-verse
thanissaro	thig13.2	thig13.2:10.2	unreviewed-verse
thanissaro	thig13.2	thig13.2:10.3	unreviewed-verse
thanissaro	thig13.2	thig13.2:10.4	unreviewed-verse
thanissaro	thig13.2	thig13.2:11.1	unreviewed-verse
thanissaro	thig13.2	thig13.2:11.2	unreviewed-verse
thanissaro	thig13.2	thig13.2:11.3	unreviewed-verse
thanissaro	thig13.2	thig13.2:11.4	unreviewed-verse
thanissaro	thig13.2	thig13.2:12.1	unreviewed-verse
thanissaro	thig13.2	thig13.2:12.2	unreviewed-verse
thanissaro	thig13.2	thig13.2:12.3	unreviewed-verse
thanissaro	thig13.2	thig13.2:12.4	unreviewed-verse
thanissaro	thig13.2	thig13.2:13.1	unreviewed-verse
thanissaro	thig13.2	thig13.2:13.2	unreviewed-verse
thanissaro	thig13.2	thig13.2:13.3	unreviewed-verse
thanissaro	thig13.2	thig13.2:13.4	unreviewed-verse
thanissaro	thig13.2	thig13.2:14.1	unreviewed-verse
thanissaro	thig13.2	thig13.2:14.2	unreviewed-verse
thanissaro	thig13.2	thig13.2:14.3	unreviewed-verse
thanissaro	thig13.2	thig13.2:14.4	unreviewed-verse
thanissaro	thig13.2	thig13.2:15.1	unreviewed-verse
thanissaro	thig13.2	thig13.2:15.2	unreviewed-verse
thanissaro	thig13.2	thig13.2:15.3	unreviewed-verse
thanissaro	thig13.2	thig13.2:15.4	unreviewed-verse
thanissaro	thig13.2	thig13.2:16.1	unreviewed-verse
thanissaro	thig13.2	thig13.2:16.2	unreviewed-verse
thanissaro	thig13.2	thig13.2:16.3	unreviewed-verse
thanissaro	thig13.2	thig13.2:16.4	unreviewed-verse
thanissaro	thig13.2	thig13.2:17.1	unreviewed-verse
thanissaro	thig13.2	thig13.2:17.2	unreviewed-verse
thanissaro	thig13.2	thig13.2:17.3	unreviewed-verse
thanissaro	thig13.2	thig13.2:17.4	unreviewed-verse
thanissaro	thig13.2	thig13.2:18.1	unreviewed-verse
thanissaro	thig13.2	thig13.2:18.2	unreviewed-verse
thanissaro	thig13.2	thig13.2:18.3	unreviewed-verse
thanissaro	thig13.2	thig13.2:18.4	unreviewed-verse
thanissaro	thig13.2	thig13.2:19.1	unreviewed-verse
thanissaro	thig13.2	thig13.2:19.2	unreviewed-verse
thanissaro	thig13.2	thig13.2:19.3	unreviewed-verse
thanissaro	thig13.2	thig13.2:19.4	unreviewed-verse
thanissaro	thig13.2	thig13.2:20.1	unreviewed-verse
thanissaro	thig13.2	thig13.2:20.2	unreviewed-verse
thanissaro	thig13.2	thig13.2:20.3	unreviewed-verse
thanissaro	thig13.2	thig13.2:20.4	unreviewed-verse
thanissaro	thig13.2	thig13.2:21.1	unreviewed-verse
thanissaro	thig13.2	thig13.2:21.2	unreviewed-verse
thanissaro	thig13.2	thig13.2:21.3	unreviewed-verse
thanissaro	thig13.2	thig13.2:21.4	unreviewed-verse
thanissaro	thig13.5	thig13.5:1.1	unreviewed-verse
thanissaro	thig13.5	thig13.5:1.2	unreviewed-verse
thanissaro	thig13.5	thig13.5:1.3	unreviewed-verse
thanissaro	thig13.5	thig13.5:1.4	unreviewed-verse
thanissaro	thig13.5	thig13.5:2.1	unreviewed-verse
thanissaro	thig13.5	thig13.5:2.2	unreviewed-verse
thanissaro	thig13.5	thig13.5:2.3	unreviewed-verse
thanissaro	thig13.5	thig13.5:2.4	unreviewed-verse
thanissaro	thig13.5	thig13.5:3.1	unreviewed-verse
thanissaro	thig13.5	thig13.5:3.2	unreviewed-verse
thanissaro	thig13.5	thig13.5:3.3	unreviewed-verse
thanissaro	thig13.5	thig13.5:3.4	unreviewed-verse
thanissaro	thig13.5	thig13.5:4.1	unreviewed-verse
thanissaro	thig13.5	thig13.5:4.2	unreviewed-verse
thanissaro	thig13.5	thig13.5:4.3	unreviewed-verse
thanissaro	thig13.5	thig13.5:4.4	unreviewed-verse
thanissaro	thig13.5	thig13.5:5.1	unreviewed-verse
thanissaro	thig13.5	thig13.5:5.2	unreviewed-verse
thanissaro	thig13.5	thig13.5:5.3	unreviewed-verse
thanissaro	thig13.5	thig13.5:5.4	unreviewed-verse
thanissaro	thig13.5	thig13.5:6.1	unreviewed-verse
thanissaro	thig13.5	thig13.5:6.2	unreviewed-verse
thanissaro	thig13.5	thig13.5:6.3	unreviewed-verse
thanissaro	thig13.5	thig13.5:6.4	unreviewed-verse
thanissaro	thig13.5	thig13.5:7.1	unreviewed-verse
thanissaro	thig13.5	thig13.5:7.2	unreviewed-verse
thanissaro	thig13.5	thig13.5:7.3	unreviewed-verse
thanissaro	thig13.5	thig13.5:7.4	unreviewed-verse
thanissaro	thig13.5	thig13.5:8.1	unreviewed-verse
thanissaro	thig13.5	thig13.5:8.2	unreviewed-verse
thanissaro	thig13.5	thig13.5:8.3	unreviewed-verse
thanissaro	thig13.5	thig13.5:8.4	unreviewed-verse
thanissaro	thig13.5	thig13.5:9.1	unreviewed-verse
thanissaro	thig13.5	thig13.5:9.2	unreviewed-verse
thanissaro	thig13.5	thig13.5:9.3	unreviewed-verse
thanissaro	thig13.5	thig13.5:9.4	unreviewed-verse
thanissaro	thig13.5	thig13.5:10.1	unreviewed-verse
thanissaro	thig13.5	thig13.5:10.2	unreviewed-verse
thanissaro	thig13.5	thig13.5:10.3	unreviewed-verse
thanissaro	thig13.5	thig13.5:10.4	unreviewed-verse
thanissaro	thig13.5	thig13.5:11.1	unreviewed-verse
thanissaro	thig13.5	thig13.5:11.2	unreviewed-verse
thanissaro	thig13.5	thig13.5:11.3	unreviewed-verse
thanissaro	thig13.5	thig13.5:11.4	unreviewed-verse
thanissaro	thig13.5	thig13.5:12.1	unreviewed-verse
thanissaro	thig13.5	thig13.5:12.2	unreviewed-verse
thanissaro	thig13.5	thig13.5:12.3	unreviewed-verse
thanissaro	thig13.5	thig13.5:12.4	unreviewed-verse
thanissaro	thig13.5	thig13.5:13.1	unreviewed-verse
thanissaro	thig13.5	thig13.5:13.2	unreviewed-verse
thanissaro	thig13.5	thig13.5:13.3	unreviewed-verse
thanissaro	thig13.5	thig13.5:13.4	unreviewed-verse
thanissaro	thig13.5	thig13.5:14.1	unreviewed-verse
thanissaro	thig13.5	thig13.5:14.2	unreviewed-verse
thanissaro	thig13.5	thig13.5:14.3	unreviewed-verse
thanissaro	thig13.5	thig13.5:14.4	unreviewed-verse
thanissaro	thig13.5	thig13.5:15.1	unreviewed-verse
thanissaro	thig13.5	thig13.5:15.2	unreviewed-verse
thanissaro	thig13.5	thig13.5:15.3	unreviewed-verse
thanissaro	thig13.5	thig13.5:15.4	unreviewed-verse
thanissaro	thig13.5	thig13.5:16.1	unreviewed-verse
thanissaro	thig13.5	thig13.5:16.2	unreviewed-verse
thanissaro	thig13.5	thig13.5:16.3	unreviewed-verse
thanissaro	thig13.5	thig13.5:16.4	unreviewed-verse
thanissaro	thig13.5	thig13.5:17.1	unreviewed-verse
thanissaro	thig13.5	thig13.5:17.2	unreviewed-verse
thanissaro	thig13.5	thig13.5:17.3	unreviewed-verse
thanissaro	thig13.5	thig13.5:17.4	unreviewed-verse
thanissaro	thig13.5	thig13.5:18.1	unreviewed-verse
thanissaro	thig13.5	thig13.5:18.2	unreviewed-verse
thanissaro	thig13.5	thig13.5:18.3	unreviewed-verse
thanissaro	thig13.5	thig13.5:18.4	unreviewed-verse
thanissaro	thig13.5	thig13.5:19.1	unreviewed-verse
thanissaro	thig13.5	thig13.5:19.2	unreviewed-verse
thanissaro	thig13.5	thig13.5:19.3	unreviewed-verse
thanissaro	thig13.5	thig13.5:19.4	unreviewed-verse
thanissaro	thig13.5	thig13.5:20.1	unreviewed-verse
thanissaro	thig13.5	thig13.5:20.2	unreviewed-verse
thanissaro	thig13.5	thig13.5:20.3	unreviewed-verse
thanissaro	thig13.5	thig13.5:20.4	unreviewed-verse,pending-recovered-candidate
thanissaro	thig13.5	thig13.5:21.1	unreviewed-verse
thanissaro	thig13.5	thig13.5:21.2	unreviewed-verse
thanissaro	thig13.5	thig13.5:21.3	unreviewed-verse
thanissaro	thig13.5	thig13.5:21.4	unreviewed-verse
thanissaro	thig13.5	thig13.5:22.1	unreviewed-verse
thanissaro	thig13.5	thig13.5:22.2	unreviewed-verse
thanissaro	thig13.5	thig13.5:22.3	unreviewed-verse
thanissaro	thig13.5	thig13.5:22.4	unreviewed-verse
thanissaro	thig13.5	thig13.5:23.1	unreviewed-verse
thanissaro	thig13.5	thig13.5:23.2	unreviewed-verse
thanissaro	thig13.5	thig13.5:23.3	unreviewed-verse
thanissaro	thig13.5	thig13.5:23.4	unreviewed-verse
thanissaro	thig13.5	thig13.5:24.1	unreviewed-verse
thanissaro	thig13.5	thig13.5:24.2	unreviewed-verse
thanissaro	thig13.5	thig13.5:24.3	unreviewed-verse
thanissaro	thig13.5	thig13.5:24.4	unreviewed-verse
thanissaro	thig13.5	thig13.5:25.1	unreviewed-verse
thanissaro	thig13.5	thig13.5:25.2	unreviewed-verse
thanissaro	thig13.5	thig13.5:25.3	unreviewed-verse
thanissaro	thig13.5	thig13.5:25.4	unreviewed-verse
thanissaro	thig13.5	thig13.5:26.1	unreviewed-verse
thanissaro	thig13.5	thig13.5:26.2	unreviewed-verse
thanissaro	thig13.5	thig13.5:26.3	unreviewed-verse
thanissaro	thig13.5	thig13.5:26.4	unreviewed-verse
thanissaro	thig13.5	thig13.5:27.1	unreviewed-verse
thanissaro	thig13.5	thig13.5:27.2	unreviewed-verse
thanissaro	thig13.5	thig13.5:27.3	unreviewed-verse
thanissaro	thig13.5	thig13.5:27.4	unreviewed-verse
thanissaro	thig13.5	thig13.5:28.1	unreviewed-verse
thanissaro	thig13.5	thig13.5:28.2	unreviewed-verse
thanissaro	thig13.5	thig13.5:28.3	unreviewed-verse
thanissaro	thig13.5	thig13.5:28.4	unreviewed-verse
thanissaro	thig13.5	thig13.5:29.1	unreviewed-verse
thanissaro	thig13.5	thig13.5:29.2	unreviewed-verse
thanissaro	thig13.5	thig13.5:29.3	unreviewed-verse
thanissaro	thig13.5	thig13.5:29.4	unreviewed-verse
thanissaro	thig14.1	thig14.1:1.1	unreviewed-verse
thanissaro	thig14.1	thig14.1:1.2	unreviewed-verse
thanissaro	thig14.1	thig14.1:1.3	unreviewed-verse
thanissaro	thig14.1	thig14.1:1.4	unreviewed-verse
thanissaro	thig14.1	thig14.1:2.1	unreviewed-verse
thanissaro	thig14.1	thig14.1:2.2	unreviewed-verse
thanissaro	thig14.1	thig14.1:2.3	unreviewed-verse
thanissaro	thig14.1	thig14.1:2.4	unreviewed-verse
thanissaro	thig14.1	thig14.1:3.1	unreviewed-verse
thanissaro	thig14.1	thig14.1:3.2	unreviewed-verse
thanissaro	thig14.1	thig14.1:3.3	unreviewed-verse
thanissaro	thig14.1	thig14.1:3.4	unreviewed-verse
thanissaro	thig14.1	thig14.1:4.1	unreviewed-verse
thanissaro	thig14.1	thig14.1:4.2	unreviewed-verse
thanissaro	thig14.1	thig14.1:4.3	unreviewed-verse
thanissaro	thig14.1	thig14.1:4.4	unreviewed-verse
thanissaro	thig14.1	thig14.1:5.1	unreviewed-verse
thanissaro	thig14.1	thig14.1:5.2	unreviewed-verse
thanissaro	thig14.1	thig14.1:5.3	unreviewed-verse
thanissaro	thig14.1	thig14.1:5.4	unreviewed-verse
thanissaro	thig14.1	thig14.1:6.1	unreviewed-verse
thanissaro	thig14.1	thig14.1:6.2	unreviewed-verse
thanissaro	thig14.1	thig14.1:6.3	unreviewed-verse
thanissaro	thig14.1	thig14.1:6.4	unreviewed-verse
thanissaro	thig14.1	thig14.1:7.1	unreviewed-verse
thanissaro	thig14.1	thig14.1:7.2	unreviewed-verse
thanissaro	thig14.1	thig14.1:7.3	unreviewed-verse
thanissaro	thig14.1	thig14.1:7.4	unreviewed-verse
thanissaro	thig14.1	thig14.1:8.1	unreviewed-verse
thanissaro	thig14.1	thig14.1:8.2	unreviewed-verse
thanissaro	thig14.1	thig14.1:8.3	unreviewed-verse
thanissaro	thig14.1	thig14.1:8.4	unreviewed-verse
thanissaro	thig14.1	thig14.1:9.1	unreviewed-verse
thanissaro	thig14.1	thig14.1:9.2	unreviewed-verse
thanissaro	thig14.1	thig14.1:9.3	unreviewed-verse
thanissaro	thig14.1	thig14.1:9.4	unreviewed-verse
thanissaro	thig14.1	thig14.1:10.1	unreviewed-verse
thanissaro	thig14.1	thig14.1:10.2	unreviewed-verse
thanissaro	thig14.1	thig14.1:10.3	unreviewed-verse
thanissaro	thig14.1	thig14.1:10.4	unreviewed-verse
thanissaro	thig14.1	thig14.1:11.1	unreviewed-verse
thanissaro	thig14.1	thig14.1:11.2	unreviewed-verse
thanissaro	thig14.1	thig14.1:11.3	unreviewed-verse
thanissaro	thig14.1	thig14.1:11.4	unreviewed-verse
thanissaro	thig14.1	thig14.1:12.1	unreviewed-verse
thanissaro	thig14.1	thig14.1:12.2	unreviewed-verse
thanissaro	thig14.1	thig14.1:12.3	unreviewed-verse
thanissaro	thig14.1	thig14.1:12.4	unreviewed-verse
thanissaro	thig14.1	thig14.1:13.1	unreviewed-verse
thanissaro	thig14.1	thig14.1:13.2	unreviewed-verse
thanissaro	thig14.1	thig14.1:13.3	unreviewed-verse
thanissaro	thig14.1	thig14.1:13.4	unreviewed-verse
thanissaro	thig14.1	thig14.1:14.1	unreviewed-verse
thanissaro	thig14.1	thig14.1:14.2	unreviewed-verse
thanissaro	thig14.1	thig14.1:14.3	unreviewed-verse
thanissaro	thig14.1	thig14.1:14.4	unreviewed-verse
thanissaro	thig14.1	thig14.1:15.1	unreviewed-verse
thanissaro	thig14.1	thig14.1:15.2	unreviewed-verse
thanissaro	thig14.1	thig14.1:15.3	unreviewed-verse
thanissaro	thig14.1	thig14.1:15.4	unreviewed-verse
thanissaro	thig14.1	thig14.1:16.1	unreviewed-verse
thanissaro	thig14.1	thig14.1:16.2	unreviewed-verse
thanissaro	thig14.1	thig14.1:16.3	unreviewed-verse
thanissaro	thig14.1	thig14.1:16.4	unreviewed-verse
thanissaro	thig14.1	thig14.1:17.1	unreviewed-verse
thanissaro	thig14.1	thig14.1:17.2	unreviewed-verse
thanissaro	thig14.1	thig14.1:17.3	unreviewed-verse
thanissaro	thig14.1	thig14.1:17.4	unreviewed-verse
thanissaro	thig14.1	thig14.1:18.1	unreviewed-verse
thanissaro	thig14.1	thig14.1:18.2	unreviewed-verse
thanissaro	thig14.1	thig14.1:18.3	unreviewed-verse
thanissaro	thig14.1	thig14.1:18.4	unreviewed-verse
thanissaro	thig14.1	thig14.1:19.1	unreviewed-verse
thanissaro	thig14.1	thig14.1:19.2	unreviewed-verse
thanissaro	thig14.1	thig14.1:19.3	unreviewed-verse
thanissaro	thig14.1	thig14.1:19.4	unreviewed-verse
thanissaro	thig14.1	thig14.1:20.1	unreviewed-verse
thanissaro	thig14.1	thig14.1:20.2	unreviewed-verse
thanissaro	thig14.1	thig14.1:20.3	unreviewed-verse
thanissaro	thig14.1	thig14.1:20.4	unreviewed-verse
thanissaro	thig14.1	thig14.1:21.1	unreviewed-verse
thanissaro	thig14.1	thig14.1:21.2	unreviewed-verse
thanissaro	thig14.1	thig14.1:21.3	unreviewed-verse
thanissaro	thig14.1	thig14.1:21.4	unreviewed-verse
thanissaro	thig14.1	thig14.1:22.1	unreviewed-verse
thanissaro	thig14.1	thig14.1:22.2	unreviewed-verse
thanissaro	thig14.1	thig14.1:22.3	unreviewed-verse
thanissaro	thig14.1	thig14.1:22.4	unreviewed-verse
thanissaro	thig14.1	thig14.1:23.1	unreviewed-verse
thanissaro	thig14.1	thig14.1:23.2	unreviewed-verse
thanissaro	thig14.1	thig14.1:23.3	unreviewed-verse
thanissaro	thig14.1	thig14.1:23.4	unreviewed-verse
thanissaro	thig14.1	thig14.1:24.1	unreviewed-verse
thanissaro	thig14.1	thig14.1:24.2	unreviewed-verse
thanissaro	thig14.1	thig14.1:24.3	unreviewed-verse
thanissaro	thig14.1	thig14.1:24.4	unreviewed-verse
thanissaro	thig14.1	thig14.1:25.1	unreviewed-verse
thanissaro	thig14.1	thig14.1:25.2	unreviewed-verse
thanissaro	thig14.1	thig14.1:25.3	unreviewed-verse
thanissaro	thig14.1	thig14.1:25.4	unreviewed-verse
thanissaro	thig14.1	thig14.1:26.1	unreviewed-verse
thanissaro	thig14.1	thig14.1:26.2	unreviewed-verse
thanissaro	thig14.1	thig14.1:26.3	unreviewed-verse
thanissaro	thig14.1	thig14.1:26.4	unreviewed-verse
thanissaro	thig14.1	thig14.1:27.1	unreviewed-verse
thanissaro	thig14.1	thig14.1:27.2	unreviewed-verse
thanissaro	thig14.1	thig14.1:27.3	unreviewed-verse
thanissaro	thig14.1	thig14.1:27.4	unreviewed-verse
thanissaro	thig14.1	thig14.1:28.1	unreviewed-verse
thanissaro	thig14.1	thig14.1:28.2	unreviewed-verse
thanissaro	thig14.1	thig14.1:28.3	unreviewed-verse
thanissaro	thig14.1	thig14.1:28.4	unreviewed-verse
thanissaro	thig14.1	thig14.1:29.1	unreviewed-verse
thanissaro	thig14.1	thig14.1:29.2	unreviewed-verse
thanissaro	thig14.1	thig14.1:29.3	unreviewed-verse
thanissaro	thig14.1	thig14.1:29.4	unreviewed-verse
thanissaro	thig14.1	thig14.1:30.1	unreviewed-verse
thanissaro	thig14.1	thig14.1:30.2	unreviewed-verse
thanissaro	thig14.1	thig14.1:30.3	unreviewed-verse
thanissaro	thig14.1	thig14.1:30.4	unreviewed-verse
thanissaro	thig14.1	thig14.1:31.1	unreviewed-verse
thanissaro	thig14.1	thig14.1:31.2	unreviewed-verse
thanissaro	thig14.1	thig14.1:31.3	unreviewed-verse
thanissaro	thig14.1	thig14.1:31.4	unreviewed-verse
thanissaro	thig14.1	thig14.1:32.1	unreviewed-verse
thanissaro	thig14.1	thig14.1:32.2	unreviewed-verse
thanissaro	thig14.1	thig14.1:32.3	unreviewed-verse
thanissaro	thig14.1	thig14.1:32.4	unreviewed-verse
thanissaro	thig14.1	thig14.1:33.1	unreviewed-verse
thanissaro	thig14.1	thig14.1:33.2	unreviewed-verse
thanissaro	thig14.1	thig14.1:33.3	unreviewed-verse
thanissaro	thig14.1	thig14.1:33.4	unreviewed-verse
thanissaro	thig14.1	thig14.1:34.1	unreviewed-verse
thanissaro	thig14.1	thig14.1:34.2	unreviewed-verse
thanissaro	thig14.1	thig14.1:34.3	unreviewed-verse
thanissaro	thig14.1	thig14.1:34.4	unreviewed-verse
thanissaro	thig2.3	thig2.3:1.1	unreviewed-verse
thanissaro	thig2.3	thig2.3:1.2	unreviewed-verse
thanissaro	thig2.3	thig2.3:1.3	unreviewed-verse
thanissaro	thig2.3	thig2.3:1.4	unreviewed-verse
thanissaro	thig2.3	thig2.3:2.1	unreviewed-verse
thanissaro	thig2.3	thig2.3:2.2	unreviewed-verse
thanissaro	thig2.3	thig2.3:2.3	unreviewed-verse
thanissaro	thig2.3	thig2.3:2.4	unreviewed-verse
thanissaro	thig2.4	thig2.4:1.1	unreviewed-verse
thanissaro	thig2.4	thig2.4:1.2	unreviewed-verse
thanissaro	thig2.4	thig2.4:1.3	unreviewed-verse
thanissaro	thig2.4	thig2.4:1.4	unreviewed-verse
thanissaro	thig2.4	thig2.4:2.1	unreviewed-verse
thanissaro	thig2.4	thig2.4:2.2	unreviewed-verse
thanissaro	thig2.4	thig2.4:2.3	unreviewed-verse
thanissaro	thig2.4	thig2.4:2.4	unreviewed-verse
thanissaro	thig2.4	thig2.4:2.5	unreviewed-verse
thanissaro	thig2.4	thig2.4:2.6	unreviewed-verse
thanissaro	thig3.2	thig3.2:1.1	unreviewed-verse
thanissaro	thig3.2	thig3.2:1.2	unreviewed-verse
thanissaro	thig3.2	thig3.2:1.3	unreviewed-verse
thanissaro	thig3.2	thig3.2:1.4	unreviewed-verse
thanissaro	thig3.2	thig3.2:2.1	unreviewed-verse
thanissaro	thig3.2	thig3.2:2.2	unreviewed-verse
thanissaro	thig3.2	thig3.2:2.3	unreviewed-verse
thanissaro	thig3.2	thig3.2:2.4	unreviewed-verse
thanissaro	thig3.2	thig3.2:3.1	unreviewed-verse
thanissaro	thig3.2	thig3.2:3.2	unreviewed-verse
thanissaro	thig3.2	thig3.2:3.3	unreviewed-verse
thanissaro	thig3.2	thig3.2:3.4	unreviewed-verse
thanissaro	thig3.2	thig3.2:3.5	unreviewed-verse
thanissaro	thig3.2	thig3.2:3.6	unreviewed-verse
thanissaro	thig3.4	thig3.4:1.1	unreviewed-verse
thanissaro	thig3.4	thig3.4:1.2	unreviewed-verse
thanissaro	thig3.4	thig3.4:1.3	unreviewed-verse
thanissaro	thig3.4	thig3.4:1.4	unreviewed-verse
thanissaro	thig3.4	thig3.4:2.1	unreviewed-verse
thanissaro	thig3.4	thig3.4:2.2	unreviewed-verse
thanissaro	thig3.4	thig3.4:2.3	unreviewed-verse
thanissaro	thig3.4	thig3.4:2.4	unreviewed-verse
thanissaro	thig3.4	thig3.4:3.1	unreviewed-verse
thanissaro	thig3.4	thig3.4:3.2	unreviewed-verse
thanissaro	thig3.4	thig3.4:3.3	unreviewed-verse
thanissaro	thig3.4	thig3.4:3.4	unreviewed-verse
thanissaro	thig3.5	thig3.5:1.1	unreviewed-verse
thanissaro	thig3.5	thig3.5:1.2	unreviewed-verse
thanissaro	thig3.5	thig3.5:1.3	unreviewed-verse
thanissaro	thig3.5	thig3.5:1.4	unreviewed-verse
thanissaro	thig3.5	thig3.5:1.5	unreviewed-verse
thanissaro	thig3.5	thig3.5:1.6	unreviewed-verse
thanissaro	thig3.5	thig3.5:2.1	unreviewed-verse
thanissaro	thig3.5	thig3.5:2.2	unreviewed-verse
thanissaro	thig3.5	thig3.5:2.3	unreviewed-verse
thanissaro	thig3.5	thig3.5:2.4	unreviewed-verse
thanissaro	thig3.5	thig3.5:3.1	unreviewed-verse
thanissaro	thig3.5	thig3.5:3.2	unreviewed-verse
thanissaro	thig3.5	thig3.5:3.3	unreviewed-verse
thanissaro	thig3.5	thig3.5:3.4	unreviewed-verse
thanissaro	thig5.10	thig5.10:1.1	unreviewed-verse
thanissaro	thig5.10	thig5.10:1.2	unreviewed-verse
thanissaro	thig5.10	thig5.10:1.3	unreviewed-verse
thanissaro	thig5.10	thig5.10:1.4	unreviewed-verse
thanissaro	thig5.10	thig5.10:2.1	unreviewed-verse
thanissaro	thig5.10	thig5.10:2.2	unreviewed-verse
thanissaro	thig5.10	thig5.10:2.3	unreviewed-verse
thanissaro	thig5.10	thig5.10:2.4	unreviewed-verse
thanissaro	thig5.10	thig5.10:3.1	unreviewed-verse
thanissaro	thig5.10	thig5.10:3.2	unreviewed-verse
thanissaro	thig5.10	thig5.10:3.3	unreviewed-verse
thanissaro	thig5.10	thig5.10:3.4	unreviewed-verse
thanissaro	thig5.10	thig5.10:4.1	unreviewed-verse
thanissaro	thig5.10	thig5.10:4.2	unreviewed-verse
thanissaro	thig5.10	thig5.10:4.3	unreviewed-verse
thanissaro	thig5.10	thig5.10:4.4	unreviewed-verse
thanissaro	thig5.10	thig5.10:4.5	unreviewed-verse
thanissaro	thig5.10	thig5.10:4.6	unreviewed-verse
thanissaro	thig5.10	thig5.10:5.1	unreviewed-verse
thanissaro	thig5.10	thig5.10:5.2	unreviewed-verse
thanissaro	thig5.10	thig5.10:5.3	unreviewed-verse
thanissaro	thig5.10	thig5.10:5.4	unreviewed-verse
thanissaro	thig5.11	thig5.11:1.1	unreviewed-verse
thanissaro	thig5.11	thig5.11:1.2	unreviewed-verse
thanissaro	thig5.11	thig5.11:1.3	unreviewed-verse
thanissaro	thig5.11	thig5.11:1.4	unreviewed-verse
thanissaro	thig5.11	thig5.11:2.1	unreviewed-verse
thanissaro	thig5.11	thig5.11:2.2	unreviewed-verse
thanissaro	thig5.11	thig5.11:3.1	unreviewed-verse
thanissaro	thig5.11	thig5.11:3.2	unreviewed-verse
thanissaro	thig5.11	thig5.11:3.3	unreviewed-verse
thanissaro	thig5.11	thig5.11:3.4	unreviewed-verse
thanissaro	thig5.11	thig5.11:3.5	unreviewed-verse
thanissaro	thig5.11	thig5.11:3.6	unreviewed-verse
thanissaro	thig5.11	thig5.11:4.1	unreviewed-verse
thanissaro	thig5.11	thig5.11:4.2	unreviewed-verse
thanissaro	thig5.11	thig5.11:4.3	unreviewed-verse
thanissaro	thig5.11	thig5.11:4.4	unreviewed-verse
thanissaro	thig5.11	thig5.11:4.5	unreviewed-verse
thanissaro	thig5.11	thig5.11:4.6	unreviewed-verse
thanissaro	thig5.11	thig5.11:5.1	unreviewed-verse
thanissaro	thig5.11	thig5.11:5.2	unreviewed-verse
thanissaro	thig5.11	thig5.11:5.3	unreviewed-verse
thanissaro	thig5.11	thig5.11:5.4	unreviewed-verse
thanissaro	thig5.11	thig5.11:5.5	unreviewed-verse
thanissaro	thig5.11	thig5.11:5.6	unreviewed-verse
thanissaro	thig5.12	thig5.12:1.1	unreviewed-verse
thanissaro	thig5.12	thig5.12:1.2	unreviewed-verse
thanissaro	thig5.12	thig5.12:1.3	unreviewed-verse
thanissaro	thig5.12	thig5.12:1.4	unreviewed-verse
thanissaro	thig5.12	thig5.12:2.1	unreviewed-verse
thanissaro	thig5.12	thig5.12:2.2	unreviewed-verse
thanissaro	thig5.12	thig5.12:2.3	unreviewed-verse
thanissaro	thig5.12	thig5.12:2.4	unreviewed-verse
thanissaro	thig5.12	thig5.12:3.1	unreviewed-verse
thanissaro	thig5.12	thig5.12:3.2	unreviewed-verse
thanissaro	thig5.12	thig5.12:3.3	unreviewed-verse
thanissaro	thig5.12	thig5.12:3.4	unreviewed-verse
thanissaro	thig5.12	thig5.12:4.1	unreviewed-verse
thanissaro	thig5.12	thig5.12:4.2	unreviewed-verse
thanissaro	thig5.12	thig5.12:4.3	unreviewed-verse
thanissaro	thig5.12	thig5.12:4.4	unreviewed-verse
thanissaro	thig5.12	thig5.12:5.1	unreviewed-verse
thanissaro	thig5.12	thig5.12:5.2	unreviewed-verse
thanissaro	thig5.12	thig5.12:5.3	unreviewed-verse
thanissaro	thig5.12	thig5.12:5.4	unreviewed-verse
thanissaro	thig5.2	thig5.2:1.1	unreviewed-verse
thanissaro	thig5.2	thig5.2:1.2	unreviewed-verse,pending-recovered-candidate
thanissaro	thig5.2	thig5.2:1.3	unreviewed-verse
thanissaro	thig5.2	thig5.2:1.4	unreviewed-verse
thanissaro	thig5.2	thig5.2:2.1	unreviewed-verse
thanissaro	thig5.2	thig5.2:2.2	unreviewed-verse
thanissaro	thig5.2	thig5.2:2.3	unreviewed-verse
thanissaro	thig5.2	thig5.2:2.4	unreviewed-verse
thanissaro	thig5.2	thig5.2:3.1	unreviewed-verse
thanissaro	thig5.2	thig5.2:3.2	unreviewed-verse
thanissaro	thig5.2	thig5.2:3.3	unreviewed-verse
thanissaro	thig5.2	thig5.2:3.4	unreviewed-verse
thanissaro	thig5.2	thig5.2:4.1	unreviewed-verse
thanissaro	thig5.2	thig5.2:4.2	unreviewed-verse
thanissaro	thig5.2	thig5.2:4.3	unreviewed-verse
thanissaro	thig5.2	thig5.2:4.4	unreviewed-verse
thanissaro	thig5.2	thig5.2:5.1	unreviewed-verse
thanissaro	thig5.2	thig5.2:5.2	unreviewed-verse
thanissaro	thig5.2	thig5.2:5.3	unreviewed-verse
thanissaro	thig5.2	thig5.2:5.4	unreviewed-verse
thanissaro	thig5.6	thig5.6:1.1	unreviewed-verse
thanissaro	thig5.6	thig5.6:1.2	unreviewed-verse
thanissaro	thig5.6	thig5.6:1.3	unreviewed-verse
thanissaro	thig5.6	thig5.6:1.4	unreviewed-verse
thanissaro	thig5.6	thig5.6:2.1	unreviewed-verse
thanissaro	thig5.6	thig5.6:2.2	unreviewed-verse
thanissaro	thig5.6	thig5.6:2.3	unreviewed-verse
thanissaro	thig5.6	thig5.6:2.4	unreviewed-verse
thanissaro	thig5.6	thig5.6:3.1	unreviewed-verse
thanissaro	thig5.6	thig5.6:3.2	unreviewed-verse
thanissaro	thig5.6	thig5.6:3.3	unreviewed-verse
thanissaro	thig5.6	thig5.6:3.4	unreviewed-verse
thanissaro	thig5.6	thig5.6:4.1	unreviewed-verse
thanissaro	thig5.6	thig5.6:4.2	unreviewed-verse
thanissaro	thig5.6	thig5.6:4.3	unreviewed-verse
thanissaro	thig5.6	thig5.6:4.4	unreviewed-verse
thanissaro	thig5.6	thig5.6:5.1	unreviewed-verse
thanissaro	thig5.6	thig5.6:5.2	unreviewed-verse
thanissaro	thig5.6	thig5.6:5.3	unreviewed-verse
thanissaro	thig5.6	thig5.6:5.4	unreviewed-verse
thanissaro	thig5.8	thig5.8:1.1	unreviewed-verse
thanissaro	thig5.8	thig5.8:1.2	unreviewed-verse
thanissaro	thig5.8	thig5.8:1.3	unreviewed-verse
thanissaro	thig5.8	thig5.8:1.4	unreviewed-verse
thanissaro	thig5.8	thig5.8:2.1	unreviewed-verse
thanissaro	thig5.8	thig5.8:2.2	unreviewed-verse
thanissaro	thig5.8	thig5.8:2.3	unreviewed-verse
thanissaro	thig5.8	thig5.8:2.4	unreviewed-verse
thanissaro	thig5.8	thig5.8:3.1	unreviewed-verse
thanissaro	thig5.8	thig5.8:3.2	unreviewed-verse
thanissaro	thig5.8	thig5.8:3.3	unreviewed-verse
thanissaro	thig5.8	thig5.8:3.4	unreviewed-verse
thanissaro	thig5.8	thig5.8:4.1	unreviewed-verse
thanissaro	thig5.8	thig5.8:4.2	unreviewed-verse
thanissaro	thig5.8	thig5.8:4.3	unreviewed-verse
thanissaro	thig5.8	thig5.8:4.4	unreviewed-verse
thanissaro	thig5.8	thig5.8:5.1	unreviewed-verse
thanissaro	thig5.8	thig5.8:5.2	unreviewed-verse
thanissaro	thig5.8	thig5.8:5.3	unreviewed-verse
thanissaro	thig5.8	thig5.8:5.4	unreviewed-verse
thanissaro	thig6.1	thig6.1:1.1	unreviewed-verse
thanissaro	thig6.1	thig6.1:1.2	unreviewed-verse
thanissaro	thig6.1	thig6.1:1.3	unreviewed-verse
thanissaro	thig6.1	thig6.1:1.4	unreviewed-verse
thanissaro	thig6.1	thig6.1:2.1	unreviewed-verse
thanissaro	thig6.1	thig6.1:2.2	unreviewed-verse
thanissaro	thig6.1	thig6.1:2.3	unreviewed-verse
thanissaro	thig6.1	thig6.1:2.4	unreviewed-verse
thanissaro	thig6.1	thig6.1:3.1	unreviewed-verse
thanissaro	thig6.1	thig6.1:3.2	unreviewed-verse
thanissaro	thig6.1	thig6.1:3.3	unreviewed-verse
thanissaro	thig6.1	thig6.1:3.4	unreviewed-verse
thanissaro	thig6.1	thig6.1:3.5	unreviewed-verse
thanissaro	thig6.1	thig6.1:3.6	unreviewed-verse
thanissaro	thig6.1	thig6.1:4.1	unreviewed-verse
thanissaro	thig6.1	thig6.1:4.2	unreviewed-verse
thanissaro	thig6.1	thig6.1:4.3	unreviewed-verse
thanissaro	thig6.1	thig6.1:4.4	unreviewed-verse
thanissaro	thig6.1	thig6.1:5.1	unreviewed-verse
thanissaro	thig6.1	thig6.1:5.2	unreviewed-verse
thanissaro	thig6.1	thig6.1:5.3	unreviewed-verse
thanissaro	thig6.1	thig6.1:5.4	unreviewed-verse
thanissaro	thig6.1	thig6.1:6.1	unreviewed-verse
thanissaro	thig6.1	thig6.1:6.2	unreviewed-verse
thanissaro	thig6.1	thig6.1:6.3	unreviewed-verse
thanissaro	thig6.1	thig6.1:6.4	unreviewed-verse
thanissaro	thig6.2	thig6.2:1.1	unreviewed-verse
thanissaro	thig6.2	thig6.2:1.2	unreviewed-verse
thanissaro	thig6.2	thig6.2:1.3	unreviewed-verse
thanissaro	thig6.2	thig6.2:1.4	unreviewed-verse
thanissaro	thig6.2	thig6.2:2.1	unreviewed-verse
thanissaro	thig6.2	thig6.2:2.2	unreviewed-verse
thanissaro	thig6.2	thig6.2:2.3	unreviewed-verse
thanissaro	thig6.2	thig6.2:2.4	unreviewed-verse
thanissaro	thig6.2	thig6.2:3.1	unreviewed-verse
thanissaro	thig6.2	thig6.2:3.2	unreviewed-verse
thanissaro	thig6.2	thig6.2:3.3	unreviewed-verse
thanissaro	thig6.2	thig6.2:3.4	unreviewed-verse
thanissaro	thig6.2	thig6.2:4.1	unreviewed-verse
thanissaro	thig6.2	thig6.2:4.2	unreviewed-verse
thanissaro	thig6.2	thig6.2:4.3	unreviewed-verse
thanissaro	thig6.2	thig6.2:4.4	unreviewed-verse
thanissaro	thig6.2	thig6.2:5.1	unreviewed-verse
thanissaro	thig6.2	thig6.2:5.2	unreviewed-verse
thanissaro	thig6.2	thig6.2:5.3	unreviewed-verse
thanissaro	thig6.2	thig6.2:5.4	unreviewed-verse
thanissaro	thig6.2	thig6.2:6.1	unreviewed-verse
thanissaro	thig6.2	thig6.2:6.2	unreviewed-verse
thanissaro	thig6.2	thig6.2:6.3	unreviewed-verse
thanissaro	thig6.2	thig6.2:6.4	unreviewed-verse
thanissaro	thig6.3	thig6.3:1.1	unreviewed-verse
thanissaro	thig6.3	thig6.3:1.2	unreviewed-verse
thanissaro	thig6.3	thig6.3:1.3	unreviewed-verse
thanissaro	thig6.3	thig6.3:1.4	unreviewed-verse
thanissaro	thig6.3	thig6.3:2.1	unreviewed-verse
thanissaro	thig6.3	thig6.3:2.2	unreviewed-verse
thanissaro	thig6.3	thig6.3:2.3	unreviewed-verse
thanissaro	thig6.3	thig6.3:2.4	unreviewed-verse
thanissaro	thig6.3	thig6.3:3.1	unreviewed-verse
thanissaro	thig6.3	thig6.3:3.2	unreviewed-verse
thanissaro	thig6.3	thig6.3:3.3	unreviewed-verse
thanissaro	thig6.3	thig6.3:3.4	unreviewed-verse
thanissaro	thig6.3	thig6.3:4.1	unreviewed-verse
thanissaro	thig6.3	thig6.3:4.2	unreviewed-verse
thanissaro	thig6.3	thig6.3:4.3	unreviewed-verse
thanissaro	thig6.3	thig6.3:4.4	unreviewed-verse
thanissaro	thig6.3	thig6.3:5.1	unreviewed-verse
thanissaro	thig6.3	thig6.3:5.2	unreviewed-verse
thanissaro	thig6.3	thig6.3:5.3	unreviewed-verse
thanissaro	thig6.3	thig6.3:5.4	unreviewed-verse
thanissaro	thig6.3	thig6.3:6.1	unreviewed-verse
thanissaro	thig6.3	thig6.3:6.2	unreviewed-verse
thanissaro	thig6.3	thig6.3:6.3	unreviewed-verse
thanissaro	thig6.3	thig6.3:6.4	unreviewed-verse
thanissaro	thig6.4	thig6.4:1.1	unreviewed-verse
thanissaro	thig6.4	thig6.4:1.2	unreviewed-verse
thanissaro	thig6.4	thig6.4:1.3	unreviewed-verse
thanissaro	thig6.4	thig6.4:1.4	unreviewed-verse
thanissaro	thig6.4	thig6.4:2.1	unreviewed-verse
thanissaro	thig6.4	thig6.4:2.2	unreviewed-verse
thanissaro	thig6.4	thig6.4:2.3	unreviewed-verse
thanissaro	thig6.4	thig6.4:2.4	unreviewed-verse
thanissaro	thig6.4	thig6.4:3.1	unreviewed-verse
thanissaro	thig6.4	thig6.4:3.2	unreviewed-verse
thanissaro	thig6.4	thig6.4:3.3	unreviewed-verse
thanissaro	thig6.4	thig6.4:3.4	unreviewed-verse
thanissaro	thig6.4	thig6.4:4.1	unreviewed-verse
thanissaro	thig6.4	thig6.4:4.2	unreviewed-verse
thanissaro	thig6.4	thig6.4:4.3	unreviewed-verse
thanissaro	thig6.4	thig6.4:4.4	unreviewed-verse
thanissaro	thig6.4	thig6.4:5.1	unreviewed-verse
thanissaro	thig6.4	thig6.4:5.2	unreviewed-verse
thanissaro	thig6.4	thig6.4:5.3	unreviewed-verse
thanissaro	thig6.4	thig6.4:5.4	unreviewed-verse
thanissaro	thig6.4	thig6.4:6.1	unreviewed-verse
thanissaro	thig6.4	thig6.4:6.2	unreviewed-verse
thanissaro	thig6.4	thig6.4:6.3	unreviewed-verse
thanissaro	thig6.4	thig6.4:6.4	unreviewed-verse
thanissaro	thig6.5	thig6.5:1.1	unreviewed-verse
thanissaro	thig6.5	thig6.5:1.2	unreviewed-verse
thanissaro	thig6.5	thig6.5:1.3	unreviewed-verse
thanissaro	thig6.5	thig6.5:1.4	unreviewed-verse
thanissaro	thig6.5	thig6.5:2.1	unreviewed-verse
thanissaro	thig6.5	thig6.5:2.2	unreviewed-verse
thanissaro	thig6.5	thig6.5:2.3	unreviewed-verse
thanissaro	thig6.5	thig6.5:2.4	unreviewed-verse
thanissaro	thig6.5	thig6.5:3.1	unreviewed-verse
thanissaro	thig6.5	thig6.5:3.2	unreviewed-verse
thanissaro	thig6.5	thig6.5:3.3	unreviewed-verse
thanissaro	thig6.5	thig6.5:3.4	unreviewed-verse
thanissaro	thig6.5	thig6.5:4.1	unreviewed-verse
thanissaro	thig6.5	thig6.5:4.2	unreviewed-verse
thanissaro	thig6.5	thig6.5:4.3	unreviewed-verse
thanissaro	thig6.5	thig6.5:4.4	unreviewed-verse
thanissaro	thig6.5	thig6.5:5.1	unreviewed-verse
thanissaro	thig6.5	thig6.5:5.2	unreviewed-verse
thanissaro	thig6.5	thig6.5:5.3	unreviewed-verse
thanissaro	thig6.5	thig6.5:5.4	unreviewed-verse
thanissaro	thig6.5	thig6.5:6.1	unreviewed-verse
thanissaro	thig6.5	thig6.5:6.2	unreviewed-verse
thanissaro	thig6.5	thig6.5:6.3	unreviewed-verse
thanissaro	thig6.5	thig6.5:6.4	unreviewed-verse
thanissaro	thig6.6	thig6.6:1.1	unreviewed-verse
thanissaro	thig6.6	thig6.6:1.2	unreviewed-verse
thanissaro	thig6.6	thig6.6:1.3	unreviewed-verse
thanissaro	thig6.6	thig6.6:1.4	unreviewed-verse
thanissaro	thig6.6	thig6.6:2.1	unreviewed-verse
thanissaro	thig6.6	thig6.6:2.2	unreviewed-verse
thanissaro	thig6.6	thig6.6:2.3	unreviewed-verse
thanissaro	thig6.6	thig6.6:2.4	unreviewed-verse
thanissaro	thig6.6	thig6.6:3.1	unreviewed-verse
thanissaro	thig6.6	thig6.6:3.2	unreviewed-verse
thanissaro	thig6.6	thig6.6:3.3	unreviewed-verse
thanissaro	thig6.6	thig6.6:3.4	unreviewed-verse
thanissaro	thig6.6	thig6.6:4.1	unreviewed-verse
thanissaro	thig6.6	thig6.6:4.2	unreviewed-verse
thanissaro	thig6.6	thig6.6:4.3	unreviewed-verse
thanissaro	thig6.6	thig6.6:4.4	unreviewed-verse
thanissaro	thig6.6	thig6.6:5.1	unreviewed-verse
thanissaro	thig6.6	thig6.6:5.2	unreviewed-verse
thanissaro	thig6.6	thig6.6:5.3	unreviewed-verse
thanissaro	thig6.6	thig6.6:5.4	unreviewed-verse
thanissaro	thig6.6	thig6.6:6.1	unreviewed-verse
thanissaro	thig6.6	thig6.6:6.2	unreviewed-verse
thanissaro	thig6.6	thig6.6:6.3	unreviewed-verse
thanissaro	thig6.6	thig6.6:6.4	unreviewed-verse
thanissaro	thig6.7	thig6.7:1.1	unreviewed-verse
thanissaro	thig6.7	thig6.7:1.2	unreviewed-verse
thanissaro	thig6.7	thig6.7:1.3	unreviewed-verse
thanissaro	thig6.7	thig6.7:1.4	unreviewed-verse
thanissaro	thig6.7	thig6.7:2.1	unreviewed-verse
thanissaro	thig6.7	thig6.7:2.2	unreviewed-verse
thanissaro	thig6.7	thig6.7:2.3	unreviewed-verse
thanissaro	thig6.7	thig6.7:2.4	unreviewed-verse
thanissaro	thig6.7	thig6.7:3.1	unreviewed-verse
thanissaro	thig6.7	thig6.7:3.2	unreviewed-verse
thanissaro	thig6.7	thig6.7:3.3	unreviewed-verse
thanissaro	thig6.7	thig6.7:3.4	unreviewed-verse
thanissaro	thig6.7	thig6.7:4.1	unreviewed-verse
thanissaro	thig6.7	thig6.7:4.2	unreviewed-verse
thanissaro	thig6.7	thig6.7:4.3	unreviewed-verse
thanissaro	thig6.7	thig6.7:4.4	unreviewed-verse
thanissaro	thig6.7	thig6.7:5.1	unreviewed-verse
thanissaro	thig6.7	thig6.7:5.2	unreviewed-verse
thanissaro	thig6.7	thig6.7:5.3	unreviewed-verse
thanissaro	thig6.7	thig6.7:5.4	unreviewed-verse
thanissaro	thig6.7	thig6.7:6.1	unreviewed-verse
thanissaro	thig6.7	thig6.7:6.2	unreviewed-verse
thanissaro	thig6.7	thig6.7:6.3	unreviewed-verse
thanissaro	thig6.7	thig6.7:6.4	unreviewed-verse
thanissaro	thig6.8	thig6.8:6.1	unreviewed-verse
thanissaro	thig7.2	thig7.2:1.1	unreviewed-verse
thanissaro	thig7.2	thig7.2:1.2	unreviewed-verse
thanissaro	thig7.2	thig7.2:1.3	unreviewed-verse
thanissaro	thig7.2	thig7.2:1.4	unreviewed-verse
thanissaro	thig7.2	thig7.2:2.1	unreviewed-verse
thanissaro	thig7.2	thig7.2:2.2	unreviewed-verse
thanissaro	thig7.2	thig7.2:2.3	unreviewed-verse
thanissaro	thig7.2	thig7.2:2.4	unreviewed-verse
thanissaro	thig7.2	thig7.2:3.1	unreviewed-verse
thanissaro	thig7.2	thig7.2:3.2	unreviewed-verse
thanissaro	thig7.2	thig7.2:3.3	unreviewed-verse
thanissaro	thig7.2	thig7.2:3.4	unreviewed-verse
thanissaro	thig7.2	thig7.2:4.1	unreviewed-verse
thanissaro	thig7.2	thig7.2:4.2	unreviewed-verse
thanissaro	thig7.2	thig7.2:4.3	unreviewed-verse
thanissaro	thig7.2	thig7.2:4.4	unreviewed-verse
thanissaro	thig7.2	thig7.2:5.1	unreviewed-verse
thanissaro	thig7.2	thig7.2:5.2	unreviewed-verse
thanissaro	thig7.2	thig7.2:5.3	unreviewed-verse
thanissaro	thig7.2	thig7.2:5.4	unreviewed-verse
thanissaro	thig7.2	thig7.2:6.1	unreviewed-verse
thanissaro	thig7.2	thig7.2:6.2	unreviewed-verse
thanissaro	thig7.2	thig7.2:6.3	unreviewed-verse
thanissaro	thig7.2	thig7.2:6.4	unreviewed-verse
thanissaro	thig7.2	thig7.2:7.1	unreviewed-verse
thanissaro	thig7.2	thig7.2:7.2	unreviewed-verse
thanissaro	thig7.2	thig7.2:7.3	unreviewed-verse
thanissaro	thig7.2	thig7.2:7.4	unreviewed-verse
thanissaro	thig7.3	thig7.3:1.1	unreviewed-verse
thanissaro	thig7.3	thig7.3:1.2	unreviewed-verse
thanissaro	thig7.3	thig7.3:1.3	unreviewed-verse
thanissaro	thig7.3	thig7.3:1.4	unreviewed-verse
thanissaro	thig7.3	thig7.3:2.1	unreviewed-verse
thanissaro	thig7.3	thig7.3:2.2	unreviewed-verse
thanissaro	thig7.3	thig7.3:2.3	unreviewed-verse
thanissaro	thig7.3	thig7.3:2.4	unreviewed-verse
thanissaro	thig7.3	thig7.3:3.1	unreviewed-verse
thanissaro	thig7.3	thig7.3:3.2	unreviewed-verse
thanissaro	thig7.3	thig7.3:3.3	unreviewed-verse
thanissaro	thig7.3	thig7.3:3.4	unreviewed-verse
thanissaro	thig7.3	thig7.3:4.1	unreviewed-verse
thanissaro	thig7.3	thig7.3:4.2	unreviewed-verse
thanissaro	thig7.3	thig7.3:4.3	unreviewed-verse
thanissaro	thig7.3	thig7.3:4.4	unreviewed-verse
thanissaro	thig7.3	thig7.3:5.1	unreviewed-verse
thanissaro	thig7.3	thig7.3:5.2	unreviewed-verse
thanissaro	thig7.3	thig7.3:5.3	unreviewed-verse
thanissaro	thig7.3	thig7.3:5.4	unreviewed-verse
thanissaro	thig7.3	thig7.3:6.1	unreviewed-verse
thanissaro	thig7.3	thig7.3:6.2	unreviewed-verse
thanissaro	thig7.3	thig7.3:6.3	unreviewed-verse
thanissaro	thig7.3	thig7.3:6.4	unreviewed-verse
thanissaro	thig7.3	thig7.3:7.1	unreviewed-verse
thanissaro	thig7.3	thig7.3:7.2	unreviewed-verse
thanissaro	thig7.3	thig7.3:7.3	unreviewed-verse
thanissaro	thig7.3	thig7.3:7.4	unreviewed-verse
thanissaro	thig8.1	thig8.1:1.1	unreviewed-verse
thanissaro	thig8.1	thig8.1:1.2	unreviewed-verse
thanissaro	thig8.1	thig8.1:1.3	unreviewed-verse
thanissaro	thig8.1	thig8.1:1.4	unreviewed-verse
thanissaro	thig8.1	thig8.1:2.1	unreviewed-verse
thanissaro	thig8.1	thig8.1:2.2	unreviewed-verse
thanissaro	thig8.1	thig8.1:2.3	unreviewed-verse
thanissaro	thig8.1	thig8.1:2.4	unreviewed-verse
thanissaro	thig8.1	thig8.1:2.5	unreviewed-verse
thanissaro	thig8.1	thig8.1:2.6	unreviewed-verse
thanissaro	thig8.1	thig8.1:3.1	unreviewed-verse
thanissaro	thig8.1	thig8.1:3.2	unreviewed-verse
thanissaro	thig8.1	thig8.1:3.3	unreviewed-verse
thanissaro	thig8.1	thig8.1:3.4	unreviewed-verse
thanissaro	thig8.1	thig8.1:4.1	unreviewed-verse
thanissaro	thig8.1	thig8.1:4.2	unreviewed-verse
thanissaro	thig8.1	thig8.1:4.3	unreviewed-verse
thanissaro	thig8.1	thig8.1:4.4	unreviewed-verse
thanissaro	thig8.1	thig8.1:5.1	unreviewed-verse
thanissaro	thig8.1	thig8.1:5.2	unreviewed-verse
thanissaro	thig8.1	thig8.1:5.3	unreviewed-verse
thanissaro	thig8.1	thig8.1:5.4	unreviewed-verse
thanissaro	thig8.1	thig8.1:6.1	unreviewed-verse
thanissaro	thig8.1	thig8.1:6.2	unreviewed-verse
thanissaro	thig8.1	thig8.1:6.3	unreviewed-verse
thanissaro	thig8.1	thig8.1:6.4	unreviewed-verse
thanissaro	thig8.1	thig8.1:7.1	unreviewed-verse
thanissaro	thig8.1	thig8.1:7.2	unreviewed-verse
thanissaro	thig8.1	thig8.1:7.3	unreviewed-verse
thanissaro	thig8.1	thig8.1:7.4	unreviewed-verse
thanissaro	thig8.1	thig8.1:8.1	unreviewed-verse
thanissaro	thig8.1	thig8.1:8.2	unreviewed-verse
thanissaro	thig8.1	thig8.1:8.3	unreviewed-verse
thanissaro	thig8.1	thig8.1:8.4	unreviewed-verse
thanissaro	thig9.1	thig9.1:1.1	unreviewed-verse
thanissaro	thig9.1	thig9.1:1.2	unreviewed-verse
thanissaro	thig9.1	thig9.1:1.3	unreviewed-verse
thanissaro	thig9.1	thig9.1:1.4	unreviewed-verse
thanissaro	thig9.1	thig9.1:2.1	unreviewed-verse
thanissaro	thig9.1	thig9.1:2.2	unreviewed-verse
thanissaro	thig9.1	thig9.1:2.3	unreviewed-verse
thanissaro	thig9.1	thig9.1:2.4	unreviewed-verse
thanissaro	thig9.1	thig9.1:3.1	unreviewed-verse
thanissaro	thig9.1	thig9.1:3.2	unreviewed-verse
thanissaro	thig9.1	thig9.1:3.3	unreviewed-verse
thanissaro	thig9.1	thig9.1:3.4	unreviewed-verse
thanissaro	thig9.1	thig9.1:4.1	unreviewed-verse
thanissaro	thig9.1	thig9.1:4.2	unreviewed-verse
thanissaro	thig9.1	thig9.1:4.3	unreviewed-verse
thanissaro	thig9.1	thig9.1:4.4	unreviewed-verse
thanissaro	thig9.1	thig9.1:5.1	unreviewed-verse
thanissaro	thig9.1	thig9.1:5.2	unreviewed-verse
thanissaro	thig9.1	thig9.1:5.3	unreviewed-verse
thanissaro	thig9.1	thig9.1:5.4	unreviewed-verse
thanissaro	thig9.1	thig9.1:6.1	unreviewed-verse
thanissaro	thig9.1	thig9.1:6.2	unreviewed-verse
thanissaro	thig9.1	thig9.1:6.3	unreviewed-verse
thanissaro	thig9.1	thig9.1:6.4	unreviewed-verse
thanissaro	thig9.1	thig9.1:7.1	unreviewed-verse
thanissaro	thig9.1	thig9.1:7.2	unreviewed-verse
thanissaro	thig9.1	thig9.1:7.3	unreviewed-verse
thanissaro	thig9.1	thig9.1:7.4	unreviewed-verse
thanissaro	thig9.1	thig9.1:8.1	unreviewed-verse
thanissaro	thig9.1	thig9.1:8.2	unreviewed-verse
thanissaro	thig9.1	thig9.1:8.3	unreviewed-verse
thanissaro	thig9.1	thig9.1:8.4	unreviewed-verse
thanissaro	thig9.1	thig9.1:9.1	unreviewed-verse
thanissaro	thig9.1	thig9.1:9.2	unreviewed-verse
thanissaro	thig9.1	thig9.1:9.3	unreviewed-verse
thanissaro	thig9.1	thig9.1:9.4	unreviewed-verse
thanissaro	ud1.10	ud1.10:14.1	unreviewed-verse
thanissaro	ud1.10	ud1.10:14.2	unreviewed-verse
thanissaro	ud1.10	ud1.10:14.3	unreviewed-verse
thanissaro	ud1.10	ud1.10:14.4	unreviewed-verse
thanissaro	ud1.10	ud1.10:14.5	unreviewed-verse
thanissaro	ud1.10	ud1.10:14.6	unreviewed-verse
thanissaro	ud1.10	ud1.10:15.1	unreviewed-verse
thanissaro	ud1.10	ud1.10:15.2	unreviewed-verse
thanissaro	ud1.10	ud1.10:15.3	unreviewed-verse
thanissaro	ud1.10	ud1.10:15.4	unreviewed-verse
thanissaro	ud1.1	ud1.1:4.1	unreviewed-verse
thanissaro	ud1.1	ud1.1:4.2	unreviewed-verse
thanissaro	ud1.1	ud1.1:4.3	unreviewed-verse
thanissaro	ud1.1	ud1.1:4.4	unreviewed-verse
thanissaro	ud1.2	ud1.2:4.1	unreviewed-verse
thanissaro	ud1.2	ud1.2:4.2	unreviewed-verse
thanissaro	ud1.2	ud1.2:4.3	unreviewed-verse
thanissaro	ud1.2	ud1.2:4.4	unreviewed-verse
thanissaro	ud1.3	ud1.3:5.1	unreviewed-verse
thanissaro	ud1.3	ud1.3:5.2	unreviewed-verse
thanissaro	ud1.3	ud1.3:5.3	unreviewed-verse
thanissaro	ud1.3	ud1.3:5.4	unreviewed-verse
thanissaro	ud1.4	ud1.4:4.1	unreviewed-verse
thanissaro	ud1.4	ud1.4:4.2	unreviewed-verse
thanissaro	ud1.4	ud1.4:4.3	unreviewed-verse
thanissaro	ud1.4	ud1.4:4.4	unreviewed-verse
thanissaro	ud1.4	ud1.4:4.5	unreviewed-verse
thanissaro	ud1.5	ud1.5:4.1	unreviewed-verse
thanissaro	ud1.5	ud1.5:4.2	unreviewed-verse
thanissaro	ud1.5	ud1.5:4.3	unreviewed-verse
thanissaro	ud1.5	ud1.5:4.4	unreviewed-verse
thanissaro	ud1.6	ud1.6:4.1	unreviewed-verse
thanissaro	ud1.6	ud1.6:4.2	unreviewed-verse
thanissaro	ud1.6	ud1.6:4.3	unreviewed-verse
thanissaro	ud1.6	ud1.6:4.4	unreviewed-verse
thanissaro	ud1.7	ud1.7:3.1	unreviewed-verse
thanissaro	ud1.7	ud1.7:3.2	unreviewed-verse
thanissaro	ud1.7	ud1.7:3.3	unreviewed-verse
thanissaro	ud1.7	ud1.7:3.4	unreviewed-verse
thanissaro	ud1.8	ud1.8:8.1	unreviewed-verse
thanissaro	ud1.8	ud1.8:8.2	unreviewed-verse
thanissaro	ud1.8	ud1.8:8.3	unreviewed-verse
thanissaro	ud1.8	ud1.8:8.4	unreviewed-verse
thanissaro	ud2.10	ud2.10:9.1	unreviewed-verse
thanissaro	ud2.10	ud2.10:9.2	unreviewed-verse
thanissaro	ud2.10	ud2.10:9.3	unreviewed-verse
thanissaro	ud2.10	ud2.10:9.4	unreviewed-verse
thanissaro	ud2.1	ud2.1:5.1	unreviewed-verse
thanissaro	ud2.1	ud2.1:5.2	unreviewed-verse
thanissaro	ud2.1	ud2.1:5.3	unreviewed-verse
thanissaro	ud2.1	ud2.1:5.4	unreviewed-verse
thanissaro	ud2.1	ud2.1:6.1	unreviewed-verse
thanissaro	ud2.1	ud2.1:6.2	unreviewed-verse
thanissaro	ud2.1	ud2.1:6.3	unreviewed-verse
thanissaro	ud2.1	ud2.1:6.4	unreviewed-verse
thanissaro	ud2.2	ud2.2:6.1	unreviewed-verse
thanissaro	ud2.2	ud2.2:6.2	unreviewed-verse
thanissaro	ud2.2	ud2.2:6.3	unreviewed-verse
thanissaro	ud2.2	ud2.2:6.4	unreviewed-verse
thanissaro	ud2.3	ud2.3:4.3	unreviewed-verse
thanissaro	ud2.3	ud2.3:4.4	unreviewed-verse
thanissaro	ud2.4	ud2.4:4.1	unreviewed-verse
thanissaro	ud2.4	ud2.4:4.2	unreviewed-verse
thanissaro	ud2.4	ud2.4:4.3	unreviewed-verse
thanissaro	ud2.4	ud2.4:4.4	unreviewed-verse
thanissaro	ud2.5	ud2.5:4.1	unreviewed-verse
thanissaro	ud2.5	ud2.5:4.2	unreviewed-verse
thanissaro	ud2.5	ud2.5:4.3	unreviewed-verse
thanissaro	ud2.5	ud2.5:4.4	unreviewed-verse
thanissaro	ud2.6	ud2.6:8.1	unreviewed-verse
thanissaro	ud2.6	ud2.6:8.2	unreviewed-verse
thanissaro	ud2.6	ud2.6:8.3	unreviewed-verse
thanissaro	ud2.6	ud2.6:8.4	unreviewed-verse
thanissaro	ud2.7	ud2.7:5.1	unreviewed-verse
thanissaro	ud2.7	ud2.7:5.2	unreviewed-verse
thanissaro	ud2.7	ud2.7:5.3	unreviewed-verse
thanissaro	ud2.7	ud2.7:5.4	unreviewed-verse
thanissaro	ud2.7	ud2.7:6.1	unreviewed-verse
thanissaro	ud2.7	ud2.7:6.2	unreviewed-verse
thanissaro	ud2.7	ud2.7:6.3	unreviewed-verse
thanissaro	ud2.7	ud2.7:6.4	unreviewed-verse
thanissaro	ud2.8	ud2.8:18.1	unreviewed-verse
thanissaro	ud2.8	ud2.8:18.2	unreviewed-verse
thanissaro	ud2.8	ud2.8:18.3	unreviewed-verse
thanissaro	ud2.8	ud2.8:18.4	unreviewed-verse
thanissaro	ud2.9	ud2.9:4.1	unreviewed-verse
thanissaro	ud2.9	ud2.9:4.2	unreviewed-verse
thanissaro	ud2.9	ud2.9:4.3	unreviewed-verse
thanissaro	ud2.9	ud2.9:4.4	unreviewed-verse
thanissaro	ud3.10	ud3.10:4.1	unreviewed-verse
thanissaro	ud3.10	ud3.10:4.2	unreviewed-verse
thanissaro	ud3.10	ud3.10:4.3	unreviewed-verse
thanissaro	ud3.10	ud3.10:4.4	unreviewed-verse
thanissaro	ud3.10	ud3.10:5.1	unreviewed-verse
thanissaro	ud3.10	ud3.10:5.2	unreviewed-verse
thanissaro	ud3.10	ud3.10:5.3	unreviewed-verse
thanissaro	ud3.10	ud3.10:5.4	unreviewed-verse
thanissaro	ud3.10	ud3.10:5.5	unreviewed-verse
thanissaro	ud3.10	ud3.10:5.6	unreviewed-verse
thanissaro	ud3.10	ud3.10:8.1	unreviewed-verse
thanissaro	ud3.10	ud3.10:8.2	unreviewed-verse
thanissaro	ud3.10	ud3.10:8.3	unreviewed-verse
thanissaro	ud3.10	ud3.10:8.4	unreviewed-verse
thanissaro	ud3.10	ud3.10:8.5	unreviewed-verse
thanissaro	ud3.10	ud3.10:8.6	unreviewed-verse
thanissaro	ud3.10	ud3.10:9.1	unreviewed-verse
thanissaro	ud3.10	ud3.10:9.2	unreviewed-verse
thanissaro	ud3.10	ud3.10:9.3	unreviewed-verse
thanissaro	ud3.10	ud3.10:9.4	unreviewed-verse
thanissaro	ud3.1	ud3.1:4.1	unreviewed-verse
thanissaro	ud3.1	ud3.1:4.2	unreviewed-verse
thanissaro	ud3.1	ud3.1:4.3	unreviewed-verse
thanissaro	ud3.1	ud3.1:4.4	unreviewed-verse
thanissaro	ud3.2	ud3.2:18.1	unreviewed-verse
thanissaro	ud3.2	ud3.2:18.2	unreviewed-verse
thanissaro	ud3.2	ud3.2:18.3	unreviewed-verse
thanissaro	ud3.2	ud3.2:18.4	unreviewed-verse
thanissaro	ud3.3	ud3.3:17.1	unreviewed-verse
thanissaro	ud3.3	ud3.3:17.2	unreviewed-verse
thanissaro	ud3.3	ud3.3:17.3	unreviewed-verse
thanissaro	ud3.3	ud3.3:17.4	unreviewed-verse
thanissaro	ud3.4	ud3.4:3.1	unreviewed-verse
thanissaro	ud3.4	ud3.4:3.2	unreviewed-verse
thanissaro	ud3.4	ud3.4:3.3	unreviewed-verse
thanissaro	ud3.4	ud3.4:3.4	unreviewed-verse
thanissaro	ud3.6	ud3.6:6.1	unreviewed-verse
thanissaro	ud3.6	ud3.6:6.2	unreviewed-verse
thanissaro	ud3.6	ud3.6:6.3	unreviewed-verse
thanissaro	ud3.6	ud3.6:6.4	unreviewed-verse
thanissaro	ud3.7	ud3.7:6.1	unreviewed-verse
thanissaro	ud3.7	ud3.7:6.2	unreviewed-verse
thanissaro	ud3.7	ud3.7:6.3	unreviewed-verse
thanissaro	ud3.7	ud3.7:6.4	unreviewed-verse
thanissaro	ud3.8	ud3.8:8.1	unreviewed-verse
thanissaro	ud3.8	ud3.8:8.2	unreviewed-verse
thanissaro	ud3.8	ud3.8:8.3	unreviewed-verse
thanissaro	ud3.8	ud3.8:8.4	unreviewed-verse
thanissaro	ud3.9	ud3.9:8.1	unreviewed-verse
thanissaro	ud3.9	ud3.9:8.2	unreviewed-verse
thanissaro	ud3.9	ud3.9:8.3	unreviewed-verse
thanissaro	ud3.9	ud3.9:8.4	unreviewed-verse
thanissaro	ud4.10	ud4.10:4.1	unreviewed-verse
thanissaro	ud4.10	ud4.10:4.2	unreviewed-verse
thanissaro	ud4.10	ud4.10:4.3	unreviewed-verse
thanissaro	ud4.10	ud4.10:4.4	unreviewed-verse
thanissaro	ud4.1	ud4.1:23.1	unreviewed-verse
thanissaro	ud4.1	ud4.1:23.2	unreviewed-verse
thanissaro	ud4.1	ud4.1:23.3	unreviewed-verse
thanissaro	ud4.1	ud4.1:23.4	unreviewed-verse
thanissaro	ud4.1	ud4.1:24.1	unreviewed-verse
thanissaro	ud4.1	ud4.1:24.2	unreviewed-verse
thanissaro	ud4.1	ud4.1:24.3	unreviewed-verse
thanissaro	ud4.1	ud4.1:24.4	unreviewed-verse
thanissaro	ud4.2	ud4.2:4.1	unreviewed-verse
thanissaro	ud4.2	ud4.2:4.2	unreviewed-verse
thanissaro	ud4.2	ud4.2:4.3	unreviewed-verse
thanissaro	ud4.2	ud4.2:4.4	unreviewed-verse
thanissaro	ud4.2	ud4.2:5.1	unreviewed-verse
thanissaro	ud4.2	ud4.2:5.2	unreviewed-verse
thanissaro	ud4.2	ud4.2:5.3	unreviewed-verse
thanissaro	ud4.2	ud4.2:5.4	unreviewed-verse
thanissaro	ud4.2	ud4.2:5.5	unreviewed-verse
thanissaro	ud4.2	ud4.2:5.6	unreviewed-verse
thanissaro	ud4.3	ud4.3:8.1	unreviewed-verse
thanissaro	ud4.3	ud4.3:8.2	unreviewed-verse
thanissaro	ud4.3	ud4.3:8.3	unreviewed-verse
thanissaro	ud4.3	ud4.3:8.4	unreviewed-verse
thanissaro	ud4.4	ud4.4:10.1	unreviewed-verse
thanissaro	ud4.4	ud4.4:10.2	unreviewed-verse
thanissaro	ud4.4	ud4.4:10.3	unreviewed-verse
thanissaro	ud4.4	ud4.4:10.4	unreviewed-verse
thanissaro	ud4.4	ud4.4:10.5	unreviewed-verse
thanissaro	ud4.4	ud4.4:10.6	unreviewed-verse
thanissaro	ud4.5	ud4.5:8.1	unreviewed-verse
thanissaro	ud4.5	ud4.5:8.2	unreviewed-verse
thanissaro	ud4.5	ud4.5:8.3	unreviewed-verse
thanissaro	ud4.5	ud4.5:8.4	unreviewed-verse
thanissaro	ud4.6	ud4.6:4.1	unreviewed-verse
thanissaro	ud4.6	ud4.6:4.2	unreviewed-verse
thanissaro	ud4.6	ud4.6:4.3	unreviewed-verse
thanissaro	ud4.6	ud4.6:4.4	unreviewed-verse
thanissaro	ud4.6	ud4.6:4.5	unreviewed-verse
thanissaro	ud4.6	ud4.6:4.6	unreviewed-verse
thanissaro	ud4.7	ud4.7:4.1	unreviewed-verse
thanissaro	ud4.7	ud4.7:4.2	unreviewed-verse
thanissaro	ud4.7	ud4.7:4.3	unreviewed-verse
thanissaro	ud4.7	ud4.7:4.4	unreviewed-verse
thanissaro	ud4.8	ud4.8:12.1	unreviewed-verse
thanissaro	ud4.8	ud4.8:12.2	unreviewed-verse
thanissaro	ud4.8	ud4.8:12.3	unreviewed-verse
thanissaro	ud4.8	ud4.8:12.4	unreviewed-verse
thanissaro	ud4.8	ud4.8:14.1	unreviewed-verse
thanissaro	ud4.8	ud4.8:14.2	unreviewed-verse
thanissaro	ud4.8	ud4.8:14.3	unreviewed-verse
thanissaro	ud4.8	ud4.8:14.4	unreviewed-verse
thanissaro	ud4.8	ud4.8:19.1	unreviewed-verse
thanissaro	ud4.8	ud4.8:19.2	unreviewed-verse
thanissaro	ud4.8	ud4.8:19.3	unreviewed-verse
thanissaro	ud4.8	ud4.8:19.4	unreviewed-verse
thanissaro	ud4.9	ud4.9:3.1	unreviewed-verse
thanissaro	ud4.9	ud4.9:3.2	unreviewed-verse
thanissaro	ud4.9	ud4.9:3.3	unreviewed-verse
thanissaro	ud4.9	ud4.9:3.4	unreviewed-verse
thanissaro	ud4.9	ud4.9:4.1	unreviewed-verse
thanissaro	ud4.9	ud4.9:4.4	unreviewed-verse
thanissaro	ud5.10	ud5.10:4.1	unreviewed-verse
thanissaro	ud5.10	ud5.10:4.2	unreviewed-verse
thanissaro	ud5.10	ud5.10:4.3	unreviewed-verse
thanissaro	ud5.10	ud5.10:4.4	unreviewed-verse
thanissaro	ud5.10	ud5.10:4.5	unreviewed-verse
thanissaro	ud5.2	ud5.2:4.1	unreviewed-verse
thanissaro	ud5.2	ud5.2:4.2	unreviewed-verse
thanissaro	ud5.2	ud5.2:4.3	unreviewed-verse
thanissaro	ud5.2	ud5.2:4.4	unreviewed-verse
thanissaro	ud5.3	ud5.3:13.1	unreviewed-verse
thanissaro	ud5.3	ud5.3:13.2	unreviewed-verse
thanissaro	ud5.3	ud5.3:13.3	unreviewed-verse
thanissaro	ud5.3	ud5.3:13.4	unreviewed-verse
thanissaro	ud5.4	ud5.4:4.1	unreviewed-verse
thanissaro	ud5.4	ud5.4:4.2	unreviewed-verse
thanissaro	ud5.4	ud5.4:4.3	unreviewed-verse
thanissaro	ud5.4	ud5.4:4.4	unreviewed-verse
thanissaro	ud5.4	ud5.4:5.1	unreviewed-verse
thanissaro	ud5.4	ud5.4:5.2	unreviewed-verse
thanissaro	ud5.4	ud5.4:5.3	unreviewed-verse
thanissaro	ud5.4	ud5.4:5.4	unreviewed-verse
thanissaro	ud5.5	ud5.5:28.1	unreviewed-verse
thanissaro	ud5.5	ud5.5:28.2	unreviewed-verse
thanissaro	ud5.5	ud5.5:28.3	unreviewed-verse
thanissaro	ud5.5	ud5.5:28.4	unreviewed-verse
thanissaro	ud5.7	ud5.7:4.1	unreviewed-verse
thanissaro	ud5.7	ud5.7:4.2	unreviewed-verse
thanissaro	ud5.7	ud5.7:4.3	unreviewed-verse
thanissaro	ud5.7	ud5.7:4.4	unreviewed-verse
thanissaro	ud5.8	ud5.8:6.1	unreviewed-verse
thanissaro	ud5.8	ud5.8:6.2	unreviewed-verse
thanissaro	ud5.8	ud5.8:6.3	unreviewed-verse
thanissaro	ud5.8	ud5.8:6.4	unreviewed-verse
thanissaro	ud5.9	ud5.9:3.1	unreviewed-verse
thanissaro	ud5.9	ud5.9:3.2	unreviewed-verse
thanissaro	ud5.9	ud5.9:3.3	unreviewed-verse
thanissaro	ud5.9	ud5.9:3.4	unreviewed-verse
thanissaro	ud6.1	ud6.1:17.1	unreviewed-verse
thanissaro	ud6.1	ud6.1:17.2	unreviewed-verse
thanissaro	ud6.1	ud6.1:17.3	unreviewed-verse
thanissaro	ud6.1	ud6.1:17.4	unreviewed-verse
thanissaro	ud6.2	ud6.2:10.1	unreviewed-verse
thanissaro	ud6.2	ud6.2:10.2	unreviewed-verse
thanissaro	ud6.2	ud6.2:10.3	unreviewed-verse
thanissaro	ud6.2	ud6.2:10.4	unreviewed-verse
thanissaro	ud6.3	ud6.3:3.1	unreviewed-verse
thanissaro	ud6.3	ud6.3:3.2	unreviewed-verse
thanissaro	ud6.3	ud6.3:3.3	unreviewed-verse
thanissaro	ud6.3	ud6.3:3.4	unreviewed-verse
thanissaro	ud6.4	ud6.4:33.1	unreviewed-verse
thanissaro	ud6.4	ud6.4:33.2	unreviewed-verse
thanissaro	ud6.4	ud6.4:33.3	unreviewed-verse
thanissaro	ud6.4	ud6.4:33.4	unreviewed-verse
thanissaro	ud6.5	ud6.5:24.1	unreviewed-verse
thanissaro	ud6.5	ud6.5:24.4	unreviewed-verse
thanissaro	ud6.6	ud6.6:24.1	unreviewed-verse
thanissaro	ud6.6	ud6.6:24.2	unreviewed-verse
thanissaro	ud6.6	ud6.6:24.3	unreviewed-verse
thanissaro	ud6.6	ud6.6:24.4	unreviewed-verse
thanissaro	ud6.6	ud6.6:25.1	unreviewed-verse
thanissaro	ud6.6	ud6.6:25.2	unreviewed-verse
thanissaro	ud6.6	ud6.6:25.3	unreviewed-verse
thanissaro	ud6.6	ud6.6:26.1	unreviewed-verse
thanissaro	ud6.6	ud6.6:26.2	unreviewed-verse
thanissaro	ud6.6	ud6.6:26.3	unreviewed-verse
thanissaro	ud6.6	ud6.6:26.4	unreviewed-verse
thanissaro	ud6.7	ud6.7:4.1	unreviewed-verse
thanissaro	ud6.7	ud6.7:4.2	unreviewed-verse
thanissaro	ud6.7	ud6.7:4.3	unreviewed-verse
thanissaro	ud6.7	ud6.7:4.4	unreviewed-verse
thanissaro	ud6.9	ud6.9:4.1	unreviewed-verse
thanissaro	ud6.9	ud6.9:4.2	unreviewed-verse
thanissaro	ud6.9	ud6.9:4.3	unreviewed-verse
thanissaro	ud6.9	ud6.9:4.4	unreviewed-verse
thanissaro	ud7.1	ud7.1:5.1	unreviewed-verse
thanissaro	ud7.1	ud7.1:5.2	unreviewed-verse
thanissaro	ud7.1	ud7.1:5.3	unreviewed-verse
thanissaro	ud7.1	ud7.1:5.4	unreviewed-verse
thanissaro	ud7.2	ud7.2:4.1	unreviewed-verse
thanissaro	ud7.2	ud7.2:4.2	unreviewed-verse
thanissaro	ud7.2	ud7.2:4.3	unreviewed-verse
thanissaro	ud7.2	ud7.2:4.4	unreviewed-verse
thanissaro	ud7.3	ud7.3:4.1	unreviewed-verse
thanissaro	ud7.3	ud7.3:4.2	unreviewed-verse
thanissaro	ud7.3	ud7.3:4.3	unreviewed-verse
thanissaro	ud7.3	ud7.3:4.4	unreviewed-verse
thanissaro	ud7.4	ud7.4:4.1	unreviewed-verse
thanissaro	ud7.4	ud7.4:4.2	unreviewed-verse
thanissaro	ud7.4	ud7.4:4.3	unreviewed-verse
thanissaro	ud7.4	ud7.4:4.4	unreviewed-verse
thanissaro	ud7.4	ud7.4:4.5	unreviewed-verse
thanissaro	ud7.4	ud7.4:4.6	unreviewed-verse
thanissaro	ud7.5	ud7.5:6.1	unreviewed-verse
thanissaro	ud7.5	ud7.5:6.2	unreviewed-verse
thanissaro	ud7.5	ud7.5:6.3	unreviewed-verse
thanissaro	ud7.5	ud7.5:6.4	unreviewed-verse
thanissaro	ud7.6	ud7.6:4.1	unreviewed-verse
thanissaro	ud7.6	ud7.6:4.2	unreviewed-verse
thanissaro	ud7.6	ud7.6:4.3	unreviewed-verse
thanissaro	ud7.6	ud7.6:4.4	unreviewed-verse
thanissaro	ud7.6	ud7.6:4.5	unreviewed-verse
thanissaro	ud7.6	ud7.6:4.6	unreviewed-verse
thanissaro	ud7.7	ud7.7:3.1	unreviewed-verse
thanissaro	ud7.7	ud7.7:3.2	unreviewed-verse
thanissaro	ud7.7	ud7.7:3.3	unreviewed-verse
thanissaro	ud7.7	ud7.7:3.4	unreviewed-verse
thanissaro	ud7.8	ud7.8:4.1	unreviewed-verse
thanissaro	ud7.8	ud7.8:4.2	unreviewed-verse
thanissaro	ud7.8	ud7.8:4.3	unreviewed-verse
thanissaro	ud7.8	ud7.8:4.4	unreviewed-verse
thanissaro	ud7.8	ud7.8:4.5	unreviewed-verse
thanissaro	ud7.8	ud7.8:4.6	unreviewed-verse
thanissaro	ud7.9	ud7.9:7.1	unreviewed-verse
thanissaro	ud7.9	ud7.9:7.2	unreviewed-verse
thanissaro	ud7.9	ud7.9:7.3	unreviewed-verse
thanissaro	ud7.9	ud7.9:7.4	unreviewed-verse
thanissaro	ud8.10	ud8.10:4.1	unreviewed-verse
thanissaro	ud8.10	ud8.10:4.2	unreviewed-verse
thanissaro	ud8.10	ud8.10:4.3	unreviewed-verse
thanissaro	ud8.10	ud8.10:4.4	unreviewed-verse
thanissaro	ud8.10	ud8.10:5.1	unreviewed-verse
thanissaro	ud8.10	ud8.10:5.2	unreviewed-verse
thanissaro	ud8.10	ud8.10:5.3	unreviewed-verse
thanissaro	ud8.10	ud8.10:5.4	unreviewed-verse
thanissaro	ud8.2	ud8.2:3.1	unreviewed-verse
thanissaro	ud8.2	ud8.2:3.2	unreviewed-verse
thanissaro	ud8.2	ud8.2:3.3	unreviewed-verse
thanissaro	ud8.2	ud8.2:3.4	unreviewed-verse
thanissaro	ud8.5	ud8.5:8.1	unreviewed-verse
thanissaro	ud8.5	ud8.5:8.2	unreviewed-verse
thanissaro	ud8.5	ud8.5:8.3	unreviewed-verse
thanissaro	ud8.5	ud8.5:8.4	unreviewed-verse
thanissaro	ud8.5	ud8.5:9.1	unreviewed-verse
thanissaro	ud8.5	ud8.5:9.2	unreviewed-verse
thanissaro	ud8.5	ud8.5:9.3	unreviewed-verse
thanissaro	ud8.5	ud8.5:9.4	unreviewed-verse
thanissaro	ud8.5	ud8.5:16.1	unreviewed-verse
thanissaro	ud8.5	ud8.5:16.2	unreviewed-verse
thanissaro	ud8.5	ud8.5:16.3	unreviewed-verse
thanissaro	ud8.5	ud8.5:17.3	unreviewed-verse
thanissaro	ud8.5	ud8.5:17.4	unreviewed-verse
thanissaro	ud8.5	ud8.5:17.5	unreviewed-verse
thanissaro	ud8.5	ud8.5:17.6	unreviewed-verse
thanissaro	ud8.5	ud8.5:18.1	unreviewed-verse
thanissaro	ud8.5	ud8.5:18.2	unreviewed-verse
thanissaro	ud8.5	ud8.5:18.3	unreviewed-verse
thanissaro	ud8.5	ud8.5:18.4	unreviewed-verse
thanissaro	ud8.5	ud8.5:23.1	unreviewed-verse
thanissaro	ud8.5	ud8.5:23.2	unreviewed-verse
thanissaro	ud8.5	ud8.5:23.3	unreviewed-verse
thanissaro	ud8.5	ud8.5:23.4	unreviewed-verse
thanissaro	ud8.6	ud8.6:22.1	unreviewed-verse
thanissaro	ud8.6	ud8.6:22.2	unreviewed-verse
thanissaro	ud8.6	ud8.6:22.3	unreviewed-verse
thanissaro	ud8.6	ud8.6:22.4	unreviewed-verse
thanissaro	ud8.6	ud8.6:23.1	unreviewed-verse
thanissaro	ud8.6	ud8.6:23.2	unreviewed-verse
thanissaro	ud8.6	ud8.6:23.3	unreviewed-verse
thanissaro	ud8.6	ud8.6:23.4	unreviewed-verse
thanissaro	ud8.6	ud8.6:24.1	unreviewed-verse
thanissaro	ud8.6	ud8.6:24.2	unreviewed-verse
thanissaro	ud8.6	ud8.6:24.3	unreviewed-verse
thanissaro	ud8.6	ud8.6:24.4	unreviewed-verse
thanissaro	ud8.6	ud8.6:30.1	unreviewed-verse
thanissaro	ud8.6	ud8.6:30.2	unreviewed-verse
thanissaro	ud8.6	ud8.6:30.3	unreviewed-verse
thanissaro	ud8.6	ud8.6:30.4	unreviewed-verse
thanissaro	ud8.7	ud8.7:5.1	unreviewed-verse
thanissaro	ud8.7	ud8.7:5.2	unreviewed-verse
thanissaro	ud8.7	ud8.7:5.3	unreviewed-verse
thanissaro	ud8.7	ud8.7:5.4	unreviewed-verse
thanissaro	ud8.8	ud8.8:7.1	unreviewed-verse
thanissaro	ud8.8	ud8.8:7.2	unreviewed-verse
thanissaro	ud8.8	ud8.8:7.3	unreviewed-verse
thanissaro	ud8.8	ud8.8:7.4	unreviewed-verse
thanissaro	ud8.8	ud8.8:8.1	unreviewed-verse
thanissaro	ud8.8	ud8.8:8.2	unreviewed-verse
thanissaro	ud8.8	ud8.8:8.3	unreviewed-verse
thanissaro	ud8.8	ud8.8:8.4	unreviewed-verse
thanissaro	ud8.9	ud8.9:5.1	unreviewed-verse
thanissaro	ud8.9	ud8.9:5.2	unreviewed-verse
thanissaro	ud8.9	ud8.9:5.3	unreviewed-verse
thanissaro	ud8.9	ud8.9:5.4	unreviewed-verse
thanissaro	mn102	mn102:12.9	historical-uncertainty
thanissaro	mn102	mn102:12.10	historical-uncertainty
thanissaro	sn1.10	sn1.10:2.1	unreviewed-verse
thanissaro	sn1.10	sn1.10:2.2	unreviewed-verse
thanissaro	sn1.10	sn1.10:2.3	unreviewed-verse
thanissaro	sn1.10	sn1.10:2.4	unreviewed-verse
thanissaro	sn1.10	sn1.10:3.1	unreviewed-verse
thanissaro	sn1.10	sn1.10:3.2	unreviewed-verse
thanissaro	sn1.10	sn1.10:3.3	unreviewed-verse
thanissaro	sn1.10	sn1.10:3.4	unreviewed-verse
thanissaro	sn1.10	sn1.10:4.1	unreviewed-verse
thanissaro	sn1.10	sn1.10:4.2	unreviewed-verse
thanissaro	sn1.10	sn1.10:4.3	unreviewed-verse
thanissaro	sn1.10	sn1.10:4.4	unreviewed-verse
thanissaro	sn1.17	sn1.17:1.1	unreviewed-verse
thanissaro	sn1.17	sn1.17:1.2	unreviewed-verse
thanissaro	sn1.17	sn1.17:1.3	unreviewed-verse
thanissaro	sn1.17	sn1.17:1.4	unreviewed-verse
thanissaro	sn1.17	sn1.17:2.1	unreviewed-verse
thanissaro	sn1.17	sn1.17:2.2	unreviewed-verse
thanissaro	sn1.17	sn1.17:2.3	unreviewed-verse
thanissaro	sn1.17	sn1.17:3.1	unreviewed-verse
thanissaro	sn1.17	sn1.17:3.4	unreviewed-verse
thanissaro	sn1.18	sn1.18:1.1	unreviewed-verse
thanissaro	sn1.18	sn1.18:1.2	unreviewed-verse
thanissaro	sn1.18	sn1.18:1.3	unreviewed-verse
thanissaro	sn1.18	sn1.18:1.4	unreviewed-verse
thanissaro	sn1.18	sn1.18:2.1	unreviewed-verse
thanissaro	sn1.18	sn1.18:2.2	unreviewed-verse
thanissaro	sn1.18	sn1.18:2.3	unreviewed-verse
thanissaro	sn1.18	sn1.18:2.4	unreviewed-verse
thanissaro	sn1.1	sn1.1:2.1	unreviewed-verse
thanissaro	sn1.1	sn1.1:2.2	unreviewed-verse
thanissaro	sn1.1	sn1.1:2.3	unreviewed-verse
thanissaro	sn1.1	sn1.1:2.4	unreviewed-verse
thanissaro	sn1.20	sn1.20:2.1	unreviewed-verse
thanissaro	sn1.20	sn1.20:2.2	unreviewed-verse
thanissaro	sn1.20	sn1.20:2.3	unreviewed-verse
thanissaro	sn1.20	sn1.20:2.4	unreviewed-verse
thanissaro	sn1.20	sn1.20:3.1	unreviewed-verse
thanissaro	sn1.20	sn1.20:3.2	unreviewed-verse
thanissaro	sn1.20	sn1.20:3.3	unreviewed-verse
thanissaro	sn1.20	sn1.20:3.4	unreviewed-verse
thanissaro	sn1.20	sn1.20:10.1	unreviewed-verse
thanissaro	sn1.20	sn1.20:10.2	unreviewed-verse
thanissaro	sn1.20	sn1.20:10.3	unreviewed-verse
thanissaro	sn1.20	sn1.20:10.4	unreviewed-verse
thanissaro	sn1.20	sn1.20:12.1	unreviewed-verse
thanissaro	sn1.20	sn1.20:12.2	unreviewed-verse
thanissaro	sn1.20	sn1.20:12.3	unreviewed-verse
thanissaro	sn1.20	sn1.20:12.4	unreviewed-verse
thanissaro	sn1.20	sn1.20:20.1	unreviewed-verse
thanissaro	sn1.20	sn1.20:20.2	unreviewed-verse
thanissaro	sn1.20	sn1.20:20.3	unreviewed-verse
thanissaro	sn1.20	sn1.20:20.4	unreviewed-verse
thanissaro	sn1.20	sn1.20:21.1	unreviewed-verse
thanissaro	sn1.20	sn1.20:21.2	unreviewed-verse
thanissaro	sn1.20	sn1.20:21.3	unreviewed-verse
thanissaro	sn1.20	sn1.20:21.4	unreviewed-verse
thanissaro	sn1.20	sn1.20:23.1	unreviewed-verse
thanissaro	sn1.20	sn1.20:23.2	unreviewed-verse
thanissaro	sn1.20	sn1.20:23.3	unreviewed-verse
thanissaro	sn1.20	sn1.20:23.4	unreviewed-verse
thanissaro	sn1.20	sn1.20:25.1	unreviewed-verse
thanissaro	sn1.20	sn1.20:25.2	unreviewed-verse
thanissaro	sn1.20	sn1.20:25.3	unreviewed-verse
thanissaro	sn1.20	sn1.20:25.4	unreviewed-verse
thanissaro	sn1.20	sn1.20:25.5	unreviewed-verse
thanissaro	sn1.20	sn1.20:25.6	unreviewed-verse
thanissaro	sn1.20	sn1.20:28.1	unreviewed-verse
thanissaro	sn1.20	sn1.20:28.2	unreviewed-verse
thanissaro	sn1.20	sn1.20:28.3	unreviewed-verse
thanissaro	sn1.20	sn1.20:28.4	unreviewed-verse
thanissaro	sn1.21	sn1.21:2.1	unreviewed-verse
thanissaro	sn1.21	sn1.21:2.2	unreviewed-verse
thanissaro	sn1.21	sn1.21:2.3	unreviewed-verse
thanissaro	sn1.21	sn1.21:2.4	unreviewed-verse
thanissaro	sn1.21	sn1.21:3.1	unreviewed-verse
thanissaro	sn1.21	sn1.21:3.2	unreviewed-verse
thanissaro	sn1.21	sn1.21:3.3	unreviewed-verse
thanissaro	sn1.21	sn1.21:3.4	unreviewed-verse
thanissaro	sn1.25	sn1.25:1.1	unreviewed-verse
thanissaro	sn1.25	sn1.25:1.2	unreviewed-verse
thanissaro	sn1.25	sn1.25:1.3	unreviewed-verse
thanissaro	sn1.25	sn1.25:1.4	unreviewed-verse
thanissaro	sn1.25	sn1.25:2.1	unreviewed-verse
thanissaro	sn1.25	sn1.25:2.2	unreviewed-verse
thanissaro	sn1.25	sn1.25:2.3	unreviewed-verse
thanissaro	sn1.25	sn1.25:2.4	unreviewed-verse
thanissaro	sn1.25	sn1.25:2.5	unreviewed-verse
thanissaro	sn1.25	sn1.25:2.6	unreviewed-verse
thanissaro	sn1.25	sn1.25:3.1	unreviewed-verse
thanissaro	sn1.25	sn1.25:3.2	unreviewed-verse
thanissaro	sn1.25	sn1.25:3.3	unreviewed-verse
thanissaro	sn1.25	sn1.25:3.4	unreviewed-verse
thanissaro	sn1.25	sn1.25:3.5	unreviewed-verse
thanissaro	sn1.25	sn1.25:4.1	unreviewed-verse
thanissaro	sn1.25	sn1.25:4.2	unreviewed-verse
thanissaro	sn1.25	sn1.25:4.3	unreviewed-verse
thanissaro	sn1.25	sn1.25:4.4	unreviewed-verse
thanissaro	sn1.25	sn1.25:5.1	unreviewed-verse
thanissaro	sn1.25	sn1.25:5.2	unreviewed-verse
thanissaro	sn1.25	sn1.25:5.3	unreviewed-verse
thanissaro	sn1.36	sn1.36:2.1	unreviewed-verse
thanissaro	sn1.36	sn1.36:2.2	unreviewed-verse
thanissaro	sn1.36	sn1.36:2.3	unreviewed-verse
thanissaro	sn1.36	sn1.36:2.4	unreviewed-verse
thanissaro	sn1.36	sn1.36:4.1	unreviewed-verse
thanissaro	sn1.36	sn1.36:4.2	unreviewed-verse
thanissaro	sn1.36	sn1.36:4.3	unreviewed-verse
thanissaro	sn1.36	sn1.36:4.4	unreviewed-verse
thanissaro	sn1.36	sn1.36:5.1	unreviewed-verse
thanissaro	sn1.36	sn1.36:5.2	unreviewed-verse
thanissaro	sn1.36	sn1.36:5.3	unreviewed-verse
thanissaro	sn1.36	sn1.36:5.4	unreviewed-verse
thanissaro	sn1.36	sn1.36:6.1	unreviewed-verse
thanissaro	sn1.36	sn1.36:6.2	unreviewed-verse
thanissaro	sn1.36	sn1.36:6.3	unreviewed-verse
thanissaro	sn1.36	sn1.36:6.4	unreviewed-verse
thanissaro	sn1.38	sn1.38:9.1	unreviewed-verse
thanissaro	sn1.38	sn1.38:9.2	unreviewed-verse
thanissaro	sn1.38	sn1.38:9.3	unreviewed-verse
thanissaro	sn1.38	sn1.38:9.4	unreviewed-verse
thanissaro	sn1.38	sn1.38:10.1	unreviewed-verse
thanissaro	sn1.38	sn1.38:10.2	unreviewed-verse
thanissaro	sn1.38	sn1.38:10.3	unreviewed-verse
thanissaro	sn1.38	sn1.38:10.4	unreviewed-verse
thanissaro	sn1.38	sn1.38:11.1	unreviewed-verse
thanissaro	sn1.38	sn1.38:11.2	unreviewed-verse
thanissaro	sn1.38	sn1.38:11.3	unreviewed-verse
thanissaro	sn1.38	sn1.38:11.4	unreviewed-verse
thanissaro	sn1.38	sn1.38:12.1	unreviewed-verse
thanissaro	sn1.38	sn1.38:12.2	unreviewed-verse
thanissaro	sn1.38	sn1.38:12.3	unreviewed-verse
thanissaro	sn1.38	sn1.38:12.4	unreviewed-verse
thanissaro	sn1.41	sn1.41:2.1	unreviewed-verse
thanissaro	sn1.41	sn1.41:2.2	unreviewed-verse
thanissaro	sn1.41	sn1.41:2.3	unreviewed-verse
thanissaro	sn1.41	sn1.41:2.4	unreviewed-verse
thanissaro	sn1.41	sn1.41:3.1	unreviewed-verse
thanissaro	sn1.41	sn1.41:3.2	unreviewed-verse
thanissaro	sn1.41	sn1.41:3.3	unreviewed-verse
thanissaro	sn1.41	sn1.41:3.4	unreviewed-verse
thanissaro	sn1.41	sn1.41:4.1	unreviewed-verse
thanissaro	sn1.41	sn1.41:4.2	unreviewed-verse
thanissaro	sn1.41	sn1.41:4.3	unreviewed-verse
thanissaro	sn1.41	sn1.41:4.4	unreviewed-verse
thanissaro	sn1.41	sn1.41:5.1	unreviewed-verse
thanissaro	sn1.41	sn1.41:5.2	unreviewed-verse
thanissaro	sn1.41	sn1.41:5.3	unreviewed-verse
thanissaro	sn1.41	sn1.41:5.4	unreviewed-verse
thanissaro	sn1.41	sn1.41:5.5	unreviewed-verse
thanissaro	sn1.41	sn1.41:5.6	unreviewed-verse
thanissaro	sn1.42	sn1.42:1.1	unreviewed-verse
thanissaro	sn1.42	sn1.42:1.2	unreviewed-verse
thanissaro	sn1.42	sn1.42:1.3	unreviewed-verse
thanissaro	sn1.42	sn1.42:1.4	unreviewed-verse
thanissaro	sn1.42	sn1.42:1.5	unreviewed-verse
thanissaro	sn1.42	sn1.42:1.6	unreviewed-verse
thanissaro	sn1.42	sn1.42:2.1	unreviewed-verse
thanissaro	sn1.42	sn1.42:2.2	unreviewed-verse
thanissaro	sn1.42	sn1.42:2.3	unreviewed-verse
thanissaro	sn1.42	sn1.42:2.4	unreviewed-verse
thanissaro	sn1.42	sn1.42:3.1	unreviewed-verse
thanissaro	sn1.42	sn1.42:3.2	unreviewed-verse
thanissaro	sn1.42	sn1.42:3.3	unreviewed-verse
thanissaro	sn1.42	sn1.42:3.4	unreviewed-verse
thanissaro	sn1.51	sn1.51:1.1	unreviewed-verse
thanissaro	sn1.51	sn1.51:1.2	unreviewed-verse
thanissaro	sn1.51	sn1.51:1.3	unreviewed-verse
thanissaro	sn1.51	sn1.51:1.4	unreviewed-verse
thanissaro	sn1.51	sn1.51:2.1	unreviewed-verse
thanissaro	sn1.51	sn1.51:2.2	unreviewed-verse
thanissaro	sn1.51	sn1.51:2.3	unreviewed-verse
thanissaro	sn1.51	sn1.51:2.4	unreviewed-verse
thanissaro	sn1.55	sn1.55:1.1	unreviewed-verse
thanissaro	sn1.55	sn1.55:1.2	unreviewed-verse
thanissaro	sn1.55	sn1.55:1.3	unreviewed-verse
thanissaro	sn1.55	sn1.55:1.4	unreviewed-verse
thanissaro	sn1.55	sn1.55:2.1	unreviewed-verse
thanissaro	sn1.55	sn1.55:2.2	unreviewed-verse
thanissaro	sn1.55	sn1.55:2.3	unreviewed-verse
thanissaro	sn1.55	sn1.55:2.4	unreviewed-verse
thanissaro	sn1.57	sn1.57:1.1	unreviewed-verse
thanissaro	sn1.57	sn1.57:1.2	unreviewed-verse
thanissaro	sn1.57	sn1.57:1.3	unreviewed-verse
thanissaro	sn1.57	sn1.57:1.4	unreviewed-verse
thanissaro	sn1.57	sn1.57:2.1	unreviewed-verse
thanissaro	sn1.57	sn1.57:2.2	unreviewed-verse
thanissaro	sn1.57	sn1.57:2.3	unreviewed-verse
thanissaro	sn1.57	sn1.57:2.4	unreviewed-verse
thanissaro	sn1.59	sn1.59:1.1	unreviewed-verse
thanissaro	sn1.59	sn1.59:1.2	unreviewed-verse
thanissaro	sn1.59	sn1.59:1.3	unreviewed-verse
thanissaro	sn1.59	sn1.59:1.4	unreviewed-verse
thanissaro	sn1.59	sn1.59:2.1	unreviewed-verse
thanissaro	sn1.59	sn1.59:2.2	unreviewed-verse
thanissaro	sn1.59	sn1.59:2.3	unreviewed-verse
thanissaro	sn1.59	sn1.59:2.4	unreviewed-verse
thanissaro	sn1.62	sn1.62:1.1	unreviewed-verse
thanissaro	sn1.62	sn1.62:1.2	unreviewed-verse
thanissaro	sn1.62	sn1.62:1.3	unreviewed-verse
thanissaro	sn1.62	sn1.62:1.4	unreviewed-verse
thanissaro	sn1.62	sn1.62:2.1	unreviewed-verse
thanissaro	sn1.62	sn1.62:2.2	unreviewed-verse
thanissaro	sn1.62	sn1.62:2.3	unreviewed-verse
thanissaro	sn1.62	sn1.62:2.4	unreviewed-verse
thanissaro	sn1.63	sn1.63:1.1	unreviewed-verse
thanissaro	sn1.63	sn1.63:1.2	unreviewed-verse
thanissaro	sn1.63	sn1.63:1.3	unreviewed-verse
thanissaro	sn1.63	sn1.63:1.4	unreviewed-verse
thanissaro	sn1.63	sn1.63:2.1	unreviewed-verse
thanissaro	sn1.63	sn1.63:2.2	unreviewed-verse
thanissaro	sn1.63	sn1.63:2.3	unreviewed-verse
thanissaro	sn1.63	sn1.63:2.4	unreviewed-verse
thanissaro	sn1.64	sn1.64:1.1	unreviewed-verse
thanissaro	sn1.64	sn1.64:1.2	unreviewed-verse
thanissaro	sn1.64	sn1.64:1.3	unreviewed-verse
thanissaro	sn1.64	sn1.64:1.4	unreviewed-verse
thanissaro	sn1.64	sn1.64:2.1	unreviewed-verse
thanissaro	sn1.64	sn1.64:2.2	unreviewed-verse
thanissaro	sn1.64	sn1.64:2.3	unreviewed-verse
thanissaro	sn1.64	sn1.64:2.4	unreviewed-verse
thanissaro	sn1.65	sn1.65:1.1	unreviewed-verse
thanissaro	sn1.65	sn1.65:1.2	unreviewed-verse
thanissaro	sn1.65	sn1.65:1.3	unreviewed-verse
thanissaro	sn1.65	sn1.65:1.4	unreviewed-verse
thanissaro	sn1.65	sn1.65:2.1	unreviewed-verse
thanissaro	sn1.65	sn1.65:2.2	unreviewed-verse
thanissaro	sn1.65	sn1.65:2.3	unreviewed-verse
thanissaro	sn1.65	sn1.65:2.4	unreviewed-verse
thanissaro	sn1.69	sn1.69:1.1	unreviewed-verse
thanissaro	sn1.69	sn1.69:1.2	unreviewed-verse
thanissaro	sn1.69	sn1.69:1.3	unreviewed-verse
thanissaro	sn1.69	sn1.69:1.4	unreviewed-verse
thanissaro	sn1.69	sn1.69:2.1	unreviewed-verse
thanissaro	sn1.69	sn1.69:2.2	unreviewed-verse
thanissaro	sn1.69	sn1.69:2.3	unreviewed-verse
thanissaro	sn1.69	sn1.69:2.4	unreviewed-verse
thanissaro	sn1.71	sn1.71:2.1	unreviewed-verse
thanissaro	sn1.71	sn1.71:2.2	unreviewed-verse
thanissaro	sn1.71	sn1.71:2.3	unreviewed-verse
thanissaro	sn1.71	sn1.71:2.4	unreviewed-verse
thanissaro	sn1.71	sn1.71:3.1	unreviewed-verse
thanissaro	sn1.71	sn1.71:3.2	unreviewed-verse
thanissaro	sn1.71	sn1.71:3.3	unreviewed-verse
thanissaro	sn1.71	sn1.71:3.4	unreviewed-verse
thanissaro	sn1.71	sn1.71:3.5	unreviewed-verse
thanissaro	sn1.71	sn1.71:3.6	unreviewed-verse
thanissaro	sn1.7	sn1.7:2.1	unreviewed-verse
thanissaro	sn1.7	sn1.7:2.2	unreviewed-verse
thanissaro	sn1.7	sn1.7:2.3	unreviewed-verse
thanissaro	sn1.7	sn1.7:2.4	unreviewed-verse
thanissaro	sn1.7	sn1.7:3.1	unreviewed-verse
thanissaro	sn1.7	sn1.7:3.2	unreviewed-verse
thanissaro	sn1.7	sn1.7:3.3	unreviewed-verse
thanissaro	sn1.7	sn1.7:3.4	unreviewed-verse
thanissaro	sn1.8	sn1.8:2.1	unreviewed-verse
thanissaro	sn1.8	sn1.8:2.2	unreviewed-verse
thanissaro	sn1.8	sn1.8:2.3	unreviewed-verse
thanissaro	sn1.8	sn1.8:2.4	unreviewed-verse
thanissaro	sn1.8	sn1.8:3.1	unreviewed-verse
thanissaro	sn1.8	sn1.8:3.2	unreviewed-verse
thanissaro	sn1.8	sn1.8:3.3	unreviewed-verse
thanissaro	sn1.8	sn1.8:3.4	unreviewed-verse
thanissaro	sn1.9	sn1.9:2.1	unreviewed-verse
thanissaro	sn1.9	sn1.9:2.2	unreviewed-verse
thanissaro	sn1.9	sn1.9:2.3	unreviewed-verse
thanissaro	sn1.9	sn1.9:2.4	unreviewed-verse
thanissaro	sn1.9	sn1.9:3.1	unreviewed-verse
thanissaro	sn1.9	sn1.9:3.2	unreviewed-verse
thanissaro	sn1.9	sn1.9:3.3	unreviewed-verse
thanissaro	sn1.9	sn1.9:3.4	unreviewed-verse
thanissaro	sn10.12	sn10.12:2.1	unreviewed-verse
thanissaro	sn10.12	sn10.12:2.2	unreviewed-verse
thanissaro	sn10.12	sn10.12:2.3	unreviewed-verse
thanissaro	sn10.12	sn10.12:2.4	unreviewed-verse
thanissaro	sn10.12	sn10.12:3.1	unreviewed-verse
thanissaro	sn10.12	sn10.12:3.2	unreviewed-verse
thanissaro	sn10.12	sn10.12:3.3	unreviewed-verse
thanissaro	sn10.12	sn10.12:3.4	unreviewed-verse
thanissaro	sn10.12	sn10.12:4.1	unreviewed-verse
thanissaro	sn10.12	sn10.12:4.2	unreviewed-verse
thanissaro	sn10.12	sn10.12:4.3	unreviewed-verse
thanissaro	sn10.12	sn10.12:4.4	unreviewed-verse
thanissaro	sn10.12	sn10.12:5.1	unreviewed-verse
thanissaro	sn10.12	sn10.12:5.2	unreviewed-verse
thanissaro	sn10.12	sn10.12:5.3	unreviewed-verse
thanissaro	sn10.12	sn10.12:5.4	unreviewed-verse
thanissaro	sn10.12	sn10.12:6.1	unreviewed-verse
thanissaro	sn10.12	sn10.12:6.2	unreviewed-verse
thanissaro	sn10.12	sn10.12:6.3	unreviewed-verse
thanissaro	sn10.12	sn10.12:6.5	unreviewed-verse
thanissaro	sn10.12	sn10.12:7.2	unreviewed-verse
thanissaro	sn10.12	sn10.12:7.3	unreviewed-verse
thanissaro	sn10.12	sn10.12:7.4	unreviewed-verse
thanissaro	sn10.12	sn10.12:8.1	unreviewed-verse
thanissaro	sn10.12	sn10.12:8.2	unreviewed-verse
thanissaro	sn10.12	sn10.12:8.3	unreviewed-verse
thanissaro	sn10.12	sn10.12:10.1	unreviewed-verse
thanissaro	sn10.12	sn10.12:10.2	unreviewed-verse
thanissaro	sn10.12	sn10.12:10.3	unreviewed-verse
thanissaro	sn10.12	sn10.12:10.4	unreviewed-verse
thanissaro	sn10.12	sn10.12:11.1	unreviewed-verse
thanissaro	sn10.12	sn10.12:11.2	unreviewed-verse
thanissaro	sn10.12	sn10.12:11.3	unreviewed-verse
thanissaro	sn10.12	sn10.12:11.4	unreviewed-verse
thanissaro	sn10.12	sn10.12:12.1	unreviewed-verse
thanissaro	sn10.12	sn10.12:12.2	unreviewed-verse
thanissaro	sn10.12	sn10.12:12.3	unreviewed-verse
thanissaro	sn10.12	sn10.12:13.4	unreviewed-verse
thanissaro	sn10.4	sn10.4:2.1	unreviewed-verse
thanissaro	sn10.4	sn10.4:2.2	unreviewed-verse
thanissaro	sn10.4	sn10.4:2.3	unreviewed-verse
thanissaro	sn10.4	sn10.4:2.4	unreviewed-verse
thanissaro	sn10.4	sn10.4:3.1	unreviewed-verse
thanissaro	sn10.4	sn10.4:3.2	unreviewed-verse
thanissaro	sn10.4	sn10.4:3.3	unreviewed-verse
thanissaro	sn10.4	sn10.4:3.4	unreviewed-verse
thanissaro	sn10.4	sn10.4:4.1	unreviewed-verse
thanissaro	sn10.4	sn10.4:4.2	unreviewed-verse
thanissaro	sn10.4	sn10.4:4.3	unreviewed-verse
thanissaro	sn10.4	sn10.4:4.4	unreviewed-verse
thanissaro	sn10.8	sn10.8:2.1	unreviewed-verse
thanissaro	sn10.8	sn10.8:2.2	unreviewed-verse
thanissaro	sn10.8	sn10.8:2.3	unreviewed-verse
thanissaro	sn10.8	sn10.8:2.4	unreviewed-verse
thanissaro	sn10.8	sn10.8:2.5	unreviewed-verse
thanissaro	sn10.8	sn10.8:2.6	unreviewed-verse
thanissaro	sn10.8	sn10.8:3.1	unreviewed-verse
thanissaro	sn10.8	sn10.8:3.2	unreviewed-verse
thanissaro	sn10.8	sn10.8:3.3	unreviewed-verse
thanissaro	sn10.8	sn10.8:3.4	unreviewed-verse
thanissaro	sn10.8	sn10.8:5.1	unreviewed-verse
thanissaro	sn10.8	sn10.8:5.2	unreviewed-verse
thanissaro	sn10.8	sn10.8:5.3	unreviewed-verse
thanissaro	sn10.8	sn10.8:6.1	unreviewed-verse
thanissaro	sn10.8	sn10.8:6.2	unreviewed-verse
thanissaro	sn10.8	sn10.8:6.3	unreviewed-verse
thanissaro	sn10.8	sn10.8:6.4	unreviewed-verse
thanissaro	sn10.8	sn10.8:8.1	unreviewed-verse
thanissaro	sn10.8	sn10.8:8.2	unreviewed-verse
thanissaro	sn10.8	sn10.8:8.3	unreviewed-verse
thanissaro	sn10.8	sn10.8:9.1	unreviewed-verse
thanissaro	sn10.8	sn10.8:9.2	unreviewed-verse
thanissaro	sn10.8	sn10.8:9.3	unreviewed-verse
thanissaro	sn10.8	sn10.8:9.4	unreviewed-verse
thanissaro	sn10.8	sn10.8:12.1	unreviewed-verse
thanissaro	sn10.8	sn10.8:12.2	unreviewed-verse
thanissaro	sn10.8	sn10.8:12.3	unreviewed-verse
thanissaro	sn10.8	sn10.8:12.4	unreviewed-verse
thanissaro	sn10.8	sn10.8:13.1	unreviewed-verse
thanissaro	sn10.8	sn10.8:13.2	unreviewed-verse
thanissaro	sn10.8	sn10.8:13.3	unreviewed-verse
thanissaro	sn10.8	sn10.8:13.4	unreviewed-verse
thanissaro	sn11.14	sn11.14:4.1	unreviewed-verse
thanissaro	sn11.14	sn11.14:4.2	unreviewed-verse
thanissaro	sn11.14	sn11.14:4.3	unreviewed-verse
thanissaro	sn11.14	sn11.14:4.4	unreviewed-verse
thanissaro	sn11.14	sn11.14:5.1	unreviewed-verse
thanissaro	sn11.14	sn11.14:5.2	unreviewed-verse
thanissaro	sn11.14	sn11.14:5.3	unreviewed-verse
thanissaro	sn11.14	sn11.14:5.4	unreviewed-verse
thanissaro	sn11.14	sn11.14:6.1	unreviewed-verse
thanissaro	sn11.14	sn11.14:6.2	unreviewed-verse
thanissaro	sn11.14	sn11.14:6.3	unreviewed-verse
thanissaro	sn11.14	sn11.14:6.4	unreviewed-verse
thanissaro	sn11.15	sn11.15:2.1	unreviewed-verse
thanissaro	sn11.15	sn11.15:2.2	unreviewed-verse
thanissaro	sn11.15	sn11.15:2.3	unreviewed-verse
thanissaro	sn11.15	sn11.15:2.4	unreviewed-verse
thanissaro	sn11.15	sn11.15:3.1	unreviewed-verse
thanissaro	sn11.15	sn11.15:3.2	unreviewed-verse
thanissaro	sn11.15	sn11.15:3.3	unreviewed-verse
thanissaro	sn11.15	sn11.15:3.4	unreviewed-verse
thanissaro	sn11.22	sn11.22:4.1	unreviewed-verse
thanissaro	sn11.22	sn11.22:4.2	unreviewed-verse
thanissaro	sn11.22	sn11.22:4.3	unreviewed-verse
thanissaro	sn11.22	sn11.22:4.4	unreviewed-verse
thanissaro	sn11.22	sn11.22:5.1	unreviewed-verse
thanissaro	sn11.22	sn11.22:5.2	unreviewed-verse
thanissaro	sn11.22	sn11.22:5.3	unreviewed-verse
thanissaro	sn11.22	sn11.22:5.4	unreviewed-verse
thanissaro	sn11.24	sn11.24:4.1	unreviewed-verse
thanissaro	sn11.24	sn11.24:4.2	unreviewed-verse
thanissaro	sn11.24	sn11.24:4.3	unreviewed-verse
thanissaro	sn11.24	sn11.24:4.4	unreviewed-verse
thanissaro	sn11.24	sn11.24:4.5	unreviewed-verse
thanissaro	sn11.24	sn11.24:4.6	unreviewed-verse
thanissaro	sn11.3	sn11.3:13.1	unreviewed-verse
thanissaro	sn11.3	sn11.3:13.2	unreviewed-verse
thanissaro	sn11.3	sn11.3:13.3	unreviewed-verse
thanissaro	sn11.3	sn11.3:13.4	unreviewed-verse
thanissaro	sn11.3	sn11.3:14.1	unreviewed-verse
thanissaro	sn11.3	sn11.3:14.2	unreviewed-verse
thanissaro	sn11.3	sn11.3:14.3	unreviewed-verse
thanissaro	sn11.3	sn11.3:14.4	unreviewed-verse
thanissaro	sn11.3	sn11.3:15.1	unreviewed-verse
thanissaro	sn11.3	sn11.3:15.2	unreviewed-verse
thanissaro	sn11.3	sn11.3:15.3	unreviewed-verse
thanissaro	sn11.3	sn11.3:15.4	unreviewed-verse
thanissaro	sn11.3	sn11.3:16.1	unreviewed-verse
thanissaro	sn11.3	sn11.3:16.2	unreviewed-verse
thanissaro	sn11.3	sn11.3:16.3	unreviewed-verse
thanissaro	sn11.3	sn11.3:16.4	unreviewed-verse
thanissaro	sn11.5	sn11.5:2.1	unreviewed-verse
thanissaro	sn11.5	sn11.5:2.2	unreviewed-verse
thanissaro	sn11.5	sn11.5:2.3	unreviewed-verse
thanissaro	sn11.5	sn11.5:2.4	unreviewed-verse
thanissaro	sn11.5	sn11.5:4.1	unreviewed-verse
thanissaro	sn11.5	sn11.5:4.2	unreviewed-verse
thanissaro	sn11.5	sn11.5:4.3	unreviewed-verse
thanissaro	sn11.5	sn11.5:4.4	unreviewed-verse
thanissaro	sn11.5	sn11.5:6.1	unreviewed-verse
thanissaro	sn11.5	sn11.5:6.2	unreviewed-verse
thanissaro	sn11.5	sn11.5:6.3	unreviewed-verse
thanissaro	sn11.5	sn11.5:6.4	unreviewed-verse
thanissaro	sn11.5	sn11.5:6.5	unreviewed-verse
thanissaro	sn11.5	sn11.5:6.6	unreviewed-verse
thanissaro	sn11.5	sn11.5:8.1	unreviewed-verse
thanissaro	sn11.5	sn11.5:8.2	unreviewed-verse
thanissaro	sn11.5	sn11.5:8.3	unreviewed-verse
thanissaro	sn11.5	sn11.5:8.4	unreviewed-verse
thanissaro	sn11.5	sn11.5:9.1	unreviewed-verse
thanissaro	sn11.5	sn11.5:9.2	unreviewed-verse
thanissaro	sn11.5	sn11.5:9.3	unreviewed-verse
thanissaro	sn11.5	sn11.5:9.4	unreviewed-verse
thanissaro	sn11.5	sn11.5:10.1	unreviewed-verse
thanissaro	sn11.5	sn11.5:10.2	unreviewed-verse
thanissaro	sn11.5	sn11.5:10.3	unreviewed-verse
thanissaro	sn11.5	sn11.5:10.4	unreviewed-verse
thanissaro	sn11.5	sn11.5:11.1	unreviewed-verse
thanissaro	sn11.5	sn11.5:11.2	unreviewed-verse
thanissaro	sn11.5	sn11.5:11.3	unreviewed-verse
thanissaro	sn11.5	sn11.5:11.4	unreviewed-verse
thanissaro	sn11.5	sn11.5:12.1	unreviewed-verse
thanissaro	sn11.5	sn11.5:12.2	unreviewed-verse
thanissaro	sn11.5	sn11.5:12.3	unreviewed-verse
thanissaro	sn11.5	sn11.5:12.4	unreviewed-verse
thanissaro	sn11.5	sn11.5:13.1	unreviewed-verse
thanissaro	sn11.5	sn11.5:13.2	unreviewed-verse
thanissaro	sn11.5	sn11.5:13.3	unreviewed-verse
thanissaro	sn11.5	sn11.5:13.4	unreviewed-verse
thanissaro	sn12.31	sn12.31:2.3	unreviewed-verse
thanissaro	sn12.31	sn12.31:5.3	unreviewed-verse
thanissaro	sn12.31	sn12.31:9.3	unreviewed-verse
thanissaro	sn12.66	sn12.66:1.1	edition-variant
thanissaro	sn12.66	sn12.66:1.2	edition-variant
thanissaro	sn12.66	sn12.66:1.3	edition-variant
thanissaro	sn12.66	sn12.66:1.4	edition-variant
thanissaro	sn12.66	sn12.66:1.5	edition-variant
thanissaro	sn12.66	sn12.66:1.6	edition-variant
thanissaro	sn12.66	sn12.66:1.7	edition-variant
thanissaro	sn12.66	sn12.66:1.8	edition-variant
thanissaro	sn12.66	sn12.66:1.9	edition-variant
thanissaro	sn12.66	sn12.66:1.10	edition-variant
thanissaro	sn12.66	sn12.66:1.11	edition-variant
thanissaro	sn12.66	sn12.66:1.12	edition-variant
thanissaro	sn12.66	sn12.66:2.1	edition-variant
thanissaro	sn12.66	sn12.66:2.2	edition-variant
thanissaro	sn12.66	sn12.66:2.3	edition-variant
thanissaro	sn12.66	sn12.66:2.4	edition-variant
thanissaro	sn12.66	sn12.66:2.5	edition-variant
thanissaro	sn12.66	sn12.66:2.6	edition-variant
thanissaro	sn12.66	sn12.66:3.1	edition-variant
thanissaro	sn12.66	sn12.66:3.2	edition-variant
thanissaro	sn12.66	sn12.66:3.3	edition-variant
thanissaro	sn12.66	sn12.66:3.4	edition-variant
thanissaro	sn12.66	sn12.66:3.5	edition-variant
thanissaro	sn12.66	sn12.66:3.6	edition-variant
thanissaro	sn12.66	sn12.66:3.7	edition-variant
thanissaro	sn12.66	sn12.66:3.8	edition-variant
thanissaro	sn12.66	sn12.66:3.9	edition-variant
thanissaro	sn12.66	sn12.66:4.1	edition-variant
thanissaro	sn12.66	sn12.66:4.2	edition-variant
thanissaro	sn12.66	sn12.66:4.3	edition-variant
thanissaro	sn12.66	sn12.66:4.4	edition-variant
thanissaro	sn12.66	sn12.66:4.5	edition-variant
thanissaro	sn12.66	sn12.66:4.6	edition-variant
thanissaro	sn12.66	sn12.66:4.7	edition-variant
thanissaro	sn12.66	sn12.66:5.1	edition-variant
thanissaro	sn12.66	sn12.66:5.2	edition-variant
thanissaro	sn12.66	sn12.66:5.3	edition-variant
thanissaro	sn12.66	sn12.66:5.4	edition-variant
thanissaro	sn12.66	sn12.66:5.5	edition-variant
thanissaro	sn12.66	sn12.66:5.6	edition-variant
thanissaro	sn12.66	sn12.66:5.7	edition-variant
thanissaro	sn12.66	sn12.66:5.8	edition-variant
thanissaro	sn12.66	sn12.66:5.9	edition-variant
thanissaro	sn12.66	sn12.66:5.10	edition-variant
thanissaro	sn12.66	sn12.66:5.11	edition-variant
thanissaro	sn12.66	sn12.66:6.1	edition-variant
thanissaro	sn12.66	sn12.66:6.2	edition-variant
thanissaro	sn12.66	sn12.66:6.3	edition-variant
thanissaro	sn12.66	sn12.66:6.4	edition-variant
thanissaro	sn12.66	sn12.66:6.5	edition-variant
thanissaro	sn12.66	sn12.66:7.1	edition-variant
thanissaro	sn12.66	sn12.66:7.2	edition-variant
thanissaro	sn12.66	sn12.66:7.3	edition-variant
thanissaro	sn12.66	sn12.66:7.4	edition-variant
thanissaro	sn12.66	sn12.66:7.5	edition-variant
thanissaro	sn12.66	sn12.66:8.1	edition-variant
thanissaro	sn12.66	sn12.66:8.2	edition-variant
thanissaro	sn12.66	sn12.66:8.3	edition-variant
thanissaro	sn12.66	sn12.66:8.4	edition-variant
thanissaro	sn12.66	sn12.66:8.5	edition-variant
thanissaro	sn12.66	sn12.66:9.1	edition-variant
thanissaro	sn12.66	sn12.66:9.2	edition-variant
thanissaro	sn12.66	sn12.66:9.3	edition-variant
thanissaro	sn12.66	sn12.66:9.4	edition-variant
thanissaro	sn12.66	sn12.66:9.5	edition-variant
thanissaro	sn12.66	sn12.66:9.6	edition-variant
thanissaro	sn12.66	sn12.66:9.7	edition-variant
thanissaro	sn12.66	sn12.66:9.8	edition-variant
thanissaro	sn12.66	sn12.66:9.9	edition-variant
thanissaro	sn12.66	sn12.66:9.10	edition-variant
thanissaro	sn12.66	sn12.66:9.11	edition-variant
thanissaro	sn12.66	sn12.66:9.12	edition-variant
thanissaro	sn12.66	sn12.66:9.13	edition-variant
thanissaro	sn12.66	sn12.66:9.14	edition-variant
thanissaro	sn12.66	sn12.66:9.15	edition-variant
thanissaro	sn12.66	sn12.66:9.16	edition-variant
thanissaro	sn12.66	sn12.66:10.1	edition-variant
thanissaro	sn12.66	sn12.66:10.2	edition-variant
thanissaro	sn12.66	sn12.66:10.3	edition-variant
thanissaro	sn12.66	sn12.66:10.4	edition-variant
thanissaro	sn12.66	sn12.66:10.5	edition-variant
thanissaro	sn12.66	sn12.66:11.1	edition-variant
thanissaro	sn12.66	sn12.66:11.2	edition-variant
thanissaro	sn12.66	sn12.66:11.3	edition-variant
thanissaro	sn12.66	sn12.66:11.4	edition-variant
thanissaro	sn12.66	sn12.66:12.1	edition-variant
thanissaro	sn12.66	sn12.66:12.2	edition-variant
thanissaro	sn12.66	sn12.66:12.3	edition-variant
thanissaro	sn12.66	sn12.66:12.4	edition-variant
thanissaro	sn12.66	sn12.66:12.5	edition-variant
thanissaro	sn12.66	sn12.66:13.1	edition-variant
thanissaro	sn12.66	sn12.66:13.2	edition-variant
thanissaro	sn12.66	sn12.66:13.3	edition-variant
thanissaro	sn12.66	sn12.66:13.4	edition-variant
thanissaro	sn12.66	sn12.66:13.5	edition-variant
thanissaro	sn12.66	sn12.66:13.6	edition-variant
thanissaro	sn12.66	sn12.66:13.7	edition-variant
thanissaro	sn12.66	sn12.66:13.8	edition-variant
thanissaro	sn12.66	sn12.66:13.9	edition-variant
thanissaro	sn12.66	sn12.66:13.10	edition-variant
thanissaro	sn12.66	sn12.66:13.11	edition-variant
thanissaro	sn12.66	sn12.66:13.12	edition-variant
thanissaro	sn12.66	sn12.66:13.13	edition-variant
thanissaro	sn12.66	sn12.66:13.14	edition-variant
thanissaro	sn12.66	sn12.66:13.15	edition-variant
thanissaro	sn12.66	sn12.66:13.16	edition-variant
thanissaro	sn12.66	sn12.66:13.17	edition-variant
thanissaro	sn12.66	sn12.66:14.1	edition-variant
thanissaro	sn12.66	sn12.66:14.2	edition-variant
thanissaro	sn12.66	sn12.66:14.3	edition-variant
thanissaro	sn12.66	sn12.66:14.4	edition-variant
thanissaro	sn12.66	sn12.66:14.5	edition-variant
thanissaro	sn12.66	sn12.66:14.6	edition-variant
thanissaro	sn15.10	sn15.10:4.1	unreviewed-verse
thanissaro	sn15.10	sn15.10:4.2	unreviewed-verse
thanissaro	sn15.10	sn15.10:4.3	unreviewed-verse
thanissaro	sn15.10	sn15.10:4.4	unreviewed-verse
thanissaro	sn15.10	sn15.10:5.1	unreviewed-verse
thanissaro	sn15.10	sn15.10:5.2	unreviewed-verse
thanissaro	sn15.10	sn15.10:5.3	unreviewed-verse
thanissaro	sn15.10	sn15.10:5.4	unreviewed-verse
thanissaro	sn15.10	sn15.10:6.1	unreviewed-verse
thanissaro	sn15.10	sn15.10:6.2	unreviewed-verse
thanissaro	sn15.10	sn15.10:6.3	unreviewed-verse
thanissaro	sn15.10	sn15.10:6.4	unreviewed-verse
thanissaro	sn15.10	sn15.10:6.5	unreviewed-verse
thanissaro	sn15.10	sn15.10:6.6	unreviewed-verse
thanissaro	sn15.10	sn15.10:7.1	unreviewed-verse
thanissaro	sn15.10	sn15.10:7.2	unreviewed-verse
thanissaro	sn15.10	sn15.10:7.3	unreviewed-verse
thanissaro	sn15.10	sn15.10:7.4	unreviewed-verse
thanissaro	sn2.17	sn2.17:2.1	unreviewed-verse
thanissaro	sn2.17	sn2.17:2.2	unreviewed-verse
thanissaro	sn2.17	sn2.17:2.3	unreviewed-verse
thanissaro	sn2.17	sn2.17:2.4	unreviewed-verse
thanissaro	sn2.17	sn2.17:2.5	unreviewed-verse
thanissaro	sn2.17	sn2.17:2.6	unreviewed-verse
thanissaro	sn2.17	sn2.17:3.1	unreviewed-verse
thanissaro	sn2.17	sn2.17:3.2	unreviewed-verse
thanissaro	sn2.17	sn2.17:3.3	unreviewed-verse
thanissaro	sn2.17	sn2.17:3.4	unreviewed-verse
thanissaro	sn2.19	sn2.19:2.1	unreviewed-verse
thanissaro	sn2.19	sn2.19:2.2	unreviewed-verse
thanissaro	sn2.19	sn2.19:2.3	unreviewed-verse
thanissaro	sn2.19	sn2.19:2.4	unreviewed-verse
thanissaro	sn2.19	sn2.19:3.1	unreviewed-verse
thanissaro	sn2.19	sn2.19:3.2	unreviewed-verse
thanissaro	sn2.19	sn2.19:3.3	unreviewed-verse
thanissaro	sn2.19	sn2.19:3.4	unreviewed-verse
thanissaro	sn2.22	sn2.22:2.1	unreviewed-verse
thanissaro	sn2.22	sn2.22:2.2	unreviewed-verse
thanissaro	sn2.22	sn2.22:2.3	unreviewed-verse
thanissaro	sn2.22	sn2.22:2.4	unreviewed-verse
thanissaro	sn2.22	sn2.22:3.1	unreviewed-verse
thanissaro	sn2.22	sn2.22:3.2	unreviewed-verse
thanissaro	sn2.22	sn2.22:3.3	unreviewed-verse
thanissaro	sn2.22	sn2.22:3.4	unreviewed-verse
thanissaro	sn2.22	sn2.22:4.1	unreviewed-verse
thanissaro	sn2.22	sn2.22:4.2	unreviewed-verse
thanissaro	sn2.22	sn2.22:4.3	unreviewed-verse
thanissaro	sn2.22	sn2.22:4.4	unreviewed-verse
thanissaro	sn2.22	sn2.22:5.1	unreviewed-verse
thanissaro	sn2.22	sn2.22:5.2	unreviewed-verse
thanissaro	sn2.22	sn2.22:5.3	unreviewed-verse
thanissaro	sn2.22	sn2.22:5.4	unreviewed-verse
thanissaro	sn2.22	sn2.22:6.1	unreviewed-verse
thanissaro	sn2.22	sn2.22:6.2	unreviewed-verse
thanissaro	sn2.22	sn2.22:6.3	unreviewed-verse
thanissaro	sn2.22	sn2.22:6.4	unreviewed-verse
thanissaro	sn2.22	sn2.22:7.1	unreviewed-verse
thanissaro	sn2.22	sn2.22:7.2	unreviewed-verse
thanissaro	sn2.22	sn2.22:7.3	unreviewed-verse
thanissaro	sn2.22	sn2.22:7.4	unreviewed-verse
thanissaro	sn2.23	sn2.23:2.1	unreviewed-verse
thanissaro	sn2.23	sn2.23:2.2	unreviewed-verse
thanissaro	sn2.23	sn2.23:2.3	unreviewed-verse
thanissaro	sn2.23	sn2.23:2.4	unreviewed-verse
thanissaro	sn2.23	sn2.23:3.1	unreviewed-verse
thanissaro	sn2.23	sn2.23:3.2	unreviewed-verse
thanissaro	sn2.23	sn2.23:3.3	unreviewed-verse
thanissaro	sn2.23	sn2.23:3.4	unreviewed-verse
thanissaro	sn2.23	sn2.23:4.1	unreviewed-verse
thanissaro	sn2.23	sn2.23:4.2	unreviewed-verse
thanissaro	sn2.23	sn2.23:4.3	unreviewed-verse
thanissaro	sn2.23	sn2.23:4.4	unreviewed-verse
thanissaro	sn2.23	sn2.23:6.1	unreviewed-verse
thanissaro	sn2.23	sn2.23:6.2	unreviewed-verse
thanissaro	sn2.23	sn2.23:6.3	unreviewed-verse
thanissaro	sn2.23	sn2.23:6.4	unreviewed-verse
thanissaro	sn2.23	sn2.23:7.1	unreviewed-verse
thanissaro	sn2.23	sn2.23:7.2	unreviewed-verse
thanissaro	sn2.23	sn2.23:7.3	unreviewed-verse
thanissaro	sn2.23	sn2.23:7.4	unreviewed-verse
thanissaro	sn2.23	sn2.23:13.1	unreviewed-verse
thanissaro	sn2.23	sn2.23:13.2	unreviewed-verse
thanissaro	sn2.23	sn2.23:13.3	unreviewed-verse
thanissaro	sn2.23	sn2.23:13.4	unreviewed-verse
thanissaro	sn2.23	sn2.23:14.1	unreviewed-verse
thanissaro	sn2.23	sn2.23:14.2	unreviewed-verse
thanissaro	sn2.23	sn2.23:14.3	unreviewed-verse
thanissaro	sn2.23	sn2.23:14.4	unreviewed-verse
thanissaro	sn2.25	sn2.25:3.1	unreviewed-verse
thanissaro	sn2.25	sn2.25:3.2	unreviewed-verse
thanissaro	sn2.25	sn2.25:3.3	unreviewed-verse
thanissaro	sn2.25	sn2.25:3.4	unreviewed-verse
thanissaro	sn2.25	sn2.25:3.5	unreviewed-verse
thanissaro	sn2.25	sn2.25:3.6	unreviewed-verse
thanissaro	sn2.25	sn2.25:4.1	unreviewed-verse
thanissaro	sn2.25	sn2.25:4.2	unreviewed-verse
thanissaro	sn2.25	sn2.25:4.3	unreviewed-verse
thanissaro	sn2.25	sn2.25:4.4	unreviewed-verse
thanissaro	sn2.25	sn2.25:5.1	unreviewed-verse
thanissaro	sn2.25	sn2.25:5.2	unreviewed-verse
thanissaro	sn2.25	sn2.25:5.3	unreviewed-verse
thanissaro	sn2.25	sn2.25:5.4	unreviewed-verse
thanissaro	sn2.25	sn2.25:6.1	unreviewed-verse
thanissaro	sn2.25	sn2.25:6.2	unreviewed-verse
thanissaro	sn2.25	sn2.25:6.3	unreviewed-verse
thanissaro	sn2.25	sn2.25:6.4	unreviewed-verse
thanissaro	sn2.26	sn2.26:6.1	unreviewed-verse
thanissaro	sn2.26	sn2.26:6.2	unreviewed-verse
thanissaro	sn2.26	sn2.26:6.3	unreviewed-verse
thanissaro	sn2.26	sn2.26:6.4	unreviewed-verse
thanissaro	sn2.26	sn2.26:7.1	unreviewed-verse
thanissaro	sn2.26	sn2.26:7.2	unreviewed-verse
thanissaro	sn2.26	sn2.26:7.3	unreviewed-verse
thanissaro	sn2.26	sn2.26:7.4	unreviewed-verse
thanissaro	sn2.2	sn2.2:2.1	unreviewed-verse
thanissaro	sn2.2	sn2.2:2.2	unreviewed-verse
thanissaro	sn2.2	sn2.2:2.3	unreviewed-verse
thanissaro	sn2.2	sn2.2:2.4	unreviewed-verse
thanissaro	sn2.5	sn2.5:2.1	unreviewed-verse
thanissaro	sn2.5	sn2.5:2.2	unreviewed-verse
thanissaro	sn2.5	sn2.5:2.3	unreviewed-verse
thanissaro	sn2.5	sn2.5:2.4	unreviewed-verse
thanissaro	sn2.5	sn2.5:3.1	unreviewed-verse
thanissaro	sn2.5	sn2.5:3.3	unreviewed-verse
thanissaro	sn2.5	sn2.5:3.4	unreviewed-verse
thanissaro	sn2.5	sn2.5:3.5	unreviewed-verse
thanissaro	sn2.5	sn2.5:3.6	unreviewed-verse
thanissaro	sn2.5	sn2.5:3.7	unreviewed-verse
thanissaro	sn2.5	sn2.5:4.1	unreviewed-verse
thanissaro	sn2.5	sn2.5:4.2	unreviewed-verse
thanissaro	sn2.5	sn2.5:4.3	unreviewed-verse
thanissaro	sn2.5	sn2.5:4.4	unreviewed-verse
thanissaro	sn2.7	sn2.7:2.1	unreviewed-verse
thanissaro	sn2.7	sn2.7:2.2	unreviewed-verse
thanissaro	sn2.7	sn2.7:2.3	unreviewed-verse
thanissaro	sn2.7	sn2.7:2.4	unreviewed-verse
thanissaro	sn2.7	sn2.7:3.1	unreviewed-verse
thanissaro	sn2.7	sn2.7:3.3	unreviewed-verse
thanissaro	sn2.7	sn2.7:3.4	unreviewed-verse
thanissaro	sn2.7	sn2.7:3.5	unreviewed-verse
thanissaro	sn2.8	sn2.8:2.1	unreviewed-verse
thanissaro	sn2.8	sn2.8:2.2	unreviewed-verse
thanissaro	sn2.8	sn2.8:2.3	unreviewed-verse
thanissaro	sn2.8	sn2.8:2.4	unreviewed-verse
thanissaro	sn2.8	sn2.8:3.1	unreviewed-verse
thanissaro	sn2.8	sn2.8:3.2	unreviewed-verse
thanissaro	sn2.8	sn2.8:3.3	unreviewed-verse
thanissaro	sn2.8	sn2.8:3.4	unreviewed-verse
thanissaro	sn2.8	sn2.8:4.1	unreviewed-verse
thanissaro	sn2.8	sn2.8:4.2	unreviewed-verse
thanissaro	sn2.8	sn2.8:4.3	unreviewed-verse
thanissaro	sn2.8	sn2.8:4.4	unreviewed-verse
thanissaro	sn2.8	sn2.8:5.1	unreviewed-verse
thanissaro	sn2.8	sn2.8:5.2	unreviewed-verse
thanissaro	sn2.8	sn2.8:5.3	unreviewed-verse
thanissaro	sn2.8	sn2.8:5.4	unreviewed-verse
thanissaro	sn2.8	sn2.8:6.1	unreviewed-verse
thanissaro	sn2.8	sn2.8:6.2	unreviewed-verse
thanissaro	sn2.8	sn2.8:6.3	unreviewed-verse
thanissaro	sn2.8	sn2.8:6.4	unreviewed-verse
thanissaro	sn2.8	sn2.8:9.1	unreviewed-verse
thanissaro	sn2.8	sn2.8:9.2	unreviewed-verse
thanissaro	sn2.8	sn2.8:9.3	unreviewed-verse
thanissaro	sn2.8	sn2.8:9.4	unreviewed-verse
thanissaro	sn2.8	sn2.8:10.1	unreviewed-verse
thanissaro	sn2.8	sn2.8:10.2	unreviewed-verse
thanissaro	sn2.8	sn2.8:10.3	unreviewed-verse
thanissaro	sn2.8	sn2.8:10.4	unreviewed-verse
thanissaro	sn2.8	sn2.8:11.1	unreviewed-verse
thanissaro	sn2.8	sn2.8:11.2	unreviewed-verse
thanissaro	sn2.8	sn2.8:11.3	unreviewed-verse
thanissaro	sn2.8	sn2.8:11.4	unreviewed-verse
thanissaro	sn2.8	sn2.8:12.1	unreviewed-verse
thanissaro	sn2.8	sn2.8:12.2	unreviewed-verse
thanissaro	sn2.8	sn2.8:12.3	unreviewed-verse
thanissaro	sn2.8	sn2.8:12.4	unreviewed-verse
thanissaro	sn2.8	sn2.8:13.1	unreviewed-verse
thanissaro	sn2.8	sn2.8:13.2	unreviewed-verse
thanissaro	sn2.8	sn2.8:13.3	unreviewed-verse
thanissaro	sn2.8	sn2.8:13.4	unreviewed-verse
thanissaro	sn21.10	sn21.10:5.1	unreviewed-verse
thanissaro	sn21.10	sn21.10:5.2	unreviewed-verse
thanissaro	sn21.10	sn21.10:5.3	unreviewed-verse
thanissaro	sn21.10	sn21.10:5.4	unreviewed-verse
thanissaro	sn21.3	sn21.3:6.1	unreviewed-verse
thanissaro	sn21.3	sn21.3:6.2	unreviewed-verse
thanissaro	sn21.3	sn21.3:6.3	unreviewed-verse
thanissaro	sn21.3	sn21.3:6.4	unreviewed-verse
thanissaro	sn21.6	sn21.6:2.1	unreviewed-verse
thanissaro	sn21.6	sn21.6:2.2	unreviewed-verse
thanissaro	sn21.6	sn21.6:2.3	unreviewed-verse
thanissaro	sn21.6	sn21.6:2.4	unreviewed-verse
thanissaro	sn21.6	sn21.6:3.1	unreviewed-verse
thanissaro	sn21.6	sn21.6:3.2	unreviewed-verse
thanissaro	sn21.6	sn21.6:3.3	unreviewed-verse
thanissaro	sn21.6	sn21.6:3.4	unreviewed-verse
thanissaro	sn21.8	sn21.8:2.1	unreviewed-verse
thanissaro	sn21.8	sn21.8:2.2	unreviewed-verse
thanissaro	sn21.8	sn21.8:2.3	unreviewed-verse
thanissaro	sn21.8	sn21.8:2.4	unreviewed-verse
thanissaro	sn21.9	sn21.9:3.1	unreviewed-verse
thanissaro	sn21.9	sn21.9:3.2	unreviewed-verse
thanissaro	sn21.9	sn21.9:3.3	unreviewed-verse
thanissaro	sn21.9	sn21.9:3.4	unreviewed-verse
thanissaro	sn22.22	sn22.22:6.1	unreviewed-verse
thanissaro	sn22.22	sn22.22:6.2	unreviewed-verse
thanissaro	sn22.22	sn22.22:6.3	unreviewed-verse
thanissaro	sn22.22	sn22.22:6.4	unreviewed-verse
thanissaro	sn22.22	sn22.22:7.1	unreviewed-verse
thanissaro	sn22.22	sn22.22:7.2	unreviewed-verse
thanissaro	sn22.22	sn22.22:7.3	unreviewed-verse
thanissaro	sn22.22	sn22.22:7.4	unreviewed-verse
thanissaro	sn22.3	sn22.3:2.1	unreviewed-verse
thanissaro	sn22.3	sn22.3:2.2	unreviewed-verse
thanissaro	sn22.3	sn22.3:2.3	unreviewed-verse
thanissaro	sn22.3	sn22.3:2.4	unreviewed-verse
thanissaro	sn22.3	sn22.3:17.1	unreviewed-verse
thanissaro	sn22.3	sn22.3:17.2	unreviewed-verse
thanissaro	sn22.3	sn22.3:17.3	unreviewed-verse
thanissaro	sn22.3	sn22.3:17.4	unreviewed-verse
thanissaro	sn22.58	sn22.58:1.1	correspondence
thanissaro	sn22.58	sn22.58:1.2	correspondence
thanissaro	sn22.58	sn22.58:1.3	correspondence
thanissaro	sn22.58	sn22.58:2.1	correspondence
thanissaro	sn22.58	sn22.58:2.2	correspondence
thanissaro	sn22.58	sn22.58:3.1	correspondence
thanissaro	sn22.58	sn22.58:3.2	correspondence
thanissaro	sn22.58	sn22.58:3.3	correspondence
thanissaro	sn22.58	sn22.58:3.4	correspondence
thanissaro	sn22.58	sn22.58:4.1	correspondence
thanissaro	sn22.58	sn22.58:4.2	correspondence
thanissaro	sn22.58	sn22.58:4.3	correspondence
thanissaro	sn22.58	sn22.58:4.4	correspondence
thanissaro	sn22.58	sn22.58:4.5	correspondence
thanissaro	sn22.58	sn22.58:5.1	correspondence
thanissaro	sn22.58	sn22.58:5.2	correspondence
thanissaro	sn22.58	sn22.58:5.3	correspondence
thanissaro	sn22.76	sn22.76:4.1	unreviewed-verse
thanissaro	sn22.76	sn22.76:4.2	unreviewed-verse
thanissaro	sn22.76	sn22.76:4.3	unreviewed-verse
thanissaro	sn22.76	sn22.76:4.4	unreviewed-verse
thanissaro	sn22.76	sn22.76:5.1	unreviewed-verse
thanissaro	sn22.76	sn22.76:5.2	unreviewed-verse
thanissaro	sn22.76	sn22.76:5.3	unreviewed-verse
thanissaro	sn22.76	sn22.76:5.4	unreviewed-verse
thanissaro	sn22.76	sn22.76:6.1	unreviewed-verse
thanissaro	sn22.76	sn22.76:6.2	unreviewed-verse
thanissaro	sn22.76	sn22.76:6.3	unreviewed-verse
thanissaro	sn22.76	sn22.76:6.4	unreviewed-verse
thanissaro	sn22.76	sn22.76:7.1	unreviewed-verse
thanissaro	sn22.76	sn22.76:7.2	unreviewed-verse
thanissaro	sn22.76	sn22.76:7.3	unreviewed-verse
thanissaro	sn22.76	sn22.76:7.4	unreviewed-verse
thanissaro	sn22.76	sn22.76:8.1	unreviewed-verse
thanissaro	sn22.76	sn22.76:8.2	unreviewed-verse
thanissaro	sn22.76	sn22.76:8.3	unreviewed-verse
thanissaro	sn22.76	sn22.76:8.4	unreviewed-verse
thanissaro	sn22.76	sn22.76:9.1	unreviewed-verse
thanissaro	sn22.76	sn22.76:9.2	unreviewed-verse
thanissaro	sn22.76	sn22.76:9.3	unreviewed-verse
thanissaro	sn22.76	sn22.76:9.4	unreviewed-verse
thanissaro	sn22.76	sn22.76:10.1	unreviewed-verse
thanissaro	sn22.76	sn22.76:10.2	unreviewed-verse
thanissaro	sn22.76	sn22.76:10.3	unreviewed-verse
thanissaro	sn22.76	sn22.76:10.4	unreviewed-verse
thanissaro	sn22.76	sn22.76:11.1	unreviewed-verse
thanissaro	sn22.76	sn22.76:11.2	unreviewed-verse
thanissaro	sn22.76	sn22.76:11.3	unreviewed-verse
thanissaro	sn22.76	sn22.76:11.4	unreviewed-verse
thanissaro	sn22.78	sn22.78:3.1	unreviewed-verse
thanissaro	sn22.78	sn22.78:3.2	unreviewed-verse
thanissaro	sn22.78	sn22.78:3.3	unreviewed-verse
thanissaro	sn22.78	sn22.78:3.4	unreviewed-verse
thanissaro	sn22.78	sn22.78:4.1	unreviewed-verse
thanissaro	sn22.78	sn22.78:4.2	unreviewed-verse
thanissaro	sn22.78	sn22.78:4.3	unreviewed-verse
thanissaro	sn22.78	sn22.78:4.4	unreviewed-verse
thanissaro	sn22.78	sn22.78:5.1	unreviewed-verse
thanissaro	sn22.78	sn22.78:5.2	unreviewed-verse
thanissaro	sn22.78	sn22.78:5.3	unreviewed-verse
thanissaro	sn22.78	sn22.78:5.4	unreviewed-verse
thanissaro	sn22.78	sn22.78:6.1	unreviewed-verse
thanissaro	sn22.78	sn22.78:6.2	unreviewed-verse
thanissaro	sn22.78	sn22.78:6.3	unreviewed-verse
thanissaro	sn22.78	sn22.78:6.4	unreviewed-verse
thanissaro	sn22.79	sn22.79:15.1	unreviewed-verse
thanissaro	sn22.79	sn22.79:15.2	unreviewed-verse
thanissaro	sn22.79	sn22.79:15.3	unreviewed-verse
thanissaro	sn22.79	sn22.79:15.4	unreviewed-verse
thanissaro	sn22.82	sn22.82:15.1	unreviewed-verse
thanissaro	sn22.82	sn22.82:15.2	unreviewed-verse
thanissaro	sn22.82	sn22.82:15.3	unreviewed-verse
thanissaro	sn22.82	sn22.82:15.4	unreviewed-verse
thanissaro	sn22.82	sn22.82:15.5	unreviewed-verse
thanissaro	sn22.82	sn22.82:15.6	unreviewed-verse
thanissaro	sn22.95	sn22.95:9.1	unreviewed-verse
thanissaro	sn22.95	sn22.95:9.2	unreviewed-verse
thanissaro	sn22.95	sn22.95:9.3	unreviewed-verse
thanissaro	sn22.95	sn22.95:9.4	unreviewed-verse
thanissaro	sn22.95	sn22.95:9.5	unreviewed-verse
thanissaro	sn22.95	sn22.95:9.6	unreviewed-verse
thanissaro	sn22.95	sn22.95:10.1	unreviewed-verse
thanissaro	sn22.95	sn22.95:10.2	unreviewed-verse
thanissaro	sn22.95	sn22.95:10.3	unreviewed-verse
thanissaro	sn22.95	sn22.95:10.4	unreviewed-verse
thanissaro	sn22.95	sn22.95:11.1	unreviewed-verse
thanissaro	sn22.95	sn22.95:11.2	unreviewed-verse
thanissaro	sn22.95	sn22.95:11.3	unreviewed-verse
thanissaro	sn22.95	sn22.95:11.4	unreviewed-verse
thanissaro	sn22.95	sn22.95:12.1	unreviewed-verse
thanissaro	sn22.95	sn22.95:12.2	unreviewed-verse
thanissaro	sn22.95	sn22.95:12.3	unreviewed-verse
thanissaro	sn22.95	sn22.95:12.4	unreviewed-verse
thanissaro	sn22.95	sn22.95:13.1	unreviewed-verse
thanissaro	sn22.95	sn22.95:13.2	unreviewed-verse
thanissaro	sn22.95	sn22.95:13.3	unreviewed-verse
thanissaro	sn22.95	sn22.95:13.4	unreviewed-verse
thanissaro	sn22.95	sn22.95:14.1	unreviewed-verse
thanissaro	sn22.95	sn22.95:14.2	unreviewed-verse
thanissaro	sn22.95	sn22.95:14.3	unreviewed-verse
thanissaro	sn22.95	sn22.95:14.4	unreviewed-verse
thanissaro	sn22.95	sn22.95:15.1	unreviewed-verse
thanissaro	sn22.95	sn22.95:15.2	unreviewed-verse
thanissaro	sn22.95	sn22.95:15.3	unreviewed-verse
thanissaro	sn22.95	sn22.95:15.4	unreviewed-verse
thanissaro	sn3.10	sn3.10:4.1	unreviewed-verse
thanissaro	sn3.10	sn3.10:4.2	unreviewed-verse
thanissaro	sn3.10	sn3.10:4.3	unreviewed-verse
thanissaro	sn3.10	sn3.10:4.4	unreviewed-verse
thanissaro	sn3.10	sn3.10:5.1	unreviewed-verse
thanissaro	sn3.10	sn3.10:5.2	unreviewed-verse
thanissaro	sn3.10	sn3.10:5.3	unreviewed-verse
thanissaro	sn3.10	sn3.10:5.4	unreviewed-verse
thanissaro	sn3.11	sn3.11:9.1	unreviewed-verse
thanissaro	sn3.11	sn3.11:9.2	unreviewed-verse
thanissaro	sn3.11	sn3.11:9.3	unreviewed-verse
thanissaro	sn3.11	sn3.11:9.4	unreviewed-verse
thanissaro	sn3.11	sn3.11:10.1	unreviewed-verse
thanissaro	sn3.11	sn3.11:10.2	unreviewed-verse
thanissaro	sn3.11	sn3.11:10.3	unreviewed-verse
thanissaro	sn3.11	sn3.11:10.4	unreviewed-verse
thanissaro	sn3.13	sn3.13:3.1	unreviewed-verse
thanissaro	sn3.13	sn3.13:3.2	unreviewed-verse
thanissaro	sn3.13	sn3.13:3.3	unreviewed-verse
thanissaro	sn3.13	sn3.13:3.4	unreviewed-verse
thanissaro	sn3.13	sn3.13:5.1	unreviewed-verse
thanissaro	sn3.13	sn3.13:5.2	unreviewed-verse
thanissaro	sn3.13	sn3.13:5.3	unreviewed-verse
thanissaro	sn3.13	sn3.13:5.4	unreviewed-verse
thanissaro	sn3.14	sn3.14:5.1	unreviewed-verse
thanissaro	sn3.14	sn3.14:5.2	unreviewed-verse
thanissaro	sn3.14	sn3.14:5.3	unreviewed-verse
thanissaro	sn3.14	sn3.14:5.4	unreviewed-verse
thanissaro	sn3.17	sn3.17:5.1	unreviewed-verse
thanissaro	sn3.17	sn3.17:5.2	unreviewed-verse
thanissaro	sn3.17	sn3.17:5.3	unreviewed-verse
thanissaro	sn3.17	sn3.17:5.4	unreviewed-verse
thanissaro	sn3.17	sn3.17:6.1	unreviewed-verse
thanissaro	sn3.17	sn3.17:6.2	unreviewed-verse
thanissaro	sn3.17	sn3.17:6.3	unreviewed-verse
thanissaro	sn3.17	sn3.17:6.4	unreviewed-verse
thanissaro	sn3.17	sn3.17:7.1	unreviewed-verse
thanissaro	sn3.17	sn3.17:7.2	unreviewed-verse
thanissaro	sn3.17	sn3.17:7.3	unreviewed-verse
thanissaro	sn3.17	sn3.17:7.4	unreviewed-verse
thanissaro	sn3.19	sn3.19:7.1	unreviewed-verse
thanissaro	sn3.19	sn3.19:7.2	unreviewed-verse
thanissaro	sn3.19	sn3.19:7.3	unreviewed-verse
thanissaro	sn3.19	sn3.19:7.4	unreviewed-verse
thanissaro	sn3.19	sn3.19:8.1	unreviewed-verse
thanissaro	sn3.19	sn3.19:8.2	unreviewed-verse
thanissaro	sn3.19	sn3.19:8.3	unreviewed-verse
thanissaro	sn3.19	sn3.19:8.4	unreviewed-verse
thanissaro	sn3.1	sn3.1:5.1	unreviewed-verse
thanissaro	sn3.1	sn3.1:5.2	unreviewed-verse
thanissaro	sn3.1	sn3.1:5.3	unreviewed-verse
thanissaro	sn3.1	sn3.1:5.4	unreviewed-verse
thanissaro	sn3.1	sn3.1:6.1	unreviewed-verse
thanissaro	sn3.1	sn3.1:6.2	unreviewed-verse
thanissaro	sn3.1	sn3.1:6.3	unreviewed-verse
thanissaro	sn3.1	sn3.1:6.4	unreviewed-verse
thanissaro	sn3.1	sn3.1:6.5	unreviewed-verse
thanissaro	sn3.1	sn3.1:6.6	unreviewed-verse
thanissaro	sn3.1	sn3.1:7.1	unreviewed-verse
thanissaro	sn3.1	sn3.1:7.2	unreviewed-verse
thanissaro	sn3.1	sn3.1:7.3	unreviewed-verse
thanissaro	sn3.1	sn3.1:7.4	unreviewed-verse
thanissaro	sn3.1	sn3.1:8.1	unreviewed-verse
thanissaro	sn3.1	sn3.1:8.2	unreviewed-verse
thanissaro	sn3.1	sn3.1:8.3	unreviewed-verse
thanissaro	sn3.1	sn3.1:8.4	unreviewed-verse
thanissaro	sn3.1	sn3.1:8.5	unreviewed-verse
thanissaro	sn3.1	sn3.1:8.6	unreviewed-verse
thanissaro	sn3.1	sn3.1:9.1	unreviewed-verse
thanissaro	sn3.1	sn3.1:9.2	unreviewed-verse
thanissaro	sn3.1	sn3.1:9.3	unreviewed-verse
thanissaro	sn3.1	sn3.1:9.4	unreviewed-verse
thanissaro	sn3.1	sn3.1:10.1	unreviewed-verse
thanissaro	sn3.1	sn3.1:10.2	unreviewed-verse
thanissaro	sn3.1	sn3.1:10.3	unreviewed-verse
thanissaro	sn3.1	sn3.1:10.4	unreviewed-verse
thanissaro	sn3.1	sn3.1:10.5	unreviewed-verse
thanissaro	sn3.1	sn3.1:10.6	unreviewed-verse
thanissaro	sn3.1	sn3.1:11.1	unreviewed-verse
thanissaro	sn3.1	sn3.1:11.2	unreviewed-verse
thanissaro	sn3.1	sn3.1:11.3	unreviewed-verse
thanissaro	sn3.1	sn3.1:11.4	unreviewed-verse
thanissaro	sn3.1	sn3.1:12.1	unreviewed-verse
thanissaro	sn3.1	sn3.1:12.2	unreviewed-verse
thanissaro	sn3.1	sn3.1:12.3	unreviewed-verse
thanissaro	sn3.1	sn3.1:12.4	unreviewed-verse
thanissaro	sn3.1	sn3.1:12.5	unreviewed-verse
thanissaro	sn3.1	sn3.1:12.6	unreviewed-verse
thanissaro	sn3.1	sn3.1:13.1	unreviewed-verse
thanissaro	sn3.1	sn3.1:13.2	unreviewed-verse
thanissaro	sn3.1	sn3.1:13.3	unreviewed-verse
thanissaro	sn3.1	sn3.1:13.4	unreviewed-verse
thanissaro	sn3.1	sn3.1:13.5	unreviewed-verse
thanissaro	sn3.1	sn3.1:13.6	unreviewed-verse
thanissaro	sn3.20	sn3.20:5.1	unreviewed-verse
thanissaro	sn3.20	sn3.20:5.2	unreviewed-verse
thanissaro	sn3.20	sn3.20:5.3	unreviewed-verse
thanissaro	sn3.20	sn3.20:5.4	unreviewed-verse
thanissaro	sn3.20	sn3.20:6.1	unreviewed-verse
thanissaro	sn3.20	sn3.20:6.2	unreviewed-verse
thanissaro	sn3.20	sn3.20:6.3	unreviewed-verse
thanissaro	sn3.20	sn3.20:6.4	unreviewed-verse
thanissaro	sn3.20	sn3.20:7.1	unreviewed-verse
thanissaro	sn3.20	sn3.20:7.2	unreviewed-verse
thanissaro	sn3.20	sn3.20:7.3	unreviewed-verse
thanissaro	sn3.20	sn3.20:7.4	unreviewed-verse
thanissaro	sn3.20	sn3.20:8.1	unreviewed-verse
thanissaro	sn3.20	sn3.20:8.2	unreviewed-verse
thanissaro	sn3.20	sn3.20:8.3	unreviewed-verse
thanissaro	sn3.20	sn3.20:8.4	unreviewed-verse
thanissaro	sn3.21	sn3.21:10.1	unreviewed-verse
thanissaro	sn3.21	sn3.21:10.2	unreviewed-verse
thanissaro	sn3.21	sn3.21:10.3	unreviewed-verse
thanissaro	sn3.21	sn3.21:10.4	unreviewed-verse
thanissaro	sn3.21	sn3.21:11.1	unreviewed-verse
thanissaro	sn3.21	sn3.21:11.2	unreviewed-verse
thanissaro	sn3.21	sn3.21:11.3	unreviewed-verse
thanissaro	sn3.21	sn3.21:11.4	unreviewed-verse
thanissaro	sn3.21	sn3.21:12.1	unreviewed-verse
thanissaro	sn3.21	sn3.21:12.2	unreviewed-verse
thanissaro	sn3.21	sn3.21:12.3	unreviewed-verse
thanissaro	sn3.21	sn3.21:12.4	unreviewed-verse
thanissaro	sn3.21	sn3.21:12.5	unreviewed-verse
thanissaro	sn3.21	sn3.21:12.6	unreviewed-verse
thanissaro	sn3.21	sn3.21:13.1	unreviewed-verse
thanissaro	sn3.21	sn3.21:13.2	unreviewed-verse
thanissaro	sn3.21	sn3.21:13.3	unreviewed-verse
thanissaro	sn3.21	sn3.21:13.4	unreviewed-verse
thanissaro	sn3.21	sn3.21:14.4	unreviewed-verse
thanissaro	sn3.21	sn3.21:15.1	unreviewed-verse
thanissaro	sn3.21	sn3.21:15.2	unreviewed-verse
thanissaro	sn3.21	sn3.21:15.3	unreviewed-verse
thanissaro	sn3.21	sn3.21:15.4	unreviewed-verse
thanissaro	sn3.21	sn3.21:15.5	unreviewed-verse
thanissaro	sn3.21	sn3.21:15.6	unreviewed-verse
thanissaro	sn3.21	sn3.21:16.1	unreviewed-verse
thanissaro	sn3.21	sn3.21:16.2	unreviewed-verse
thanissaro	sn3.21	sn3.21:16.3	unreviewed-verse
thanissaro	sn3.21	sn3.21:16.4	unreviewed-verse
thanissaro	sn3.21	sn3.21:17.1	unreviewed-verse
thanissaro	sn3.21	sn3.21:17.2	unreviewed-verse
thanissaro	sn3.21	sn3.21:17.3	unreviewed-verse
thanissaro	sn3.21	sn3.21:17.4	unreviewed-verse
thanissaro	sn3.21	sn3.21:18.1	unreviewed-verse
thanissaro	sn3.21	sn3.21:18.2	unreviewed-verse
thanissaro	sn3.21	sn3.21:18.3	unreviewed-verse
thanissaro	sn3.21	sn3.21:18.4	unreviewed-verse
thanissaro	sn3.21	sn3.21:18.5	unreviewed-verse
thanissaro	sn3.21	sn3.21:18.6	unreviewed-verse
thanissaro	sn3.21	sn3.21:19.1	unreviewed-verse
thanissaro	sn3.21	sn3.21:19.2	unreviewed-verse
thanissaro	sn3.21	sn3.21:19.3	unreviewed-verse
thanissaro	sn3.21	sn3.21:19.4	unreviewed-verse
thanissaro	sn3.21	sn3.21:20.4	unreviewed-verse
thanissaro	sn3.21	sn3.21:21.1	unreviewed-verse
thanissaro	sn3.21	sn3.21:21.2	unreviewed-verse
thanissaro	sn3.21	sn3.21:21.3	unreviewed-verse
thanissaro	sn3.21	sn3.21:21.4	unreviewed-verse
thanissaro	sn3.21	sn3.21:21.5	unreviewed-verse
thanissaro	sn3.21	sn3.21:21.6	unreviewed-verse
thanissaro	sn3.22	sn3.22:4.1	unreviewed-verse
thanissaro	sn3.22	sn3.22:4.2	unreviewed-verse
thanissaro	sn3.22	sn3.22:4.3	unreviewed-verse
thanissaro	sn3.22	sn3.22:4.4	unreviewed-verse
thanissaro	sn3.22	sn3.22:4.5	unreviewed-verse
thanissaro	sn3.22	sn3.22:4.6	unreviewed-verse
thanissaro	sn3.22	sn3.22:5.1	unreviewed-verse
thanissaro	sn3.22	sn3.22:5.2	unreviewed-verse
thanissaro	sn3.22	sn3.22:5.3	unreviewed-verse
thanissaro	sn3.22	sn3.22:5.4	unreviewed-verse
thanissaro	sn3.23	sn3.23:2.1	unreviewed-verse
thanissaro	sn3.23	sn3.23:2.2	unreviewed-verse
thanissaro	sn3.23	sn3.23:2.3	unreviewed-verse
thanissaro	sn3.23	sn3.23:2.4	unreviewed-verse
thanissaro	sn3.24	sn3.24:4.1	unreviewed-verse
thanissaro	sn3.24	sn3.24:4.2	unreviewed-verse
thanissaro	sn3.24	sn3.24:4.3	unreviewed-verse
thanissaro	sn3.24	sn3.24:4.4	unreviewed-verse
thanissaro	sn3.24	sn3.24:5.1	unreviewed-verse
thanissaro	sn3.24	sn3.24:5.2	unreviewed-verse
thanissaro	sn3.24	sn3.24:5.3	unreviewed-verse
thanissaro	sn3.24	sn3.24:5.4	unreviewed-verse
thanissaro	sn3.24	sn3.24:6.1	unreviewed-verse
thanissaro	sn3.24	sn3.24:6.2	unreviewed-verse
thanissaro	sn3.24	sn3.24:6.3	unreviewed-verse
thanissaro	sn3.24	sn3.24:6.4	unreviewed-verse
thanissaro	sn3.24	sn3.24:7.1	unreviewed-verse
thanissaro	sn3.24	sn3.24:7.2	unreviewed-verse
thanissaro	sn3.24	sn3.24:7.3	unreviewed-verse
thanissaro	sn3.24	sn3.24:7.4	unreviewed-verse
thanissaro	sn3.24	sn3.24:8.1	unreviewed-verse
thanissaro	sn3.24	sn3.24:8.2	unreviewed-verse
thanissaro	sn3.24	sn3.24:8.3	unreviewed-verse
thanissaro	sn3.24	sn3.24:8.4	unreviewed-verse
thanissaro	sn3.24	sn3.24:9.1	unreviewed-verse
thanissaro	sn3.24	sn3.24:9.2	unreviewed-verse
thanissaro	sn3.24	sn3.24:9.3	unreviewed-verse
thanissaro	sn3.24	sn3.24:9.4	unreviewed-verse
thanissaro	sn3.24	sn3.24:10.1	unreviewed-verse
thanissaro	sn3.24	sn3.24:10.2	unreviewed-verse
thanissaro	sn3.24	sn3.24:10.3	unreviewed-verse
thanissaro	sn3.24	sn3.24:10.4	unreviewed-verse
thanissaro	sn3.24	sn3.24:10.5	unreviewed-verse
thanissaro	sn3.24	sn3.24:10.6	unreviewed-verse
thanissaro	sn3.25	sn3.25:6.1	unreviewed-verse
thanissaro	sn3.25	sn3.25:6.2	unreviewed-verse
thanissaro	sn3.25	sn3.25:6.3	unreviewed-verse
thanissaro	sn3.25	sn3.25:6.4	unreviewed-verse
thanissaro	sn3.25	sn3.25:7.1	unreviewed-verse
thanissaro	sn3.25	sn3.25:7.2	unreviewed-verse
thanissaro	sn3.25	sn3.25:7.3	unreviewed-verse
thanissaro	sn3.25	sn3.25:7.4	unreviewed-verse
thanissaro	sn3.25	sn3.25:7.5	unreviewed-verse
thanissaro	sn3.25	sn3.25:7.6	unreviewed-verse
thanissaro	sn3.25	sn3.25:8.1	unreviewed-verse
thanissaro	sn3.25	sn3.25:8.2	unreviewed-verse
thanissaro	sn3.25	sn3.25:8.3	unreviewed-verse
thanissaro	sn3.25	sn3.25:8.4	unreviewed-verse
thanissaro	sn3.25	sn3.25:9.1	unreviewed-verse
thanissaro	sn3.25	sn3.25:9.2	unreviewed-verse
thanissaro	sn3.25	sn3.25:9.3	unreviewed-verse
thanissaro	sn3.25	sn3.25:9.4	unreviewed-verse
thanissaro	sn3.25	sn3.25:10.1	unreviewed-verse
thanissaro	sn3.25	sn3.25:10.2	unreviewed-verse
thanissaro	sn3.25	sn3.25:10.3	unreviewed-verse
thanissaro	sn3.25	sn3.25:10.4	unreviewed-verse
thanissaro	sn3.2	sn3.2:3.1	unreviewed-verse
thanissaro	sn3.2	sn3.2:3.2	unreviewed-verse
thanissaro	sn3.2	sn3.2:3.3	unreviewed-verse
thanissaro	sn3.2	sn3.2:3.4	unreviewed-verse
thanissaro	sn3.4	sn3.4:3.1	unreviewed-verse
thanissaro	sn3.4	sn3.4:3.2	unreviewed-verse
thanissaro	sn3.4	sn3.4:3.3	unreviewed-verse
thanissaro	sn3.4	sn3.4:3.4	unreviewed-verse
thanissaro	sn3.4	sn3.4:4.1	unreviewed-verse
thanissaro	sn3.4	sn3.4:4.2	unreviewed-verse
thanissaro	sn3.4	sn3.4:4.3	unreviewed-verse
thanissaro	sn3.4	sn3.4:4.4	unreviewed-verse
thanissaro	sn3.4	sn3.4:4.5	unreviewed-verse
thanissaro	sn3.4	sn3.4:4.6	unreviewed-verse
thanissaro	sn3.4	sn3.4:5.1	unreviewed-verse
thanissaro	sn3.4	sn3.4:5.2	unreviewed-verse
thanissaro	sn3.4	sn3.4:5.3	unreviewed-verse
thanissaro	sn3.4	sn3.4:5.4	unreviewed-verse
thanissaro	sn3.4	sn3.4:5.5	unreviewed-verse
thanissaro	sn3.4	sn3.4:5.6	unreviewed-verse
thanissaro	sn3.4	sn3.4:6.1	unreviewed-verse
thanissaro	sn3.4	sn3.4:6.2	unreviewed-verse
thanissaro	sn3.4	sn3.4:6.3	unreviewed-verse
thanissaro	sn3.4	sn3.4:6.4	unreviewed-verse
thanissaro	sn3.5	sn3.5:3.1	unreviewed-verse
thanissaro	sn3.5	sn3.5:3.2	unreviewed-verse
thanissaro	sn3.5	sn3.5:3.3	unreviewed-verse
thanissaro	sn3.5	sn3.5:3.4	unreviewed-verse
thanissaro	sn3.5	sn3.5:3.5	unreviewed-verse
thanissaro	sn3.5	sn3.5:3.6	unreviewed-verse
thanissaro	sn3.7	sn3.7:3.1	unreviewed-verse
thanissaro	sn3.7	sn3.7:3.2	unreviewed-verse
thanissaro	sn3.7	sn3.7:3.3	unreviewed-verse
thanissaro	sn3.7	sn3.7:3.4	unreviewed-verse
thanissaro	sn3.7	sn3.7:3.5	unreviewed-verse
thanissaro	sn3.7	sn3.7:3.6	unreviewed-verse
thanissaro	sn3.8	sn3.8:4.1	unreviewed-verse
thanissaro	sn3.8	sn3.8:4.2	unreviewed-verse
thanissaro	sn3.8	sn3.8:4.3	unreviewed-verse
thanissaro	sn3.8	sn3.8:4.4	unreviewed-verse
thanissaro	sn3.9	sn3.9:4.1	unreviewed-verse
thanissaro	sn3.9	sn3.9:4.2	unreviewed-verse
thanissaro	sn3.9	sn3.9:4.3	unreviewed-verse
thanissaro	sn3.9	sn3.9:7.1	unreviewed-verse
thanissaro	sn3.9	sn3.9:7.2	unreviewed-verse
thanissaro	sn3.9	sn3.9:7.3	unreviewed-verse
thanissaro	sn3.9	sn3.9:7.4	unreviewed-verse
thanissaro	sn3.9	sn3.9:7.5	unreviewed-verse
thanissaro	sn3.9	sn3.9:7.6	unreviewed-verse
thanissaro	sn35.136	sn35.136:2.1	unreviewed-verse
thanissaro	sn35.136	sn35.136:2.2	unreviewed-verse
thanissaro	sn35.136	sn35.136:2.3	unreviewed-verse
thanissaro	sn35.136	sn35.136:2.4	unreviewed-verse
thanissaro	sn35.136	sn35.136:3.1	unreviewed-verse
thanissaro	sn35.136	sn35.136:3.2	unreviewed-verse
thanissaro	sn35.136	sn35.136:3.3	unreviewed-verse
thanissaro	sn35.136	sn35.136:3.4	unreviewed-verse
thanissaro	sn35.136	sn35.136:4.1	unreviewed-verse
thanissaro	sn35.136	sn35.136:4.2	unreviewed-verse
thanissaro	sn35.136	sn35.136:4.3	unreviewed-verse
thanissaro	sn35.136	sn35.136:4.4	unreviewed-verse
thanissaro	sn35.136	sn35.136:5.1	unreviewed-verse
thanissaro	sn35.136	sn35.136:5.2	unreviewed-verse
thanissaro	sn35.136	sn35.136:5.3	unreviewed-verse
thanissaro	sn35.136	sn35.136:5.4	unreviewed-verse
thanissaro	sn35.136	sn35.136:6.1	unreviewed-verse
thanissaro	sn35.136	sn35.136:6.2	unreviewed-verse
thanissaro	sn35.136	sn35.136:6.3	unreviewed-verse
thanissaro	sn35.136	sn35.136:6.4	unreviewed-verse
thanissaro	sn35.136	sn35.136:7.1	unreviewed-verse
thanissaro	sn35.136	sn35.136:7.2	unreviewed-verse
thanissaro	sn35.136	sn35.136:7.3	unreviewed-verse
thanissaro	sn35.136	sn35.136:7.4	unreviewed-verse
thanissaro	sn35.136	sn35.136:8.1	unreviewed-verse
thanissaro	sn35.136	sn35.136:8.2	unreviewed-verse
thanissaro	sn35.136	sn35.136:8.3	unreviewed-verse
thanissaro	sn35.136	sn35.136:8.4	unreviewed-verse
thanissaro	sn35.136	sn35.136:9.1	unreviewed-verse
thanissaro	sn35.136	sn35.136:9.2	unreviewed-verse
thanissaro	sn35.136	sn35.136:9.3	unreviewed-verse
thanissaro	sn35.136	sn35.136:9.4	unreviewed-verse
thanissaro	sn35.228	sn35.228:3.1	unreviewed-verse
thanissaro	sn35.228	sn35.228:3.2	unreviewed-verse
thanissaro	sn35.228	sn35.228:3.3	unreviewed-verse
thanissaro	sn35.228	sn35.228:3.4	unreviewed-verse
thanissaro	sn35.229	sn35.229:3.3	unreviewed-verse,edition-variant
thanissaro	sn35.229	sn35.229:4.1	unreviewed-verse,edition-variant
thanissaro	sn35.229	sn35.229:1.1	edition-variant
thanissaro	sn35.229	sn35.229:1.2	edition-variant
thanissaro	sn35.229	sn35.229:1.3	edition-variant
thanissaro	sn35.229	sn35.229:1.4	edition-variant
thanissaro	sn35.229	sn35.229:1.5	edition-variant
thanissaro	sn35.229	sn35.229:1.6	edition-variant
thanissaro	sn35.229	sn35.229:2.1	edition-variant
thanissaro	sn35.229	sn35.229:2.2	edition-variant
thanissaro	sn35.229	sn35.229:2.3	edition-variant
thanissaro	sn35.229	sn35.229:3.1	edition-variant
thanissaro	sn35.229	sn35.229:3.2	edition-variant
thanissaro	sn35.229	sn35.229:3.4	edition-variant
thanissaro	sn35.229	sn35.229:4.2	edition-variant
thanissaro	sn35.229	sn35.229:4.3	edition-variant
thanissaro	sn35.229	sn35.229:4.4	edition-variant
thanissaro	sn35.240	sn35.240:3.1	unreviewed-verse
thanissaro	sn35.240	sn35.240:3.2	unreviewed-verse
thanissaro	sn35.240	sn35.240:3.3	unreviewed-verse
thanissaro	sn35.240	sn35.240:3.4	unreviewed-verse
thanissaro	sn35.95	sn35.95:12.1	unreviewed-verse
thanissaro	sn35.95	sn35.95:12.2	unreviewed-verse
thanissaro	sn35.95	sn35.95:12.3	unreviewed-verse
thanissaro	sn35.95	sn35.95:12.4	unreviewed-verse
thanissaro	sn35.95	sn35.95:13.1	unreviewed-verse
thanissaro	sn35.95	sn35.95:13.2	unreviewed-verse
thanissaro	sn35.95	sn35.95:13.3	unreviewed-verse
thanissaro	sn35.95	sn35.95:13.4	unreviewed-verse
thanissaro	sn35.95	sn35.95:13.5	unreviewed-verse
thanissaro	sn35.95	sn35.95:13.6	unreviewed-verse
thanissaro	sn35.95	sn35.95:14.1	unreviewed-verse
thanissaro	sn35.95	sn35.95:14.2	unreviewed-verse
thanissaro	sn35.95	sn35.95:14.3	unreviewed-verse
thanissaro	sn35.95	sn35.95:14.4	unreviewed-verse
thanissaro	sn35.95	sn35.95:15.1	unreviewed-verse
thanissaro	sn35.95	sn35.95:15.2	unreviewed-verse
thanissaro	sn35.95	sn35.95:15.3	unreviewed-verse
thanissaro	sn35.95	sn35.95:15.4	unreviewed-verse
thanissaro	sn35.95	sn35.95:15.5	unreviewed-verse
thanissaro	sn35.95	sn35.95:15.6	unreviewed-verse
thanissaro	sn35.95	sn35.95:16.1	unreviewed-verse
thanissaro	sn35.95	sn35.95:16.2	unreviewed-verse
thanissaro	sn35.95	sn35.95:16.3	unreviewed-verse
thanissaro	sn35.95	sn35.95:16.4	unreviewed-verse
thanissaro	sn35.95	sn35.95:17.1	unreviewed-verse
thanissaro	sn35.95	sn35.95:17.2	unreviewed-verse
thanissaro	sn35.95	sn35.95:17.3	unreviewed-verse
thanissaro	sn35.95	sn35.95:17.4	unreviewed-verse
thanissaro	sn35.95	sn35.95:17.5	unreviewed-verse
thanissaro	sn35.95	sn35.95:17.6	unreviewed-verse
thanissaro	sn35.95	sn35.95:18.1	unreviewed-verse
thanissaro	sn35.95	sn35.95:18.2	unreviewed-verse
thanissaro	sn35.95	sn35.95:18.3	unreviewed-verse
thanissaro	sn35.95	sn35.95:18.4	unreviewed-verse
thanissaro	sn35.95	sn35.95:19.1	unreviewed-verse
thanissaro	sn35.95	sn35.95:19.2	unreviewed-verse
thanissaro	sn35.95	sn35.95:19.3	unreviewed-verse
thanissaro	sn35.95	sn35.95:19.4	unreviewed-verse
thanissaro	sn35.95	sn35.95:19.5	unreviewed-verse
thanissaro	sn35.95	sn35.95:19.6	unreviewed-verse
thanissaro	sn35.95	sn35.95:20.1	unreviewed-verse
thanissaro	sn35.95	sn35.95:20.2	unreviewed-verse
thanissaro	sn35.95	sn35.95:20.3	unreviewed-verse
thanissaro	sn35.95	sn35.95:20.4	unreviewed-verse
thanissaro	sn35.95	sn35.95:21.1	unreviewed-verse
thanissaro	sn35.95	sn35.95:21.2	unreviewed-verse
thanissaro	sn35.95	sn35.95:21.3	unreviewed-verse
thanissaro	sn35.95	sn35.95:21.4	unreviewed-verse
thanissaro	sn35.95	sn35.95:21.5	unreviewed-verse
thanissaro	sn35.95	sn35.95:21.6	unreviewed-verse
thanissaro	sn35.95	sn35.95:22.1	unreviewed-verse
thanissaro	sn35.95	sn35.95:22.2	unreviewed-verse
thanissaro	sn35.95	sn35.95:22.3	unreviewed-verse
thanissaro	sn35.95	sn35.95:22.4	unreviewed-verse
thanissaro	sn35.95	sn35.95:23.1	unreviewed-verse
thanissaro	sn35.95	sn35.95:23.2	unreviewed-verse
thanissaro	sn35.95	sn35.95:23.3	unreviewed-verse
thanissaro	sn35.95	sn35.95:23.4	unreviewed-verse
thanissaro	sn35.95	sn35.95:23.5	unreviewed-verse
thanissaro	sn35.95	sn35.95:23.6	unreviewed-verse
thanissaro	sn35.95	sn35.95:24.1	unreviewed-verse
thanissaro	sn35.95	sn35.95:24.2	unreviewed-verse
thanissaro	sn35.95	sn35.95:24.3	unreviewed-verse
thanissaro	sn35.95	sn35.95:24.4	unreviewed-verse
thanissaro	sn35.95	sn35.95:25.1	unreviewed-verse
thanissaro	sn35.95	sn35.95:25.2	unreviewed-verse
thanissaro	sn35.95	sn35.95:25.3	unreviewed-verse
thanissaro	sn35.95	sn35.95:25.4	unreviewed-verse
thanissaro	sn35.95	sn35.95:25.5	unreviewed-verse
thanissaro	sn35.95	sn35.95:25.6	unreviewed-verse
thanissaro	sn35.95	sn35.95:26.1	unreviewed-verse
thanissaro	sn35.95	sn35.95:26.2	unreviewed-verse
thanissaro	sn35.95	sn35.95:26.3	unreviewed-verse
thanissaro	sn35.95	sn35.95:26.4	unreviewed-verse
thanissaro	sn35.95	sn35.95:27.1	unreviewed-verse
thanissaro	sn35.95	sn35.95:27.2	unreviewed-verse
thanissaro	sn35.95	sn35.95:27.3	unreviewed-verse
thanissaro	sn35.95	sn35.95:27.4	unreviewed-verse
thanissaro	sn35.95	sn35.95:27.5	unreviewed-verse
thanissaro	sn35.95	sn35.95:27.6	unreviewed-verse
thanissaro	sn35.95	sn35.95:28.1	unreviewed-verse
thanissaro	sn35.95	sn35.95:28.2	unreviewed-verse
thanissaro	sn35.95	sn35.95:28.3	unreviewed-verse
thanissaro	sn35.95	sn35.95:28.4	unreviewed-verse
thanissaro	sn35.95	sn35.95:29.1	unreviewed-verse
thanissaro	sn35.95	sn35.95:29.2	unreviewed-verse
thanissaro	sn35.95	sn35.95:29.3	unreviewed-verse
thanissaro	sn35.95	sn35.95:29.4	unreviewed-verse
thanissaro	sn35.95	sn35.95:29.5	unreviewed-verse
thanissaro	sn35.95	sn35.95:29.6	unreviewed-verse
thanissaro	sn35.95	sn35.95:30.1	unreviewed-verse
thanissaro	sn35.95	sn35.95:30.2	unreviewed-verse
thanissaro	sn35.95	sn35.95:30.3	unreviewed-verse
thanissaro	sn35.95	sn35.95:30.4	unreviewed-verse
thanissaro	sn35.95	sn35.95:31.1	unreviewed-verse
thanissaro	sn35.95	sn35.95:31.2	unreviewed-verse
thanissaro	sn35.95	sn35.95:31.3	unreviewed-verse
thanissaro	sn35.95	sn35.95:31.4	unreviewed-verse
thanissaro	sn35.95	sn35.95:31.5	unreviewed-verse
thanissaro	sn35.95	sn35.95:31.6	unreviewed-verse
thanissaro	sn35.95	sn35.95:32.1	unreviewed-verse
thanissaro	sn35.95	sn35.95:32.2	unreviewed-verse
thanissaro	sn35.95	sn35.95:32.3	unreviewed-verse
thanissaro	sn35.95	sn35.95:32.4	unreviewed-verse
thanissaro	sn35.95	sn35.95:33.1	unreviewed-verse
thanissaro	sn35.95	sn35.95:33.2	unreviewed-verse
thanissaro	sn35.95	sn35.95:33.3	unreviewed-verse
thanissaro	sn35.95	sn35.95:33.4	unreviewed-verse
thanissaro	sn35.95	sn35.95:33.5	unreviewed-verse
thanissaro	sn35.95	sn35.95:33.6	unreviewed-verse
thanissaro	sn35.95	sn35.95:34.1	unreviewed-verse
thanissaro	sn35.95	sn35.95:34.2	unreviewed-verse
thanissaro	sn35.95	sn35.95:34.3	unreviewed-verse
thanissaro	sn35.95	sn35.95:34.4	unreviewed-verse
thanissaro	sn35.95	sn35.95:35.1	unreviewed-verse
thanissaro	sn35.95	sn35.95:35.2	unreviewed-verse
thanissaro	sn35.95	sn35.95:35.3	unreviewed-verse
thanissaro	sn35.95	sn35.95:35.4	unreviewed-verse
thanissaro	sn35.95	sn35.95:35.5	unreviewed-verse
thanissaro	sn35.95	sn35.95:35.6	unreviewed-verse
thanissaro	sn36.4	sn36.4:2.1	unreviewed-verse
thanissaro	sn36.4	sn36.4:2.2	unreviewed-verse
thanissaro	sn36.4	sn36.4:2.3	unreviewed-verse
thanissaro	sn36.4	sn36.4:2.4	unreviewed-verse
thanissaro	sn36.4	sn36.4:3.1	unreviewed-verse
thanissaro	sn36.4	sn36.4:3.2	unreviewed-verse
thanissaro	sn36.4	sn36.4:3.3	unreviewed-verse
thanissaro	sn36.4	sn36.4:3.4	unreviewed-verse
thanissaro	sn36.4	sn36.4:4.1	unreviewed-verse
thanissaro	sn36.4	sn36.4:4.2	unreviewed-verse
thanissaro	sn36.4	sn36.4:4.3	unreviewed-verse
thanissaro	sn36.4	sn36.4:4.4	unreviewed-verse
thanissaro	sn36.4	sn36.4:4.5	unreviewed-verse
thanissaro	sn36.4	sn36.4:4.6	unreviewed-verse
thanissaro	sn36.6	sn36.6:4.1	unreviewed-verse
thanissaro	sn36.6	sn36.6:4.2	unreviewed-verse
thanissaro	sn36.6	sn36.6:4.3	unreviewed-verse
thanissaro	sn36.6	sn36.6:4.4	unreviewed-verse
thanissaro	sn36.6	sn36.6:5.1	unreviewed-verse
thanissaro	sn36.6	sn36.6:5.2	unreviewed-verse
thanissaro	sn36.6	sn36.6:5.3	unreviewed-verse
thanissaro	sn36.6	sn36.6:5.4	unreviewed-verse
thanissaro	sn36.6	sn36.6:6.1	unreviewed-verse
thanissaro	sn36.6	sn36.6:6.2	unreviewed-verse
thanissaro	sn36.6	sn36.6:6.3	unreviewed-verse
thanissaro	sn36.6	sn36.6:6.4	unreviewed-verse
thanissaro	sn37.34	sn37.34:2.1	unreviewed-verse
thanissaro	sn37.34	sn37.34:2.2	unreviewed-verse
thanissaro	sn37.34	sn37.34:2.3	unreviewed-verse
thanissaro	sn37.34	sn37.34:2.4	unreviewed-verse
thanissaro	sn4.18	sn4.18:3.1	unreviewed-verse
thanissaro	sn4.18	sn4.18:3.2	unreviewed-verse
thanissaro	sn4.18	sn4.18:3.3	unreviewed-verse
thanissaro	sn4.18	sn4.18:3.4	unreviewed-verse
thanissaro	sn4.18	sn4.18:4.1	unreviewed-verse
thanissaro	sn4.18	sn4.18:4.2	unreviewed-verse
thanissaro	sn4.18	sn4.18:4.3	unreviewed-verse
thanissaro	sn4.18	sn4.18:4.4	unreviewed-verse
thanissaro	sn4.19	sn4.19:4.1	unreviewed-verse
thanissaro	sn4.19	sn4.19:4.2	unreviewed-verse
thanissaro	sn4.19	sn4.19:4.3	unreviewed-verse
thanissaro	sn4.19	sn4.19:4.4	unreviewed-verse
thanissaro	sn4.19	sn4.19:5.1	unreviewed-verse
thanissaro	sn4.19	sn4.19:5.2	unreviewed-verse
thanissaro	sn4.19	sn4.19:5.3	unreviewed-verse
thanissaro	sn4.19	sn4.19:5.4	unreviewed-verse
thanissaro	sn4.1	sn4.1:3.1	unreviewed-verse
thanissaro	sn4.1	sn4.1:3.2	unreviewed-verse
thanissaro	sn4.1	sn4.1:3.3	unreviewed-verse
thanissaro	sn4.1	sn4.1:3.4	unreviewed-verse
thanissaro	sn4.1	sn4.1:5.1	unreviewed-verse
thanissaro	sn4.1	sn4.1:5.2	unreviewed-verse
thanissaro	sn4.1	sn4.1:5.3	unreviewed-verse
thanissaro	sn4.1	sn4.1:5.4	unreviewed-verse
thanissaro	sn4.1	sn4.1:6.1	unreviewed-verse
thanissaro	sn4.1	sn4.1:6.2	unreviewed-verse
thanissaro	sn4.1	sn4.1:6.3	unreviewed-verse
thanissaro	sn4.1	sn4.1:6.4	unreviewed-verse
thanissaro	sn4.20	sn4.20:3.1	unreviewed-verse
thanissaro	sn4.20	sn4.20:3.2	unreviewed-verse
thanissaro	sn4.20	sn4.20:3.3	unreviewed-verse
thanissaro	sn4.20	sn4.20:3.4	unreviewed-verse
thanissaro	sn4.20	sn4.20:4.1	unreviewed-verse
thanissaro	sn4.20	sn4.20:4.2	unreviewed-verse
thanissaro	sn4.20	sn4.20:4.3	unreviewed-verse
thanissaro	sn4.20	sn4.20:4.4	unreviewed-verse
thanissaro	sn4.21	sn4.21:4.1	unreviewed-verse
thanissaro	sn4.21	sn4.21:4.2	unreviewed-verse
thanissaro	sn4.21	sn4.21:4.3	unreviewed-verse
thanissaro	sn4.21	sn4.21:4.4	unreviewed-verse
thanissaro	sn4.24	sn4.24:2.1	unreviewed-verse
thanissaro	sn4.24	sn4.24:2.2	unreviewed-verse
thanissaro	sn4.24	sn4.24:2.3	unreviewed-verse
thanissaro	sn4.24	sn4.24:2.4	unreviewed-verse
thanissaro	sn4.24	sn4.24:2.5	unreviewed-verse
thanissaro	sn4.24	sn4.24:3.1	unreviewed-verse
thanissaro	sn4.24	sn4.24:3.2	unreviewed-verse
thanissaro	sn4.24	sn4.24:3.3	unreviewed-verse
thanissaro	sn4.24	sn4.24:3.4	unreviewed-verse
thanissaro	sn4.24	sn4.24:4.1	unreviewed-verse
thanissaro	sn4.24	sn4.24:4.2	unreviewed-verse
thanissaro	sn4.24	sn4.24:4.3	unreviewed-verse
thanissaro	sn4.24	sn4.24:4.4	unreviewed-verse
thanissaro	sn4.24	sn4.24:5.1	unreviewed-verse
thanissaro	sn4.24	sn4.24:5.2	unreviewed-verse
thanissaro	sn4.24	sn4.24:5.3	unreviewed-verse
thanissaro	sn4.24	sn4.24:5.4	unreviewed-verse
thanissaro	sn4.24	sn4.24:6.1	unreviewed-verse
thanissaro	sn4.24	sn4.24:6.2	unreviewed-verse
thanissaro	sn4.24	sn4.24:6.3	unreviewed-verse
thanissaro	sn4.24	sn4.24:6.4	unreviewed-verse
thanissaro	sn4.24	sn4.24:7.1	unreviewed-verse
thanissaro	sn4.24	sn4.24:7.2	unreviewed-verse
thanissaro	sn4.24	sn4.24:7.3	unreviewed-verse
thanissaro	sn4.24	sn4.24:7.4	unreviewed-verse
thanissaro	sn4.24	sn4.24:9.1	unreviewed-verse
thanissaro	sn4.24	sn4.24:9.2	unreviewed-verse
thanissaro	sn4.24	sn4.24:9.3	unreviewed-verse
thanissaro	sn4.24	sn4.24:9.4	unreviewed-verse
thanissaro	sn4.24	sn4.24:10.1	unreviewed-verse
thanissaro	sn4.24	sn4.24:10.2	unreviewed-verse
thanissaro	sn4.24	sn4.24:10.3	unreviewed-verse
thanissaro	sn4.24	sn4.24:10.4	unreviewed-verse
thanissaro	sn4.25	sn4.25:2.1	unreviewed-verse
thanissaro	sn4.25	sn4.25:2.2	unreviewed-verse
thanissaro	sn4.25	sn4.25:2.3	unreviewed-verse
thanissaro	sn4.25	sn4.25:2.4	unreviewed-verse
thanissaro	sn4.25	sn4.25:2.5	unreviewed-verse
thanissaro	sn4.25	sn4.25:2.6	unreviewed-verse
thanissaro	sn4.25	sn4.25:3.1	unreviewed-verse
thanissaro	sn4.25	sn4.25:3.2	unreviewed-verse
thanissaro	sn4.25	sn4.25:3.3	unreviewed-verse
thanissaro	sn4.25	sn4.25:3.4	unreviewed-verse
thanissaro	sn4.25	sn4.25:10.1	unreviewed-verse
thanissaro	sn4.25	sn4.25:10.2	unreviewed-verse
thanissaro	sn4.25	sn4.25:10.3	unreviewed-verse
thanissaro	sn4.25	sn4.25:10.4	unreviewed-verse
thanissaro	sn4.25	sn4.25:13.1	unreviewed-verse
thanissaro	sn4.25	sn4.25:13.2	unreviewed-verse
thanissaro	sn4.25	sn4.25:13.3	unreviewed-verse
thanissaro	sn4.25	sn4.25:13.4	unreviewed-verse
thanissaro	sn4.25	sn4.25:13.5	unreviewed-verse
thanissaro	sn4.25	sn4.25:14.1	unreviewed-verse
thanissaro	sn4.25	sn4.25:14.2	unreviewed-verse
thanissaro	sn4.25	sn4.25:14.3	unreviewed-verse
thanissaro	sn4.25	sn4.25:14.4	unreviewed-verse
thanissaro	sn4.25	sn4.25:14.5	unreviewed-verse
thanissaro	sn4.25	sn4.25:16.1	unreviewed-verse
thanissaro	sn4.25	sn4.25:16.2	unreviewed-verse
thanissaro	sn4.25	sn4.25:16.3	unreviewed-verse
thanissaro	sn4.25	sn4.25:16.4	unreviewed-verse
thanissaro	sn4.25	sn4.25:17.1	unreviewed-verse
thanissaro	sn4.25	sn4.25:17.2	unreviewed-verse
thanissaro	sn4.25	sn4.25:17.3	unreviewed-verse
thanissaro	sn4.25	sn4.25:17.4	unreviewed-verse
thanissaro	sn4.25	sn4.25:18.1	unreviewed-verse
thanissaro	sn4.25	sn4.25:18.2	unreviewed-verse
thanissaro	sn4.25	sn4.25:18.3	unreviewed-verse
thanissaro	sn4.25	sn4.25:18.4	unreviewed-verse
thanissaro	sn4.25	sn4.25:20.1	unreviewed-verse
thanissaro	sn4.25	sn4.25:20.2	unreviewed-verse
thanissaro	sn4.25	sn4.25:20.3	unreviewed-verse
thanissaro	sn4.25	sn4.25:20.4	unreviewed-verse
thanissaro	sn4.25	sn4.25:21.1	unreviewed-verse
thanissaro	sn4.25	sn4.25:21.2	unreviewed-verse
thanissaro	sn4.25	sn4.25:21.3	unreviewed-verse
thanissaro	sn4.25	sn4.25:21.4	unreviewed-verse
thanissaro	sn4.25	sn4.25:23.1	unreviewed-verse
thanissaro	sn4.25	sn4.25:23.2	unreviewed-verse
thanissaro	sn4.25	sn4.25:23.3	unreviewed-verse
thanissaro	sn4.25	sn4.25:23.4	unreviewed-verse
thanissaro	sn4.25	sn4.25:24.1	unreviewed-verse
thanissaro	sn4.25	sn4.25:24.2	unreviewed-verse
thanissaro	sn4.25	sn4.25:24.3	unreviewed-verse
thanissaro	sn4.25	sn4.25:24.4	unreviewed-verse
thanissaro	sn4.25	sn4.25:25.1	unreviewed-verse
thanissaro	sn4.25	sn4.25:25.2	unreviewed-verse
thanissaro	sn4.25	sn4.25:25.3	unreviewed-verse
thanissaro	sn4.25	sn4.25:25.4	unreviewed-verse
thanissaro	sn4.8	sn4.8:2.1	unreviewed-verse
thanissaro	sn4.8	sn4.8:2.2	unreviewed-verse
thanissaro	sn4.8	sn4.8:2.3	unreviewed-verse
thanissaro	sn4.8	sn4.8:2.4	unreviewed-verse
thanissaro	sn4.8	sn4.8:3.1	unreviewed-verse
thanissaro	sn4.8	sn4.8:3.2	unreviewed-verse
thanissaro	sn4.8	sn4.8:3.3	unreviewed-verse
thanissaro	sn4.8	sn4.8:3.4	unreviewed-verse
thanissaro	sn45.4	sn45.4:8.1	unreviewed-verse
thanissaro	sn45.4	sn45.4:8.2	unreviewed-verse
thanissaro	sn45.4	sn45.4:8.3	unreviewed-verse
thanissaro	sn45.4	sn45.4:8.4	unreviewed-verse
thanissaro	sn45.4	sn45.4:9.1	unreviewed-verse
thanissaro	sn45.4	sn45.4:9.2	unreviewed-verse
thanissaro	sn45.4	sn45.4:9.3	unreviewed-verse
thanissaro	sn45.4	sn45.4:9.4	unreviewed-verse
thanissaro	sn45.4	sn45.4:10.1	unreviewed-verse
thanissaro	sn45.4	sn45.4:10.2	unreviewed-verse
thanissaro	sn45.4	sn45.4:10.3	unreviewed-verse
thanissaro	sn45.4	sn45.4:10.4	unreviewed-verse
thanissaro	sn45.4	sn45.4:11.1	unreviewed-verse
thanissaro	sn45.4	sn45.4:11.2	unreviewed-verse
thanissaro	sn45.4	sn45.4:11.3	unreviewed-verse
thanissaro	sn45.4	sn45.4:11.4	unreviewed-verse
thanissaro	sn5.1	sn5.1:2.1	unreviewed-verse
thanissaro	sn5.1	sn5.1:2.2	unreviewed-verse
thanissaro	sn5.1	sn5.1:2.3	unreviewed-verse
thanissaro	sn5.1	sn5.1:2.4	unreviewed-verse
thanissaro	sn5.1	sn5.1:4.1	unreviewed-verse
thanissaro	sn5.1	sn5.1:4.2	unreviewed-verse
thanissaro	sn5.1	sn5.1:4.3	unreviewed-verse
thanissaro	sn5.1	sn5.1:4.4	unreviewed-verse
thanissaro	sn5.1	sn5.1:5.1	unreviewed-verse
thanissaro	sn5.1	sn5.1:5.2	unreviewed-verse
thanissaro	sn5.1	sn5.1:5.3	unreviewed-verse
thanissaro	sn5.1	sn5.1:5.4	unreviewed-verse
thanissaro	sn5.2	sn5.2:2.1	unreviewed-verse
thanissaro	sn5.2	sn5.2:2.2	unreviewed-verse
thanissaro	sn5.2	sn5.2:2.3	unreviewed-verse
thanissaro	sn5.2	sn5.2:2.4	unreviewed-verse
thanissaro	sn5.2	sn5.2:4.1	unreviewed-verse
thanissaro	sn5.2	sn5.2:4.2	unreviewed-verse
thanissaro	sn5.2	sn5.2:4.3	unreviewed-verse
thanissaro	sn5.2	sn5.2:4.4	unreviewed-verse
thanissaro	sn5.2	sn5.2:5.1	unreviewed-verse
thanissaro	sn5.2	sn5.2:5.2	unreviewed-verse
thanissaro	sn5.2	sn5.2:5.3	unreviewed-verse
thanissaro	sn5.2	sn5.2:5.4	unreviewed-verse
thanissaro	sn5.3	sn5.3:2.1	unreviewed-verse
thanissaro	sn5.3	sn5.3:2.2	unreviewed-verse
thanissaro	sn5.3	sn5.3:2.3	unreviewed-verse
thanissaro	sn5.3	sn5.3:2.4	unreviewed-verse
thanissaro	sn5.3	sn5.3:5.1	unreviewed-verse
thanissaro	sn5.3	sn5.3:5.2	unreviewed-verse
thanissaro	sn5.3	sn5.3:5.3	unreviewed-verse
thanissaro	sn5.3	sn5.3:5.4	unreviewed-verse
thanissaro	sn5.3	sn5.3:6.1	unreviewed-verse
thanissaro	sn5.3	sn5.3:6.2	unreviewed-verse
thanissaro	sn5.3	sn5.3:6.3	unreviewed-verse
thanissaro	sn5.3	sn5.3:6.4	unreviewed-verse
thanissaro	sn5.4	sn5.4:2.1	unreviewed-verse
thanissaro	sn5.4	sn5.4:2.2	unreviewed-verse
thanissaro	sn5.4	sn5.4:2.3	unreviewed-verse
thanissaro	sn5.4	sn5.4:2.4	unreviewed-verse
thanissaro	sn5.4	sn5.4:4.1	unreviewed-verse
thanissaro	sn5.4	sn5.4:4.2	unreviewed-verse
thanissaro	sn5.4	sn5.4:4.3	unreviewed-verse
thanissaro	sn5.4	sn5.4:4.4	unreviewed-verse
thanissaro	sn5.4	sn5.4:5.1	unreviewed-verse
thanissaro	sn5.4	sn5.4:5.2	unreviewed-verse
thanissaro	sn5.4	sn5.4:5.3	unreviewed-verse
thanissaro	sn5.4	sn5.4:5.4	unreviewed-verse
thanissaro	sn5.4	sn5.4:6.1	unreviewed-verse
thanissaro	sn5.4	sn5.4:6.2	unreviewed-verse
thanissaro	sn5.4	sn5.4:6.3	unreviewed-verse
thanissaro	sn5.4	sn5.4:6.4	unreviewed-verse
thanissaro	sn5.5	sn5.5:2.1	unreviewed-verse
thanissaro	sn5.5	sn5.5:2.2	unreviewed-verse
thanissaro	sn5.5	sn5.5:2.3	unreviewed-verse
thanissaro	sn5.5	sn5.5:2.4	unreviewed-verse
thanissaro	sn5.5	sn5.5:4.1	unreviewed-verse
thanissaro	sn5.5	sn5.5:4.2	unreviewed-verse
thanissaro	sn5.5	sn5.5:4.3	unreviewed-verse
thanissaro	sn5.5	sn5.5:4.4	unreviewed-verse
thanissaro	sn5.5	sn5.5:5.1	unreviewed-verse
thanissaro	sn5.5	sn5.5:5.2	unreviewed-verse
thanissaro	sn5.5	sn5.5:5.3	unreviewed-verse
thanissaro	sn5.5	sn5.5:5.4	unreviewed-verse
thanissaro	sn5.5	sn5.5:6.1	unreviewed-verse
thanissaro	sn5.5	sn5.5:6.2	unreviewed-verse
thanissaro	sn5.5	sn5.5:6.3	unreviewed-verse
thanissaro	sn5.5	sn5.5:6.4	unreviewed-verse
thanissaro	sn5.6	sn5.6:2.1	unreviewed-verse
thanissaro	sn5.6	sn5.6:2.2	unreviewed-verse
thanissaro	sn5.6	sn5.6:2.3	unreviewed-verse
thanissaro	sn5.6	sn5.6:2.4	unreviewed-verse
thanissaro	sn5.6	sn5.6:3.1	unreviewed-verse
thanissaro	sn5.6	sn5.6:3.2	unreviewed-verse
thanissaro	sn5.6	sn5.6:3.3	unreviewed-verse
thanissaro	sn5.6	sn5.6:3.4	unreviewed-verse
thanissaro	sn5.6	sn5.6:4.1	unreviewed-verse
thanissaro	sn5.6	sn5.6:4.2	unreviewed-verse
thanissaro	sn5.6	sn5.6:4.3	unreviewed-verse
thanissaro	sn5.6	sn5.6:4.4	unreviewed-verse
thanissaro	sn5.6	sn5.6:5.1	unreviewed-verse
thanissaro	sn5.6	sn5.6:5.2	unreviewed-verse
thanissaro	sn5.6	sn5.6:5.3	unreviewed-verse
thanissaro	sn5.6	sn5.6:5.4	unreviewed-verse
thanissaro	sn5.7	sn5.7:2.1	unreviewed-verse
thanissaro	sn5.7	sn5.7:2.2	unreviewed-verse
thanissaro	sn5.7	sn5.7:2.3	unreviewed-verse
thanissaro	sn5.7	sn5.7:2.4	unreviewed-verse
thanissaro	sn5.7	sn5.7:2.5	unreviewed-verse
thanissaro	sn5.7	sn5.7:2.6	unreviewed-verse
thanissaro	sn5.7	sn5.7:3.1	unreviewed-verse
thanissaro	sn5.7	sn5.7:3.2	unreviewed-verse
thanissaro	sn5.7	sn5.7:3.3	unreviewed-verse
thanissaro	sn5.7	sn5.7:3.4	unreviewed-verse
thanissaro	sn5.7	sn5.7:3.5	unreviewed-verse
thanissaro	sn5.7	sn5.7:3.6	unreviewed-verse
thanissaro	sn5.7	sn5.7:4.1	unreviewed-verse
thanissaro	sn5.7	sn5.7:4.2	unreviewed-verse
thanissaro	sn5.7	sn5.7:4.3	unreviewed-verse
thanissaro	sn5.7	sn5.7:4.4	unreviewed-verse
thanissaro	sn5.8	sn5.8:2.1	unreviewed-verse
thanissaro	sn5.8	sn5.8:2.2	unreviewed-verse
thanissaro	sn5.8	sn5.8:2.3	unreviewed-verse
thanissaro	sn5.8	sn5.8:2.4	unreviewed-verse
thanissaro	sn5.8	sn5.8:3.1	unreviewed-verse
thanissaro	sn5.8	sn5.8:3.2	unreviewed-verse
thanissaro	sn5.8	sn5.8:3.3	unreviewed-verse
thanissaro	sn5.8	sn5.8:3.4	unreviewed-verse
thanissaro	sn5.8	sn5.8:4.1	unreviewed-verse
thanissaro	sn5.8	sn5.8:4.2	unreviewed-verse
thanissaro	sn5.8	sn5.8:4.3	unreviewed-verse
thanissaro	sn5.8	sn5.8:4.4	unreviewed-verse
thanissaro	sn5.8	sn5.8:5.1	unreviewed-verse
thanissaro	sn5.8	sn5.8:5.2	unreviewed-verse
thanissaro	sn5.8	sn5.8:5.3	unreviewed-verse
thanissaro	sn5.8	sn5.8:5.4	unreviewed-verse
thanissaro	sn5.8	sn5.8:5.5	unreviewed-verse
thanissaro	sn5.8	sn5.8:5.6	unreviewed-verse
thanissaro	sn5.9	sn5.9:2.1	unreviewed-verse
thanissaro	sn5.9	sn5.9:2.2	unreviewed-verse
thanissaro	sn5.9	sn5.9:2.3	unreviewed-verse
thanissaro	sn5.9	sn5.9:2.4	unreviewed-verse
thanissaro	sn5.9	sn5.9:4.1	unreviewed-verse
thanissaro	sn5.9	sn5.9:4.2	unreviewed-verse
thanissaro	sn5.9	sn5.9:4.3	unreviewed-verse
thanissaro	sn5.9	sn5.9:4.4	unreviewed-verse
thanissaro	sn5.9	sn5.9:5.1	unreviewed-verse
thanissaro	sn5.9	sn5.9:5.2	unreviewed-verse
thanissaro	sn5.9	sn5.9:5.3	unreviewed-verse
thanissaro	sn5.9	sn5.9:5.4	unreviewed-verse
thanissaro	sn5.9	sn5.9:6.1	unreviewed-verse
thanissaro	sn5.9	sn5.9:6.2	unreviewed-verse
thanissaro	sn5.9	sn5.9:6.3	unreviewed-verse
thanissaro	sn5.9	sn5.9:6.4	unreviewed-verse
thanissaro	sn55.26	sn55.26:20.1	unreviewed-verse
thanissaro	sn55.26	sn55.26:20.2	unreviewed-verse
thanissaro	sn55.26	sn55.26:20.3	unreviewed-verse
thanissaro	sn55.26	sn55.26:20.4	unreviewed-verse
thanissaro	sn55.26	sn55.26:21.1	unreviewed-verse
thanissaro	sn55.26	sn55.26:21.2	unreviewed-verse
thanissaro	sn55.26	sn55.26:21.3	unreviewed-verse
thanissaro	sn55.26	sn55.26:21.4	unreviewed-verse
thanissaro	sn55.26	sn55.26:22.1	unreviewed-verse
thanissaro	sn55.26	sn55.26:22.2	unreviewed-verse
thanissaro	sn55.26	sn55.26:22.3	unreviewed-verse
thanissaro	sn55.26	sn55.26:22.4	unreviewed-verse
thanissaro	sn6.13	sn6.13:2.1	unreviewed-verse
thanissaro	sn6.13	sn6.13:2.2	unreviewed-verse
thanissaro	sn6.13	sn6.13:2.3	unreviewed-verse
thanissaro	sn6.13	sn6.13:2.4	unreviewed-verse
thanissaro	sn6.13	sn6.13:3.1	unreviewed-verse
thanissaro	sn6.13	sn6.13:3.2	unreviewed-verse
thanissaro	sn6.13	sn6.13:3.3	unreviewed-verse
thanissaro	sn6.13	sn6.13:3.4	unreviewed-verse
thanissaro	sn6.13	sn6.13:4.1	unreviewed-verse
thanissaro	sn6.13	sn6.13:4.2	unreviewed-verse
thanissaro	sn6.13	sn6.13:4.3	unreviewed-verse
thanissaro	sn6.13	sn6.13:4.4	unreviewed-verse
thanissaro	sn6.13	sn6.13:5.1	unreviewed-verse
thanissaro	sn6.13	sn6.13:5.2	unreviewed-verse
thanissaro	sn6.13	sn6.13:5.3	unreviewed-verse
thanissaro	sn6.13	sn6.13:5.4	unreviewed-verse
thanissaro	sn6.13	sn6.13:6.1	unreviewed-verse
thanissaro	sn6.13	sn6.13:6.2	unreviewed-verse
thanissaro	sn6.13	sn6.13:6.3	unreviewed-verse
thanissaro	sn6.13	sn6.13:6.4	unreviewed-verse
thanissaro	sn6.13	sn6.13:7.1	unreviewed-verse
thanissaro	sn6.13	sn6.13:7.2	unreviewed-verse
thanissaro	sn6.13	sn6.13:7.3	unreviewed-verse
thanissaro	sn6.13	sn6.13:7.4	unreviewed-verse
thanissaro	sn6.14	sn6.14:6.1	unreviewed-verse
thanissaro	sn6.14	sn6.14:6.2	unreviewed-verse
thanissaro	sn6.14	sn6.14:6.3	unreviewed-verse
thanissaro	sn6.14	sn6.14:6.4	unreviewed-verse
thanissaro	sn6.14	sn6.14:7.1	unreviewed-verse
thanissaro	sn6.14	sn6.14:7.2	unreviewed-verse
thanissaro	sn6.14	sn6.14:7.3	unreviewed-verse
thanissaro	sn6.14	sn6.14:7.4	unreviewed-verse
thanissaro	sn6.14	sn6.14:9.1	unreviewed-verse
thanissaro	sn6.14	sn6.14:9.2	unreviewed-verse
thanissaro	sn6.14	sn6.14:9.3	unreviewed-verse
thanissaro	sn6.14	sn6.14:9.4	unreviewed-verse
thanissaro	sn6.14	sn6.14:10.1	unreviewed-verse
thanissaro	sn6.14	sn6.14:10.2	unreviewed-verse
thanissaro	sn6.14	sn6.14:10.3	unreviewed-verse
thanissaro	sn6.14	sn6.14:10.4	unreviewed-verse
thanissaro	sn6.15	sn6.15:4.1	unreviewed-verse
thanissaro	sn6.15	sn6.15:4.2	unreviewed-verse
thanissaro	sn6.15	sn6.15:4.3	unreviewed-verse
thanissaro	sn6.15	sn6.15:4.4	unreviewed-verse
thanissaro	sn6.15	sn6.15:4.5	unreviewed-verse
thanissaro	sn6.15	sn6.15:4.6	unreviewed-verse
thanissaro	sn6.15	sn6.15:6.1	unreviewed-verse
thanissaro	sn6.15	sn6.15:6.2	unreviewed-verse
thanissaro	sn6.15	sn6.15:6.3	unreviewed-verse
thanissaro	sn6.15	sn6.15:6.4	unreviewed-verse
thanissaro	sn6.15	sn6.15:8.1	unreviewed-verse
thanissaro	sn6.15	sn6.15:8.2	unreviewed-verse
thanissaro	sn6.15	sn6.15:8.3	unreviewed-verse
thanissaro	sn6.15	sn6.15:8.4	unreviewed-verse
thanissaro	sn6.15	sn6.15:10.1	unreviewed-verse
thanissaro	sn6.15	sn6.15:10.2	unreviewed-verse
thanissaro	sn6.15	sn6.15:10.3	unreviewed-verse
thanissaro	sn6.15	sn6.15:10.4	unreviewed-verse
thanissaro	sn6.15	sn6.15:11.1	unreviewed-verse
thanissaro	sn6.15	sn6.15:11.2	unreviewed-verse
thanissaro	sn6.15	sn6.15:11.3	unreviewed-verse
thanissaro	sn6.15	sn6.15:11.4	unreviewed-verse
thanissaro	sn6.1	sn6.1:2.1	unreviewed-verse
thanissaro	sn6.1	sn6.1:2.2	unreviewed-verse
thanissaro	sn6.1	sn6.1:2.3	unreviewed-verse
thanissaro	sn6.1	sn6.1:2.4	unreviewed-verse
thanissaro	sn6.1	sn6.1:3.1	unreviewed-verse
thanissaro	sn6.1	sn6.1:3.2	unreviewed-verse
thanissaro	sn6.1	sn6.1:3.3	unreviewed-verse
thanissaro	sn6.1	sn6.1:3.4	unreviewed-verse
thanissaro	sn6.1	sn6.1:6.1	unreviewed-verse
thanissaro	sn6.1	sn6.1:6.2	unreviewed-verse
thanissaro	sn6.1	sn6.1:6.3	unreviewed-verse
thanissaro	sn6.1	sn6.1:6.4	unreviewed-verse
thanissaro	sn6.1	sn6.1:7.1	unreviewed-verse
thanissaro	sn6.1	sn6.1:7.2	unreviewed-verse
thanissaro	sn6.1	sn6.1:7.3	unreviewed-verse
thanissaro	sn6.1	sn6.1:7.4	unreviewed-verse
thanissaro	sn6.1	sn6.1:7.5	unreviewed-verse
thanissaro	sn6.1	sn6.1:7.6	unreviewed-verse
thanissaro	sn6.1	sn6.1:8.1	unreviewed-verse
thanissaro	sn6.1	sn6.1:8.2	unreviewed-verse
thanissaro	sn6.1	sn6.1:8.3	unreviewed-verse
thanissaro	sn6.1	sn6.1:8.4	unreviewed-verse
thanissaro	sn6.1	sn6.1:10.1	unreviewed-verse
thanissaro	sn6.1	sn6.1:10.2	unreviewed-verse
thanissaro	sn6.1	sn6.1:10.3	unreviewed-verse
thanissaro	sn6.1	sn6.1:10.4	unreviewed-verse
thanissaro	sn6.2	sn6.2:8.1	unreviewed-verse
thanissaro	sn6.2	sn6.2:8.2	unreviewed-verse
thanissaro	sn6.2	sn6.2:8.3	unreviewed-verse
thanissaro	sn6.2	sn6.2:8.4	unreviewed-verse
thanissaro	sn6.2	sn6.2:9.1	unreviewed-verse
thanissaro	sn6.2	sn6.2:9.2	unreviewed-verse
thanissaro	sn6.2	sn6.2:9.3	unreviewed-verse
thanissaro	sn6.2	sn6.2:9.4	unreviewed-verse
thanissaro	sn6.2	sn6.2:10.1	unreviewed-verse
thanissaro	sn6.2	sn6.2:10.2	unreviewed-verse
thanissaro	sn6.2	sn6.2:10.3	unreviewed-verse
thanissaro	sn6.2	sn6.2:10.4	unreviewed-verse
thanissaro	sn7.12	sn7.12:2.1	unreviewed-verse
thanissaro	sn7.12	sn7.12:2.2	unreviewed-verse
thanissaro	sn7.12	sn7.12:2.3	unreviewed-verse
thanissaro	sn7.12	sn7.12:2.4	unreviewed-verse
thanissaro	sn7.12	sn7.12:3.1	unreviewed-verse
thanissaro	sn7.12	sn7.12:3.2	unreviewed-verse
thanissaro	sn7.12	sn7.12:3.3	unreviewed-verse
thanissaro	sn7.12	sn7.12:3.4	unreviewed-verse
thanissaro	sn7.12	sn7.12:4.1	unreviewed-verse
thanissaro	sn7.12	sn7.12:4.2	unreviewed-verse
thanissaro	sn7.12	sn7.12:4.3	unreviewed-verse
thanissaro	sn7.12	sn7.12:4.4	unreviewed-verse
thanissaro	sn7.12	sn7.12:5.1	unreviewed-verse
thanissaro	sn7.12	sn7.12:5.2	unreviewed-verse
thanissaro	sn7.12	sn7.12:5.3	unreviewed-verse
thanissaro	sn7.12	sn7.12:5.4	unreviewed-verse
thanissaro	sn7.14	sn7.14:2.1	unreviewed-verse
thanissaro	sn7.14	sn7.14:2.2	unreviewed-verse
thanissaro	sn7.14	sn7.14:2.3	unreviewed-verse
thanissaro	sn7.14	sn7.14:2.4	unreviewed-verse
thanissaro	sn7.14	sn7.14:3.1	unreviewed-verse
thanissaro	sn7.14	sn7.14:3.2	unreviewed-verse
thanissaro	sn7.14	sn7.14:3.3	unreviewed-verse
thanissaro	sn7.14	sn7.14:3.4	unreviewed-verse
thanissaro	sn7.14	sn7.14:4.1	unreviewed-verse
thanissaro	sn7.14	sn7.14:4.2	unreviewed-verse
thanissaro	sn7.14	sn7.14:4.3	unreviewed-verse
thanissaro	sn7.14	sn7.14:4.4	unreviewed-verse
thanissaro	sn7.14	sn7.14:5.1	unreviewed-verse
thanissaro	sn7.14	sn7.14:5.2	unreviewed-verse
thanissaro	sn7.14	sn7.14:5.3	unreviewed-verse
thanissaro	sn7.14	sn7.14:5.4	unreviewed-verse
thanissaro	sn7.14	sn7.14:6.1	unreviewed-verse
thanissaro	sn7.14	sn7.14:6.2	unreviewed-verse
thanissaro	sn7.14	sn7.14:6.3	unreviewed-verse
thanissaro	sn7.14	sn7.14:6.4	unreviewed-verse
thanissaro	sn7.14	sn7.14:8.1	unreviewed-verse
thanissaro	sn7.14	sn7.14:8.2	unreviewed-verse
thanissaro	sn7.14	sn7.14:8.3	unreviewed-verse
thanissaro	sn7.14	sn7.14:8.4	unreviewed-verse
thanissaro	sn7.14	sn7.14:9.1	unreviewed-verse
thanissaro	sn7.14	sn7.14:9.2	unreviewed-verse
thanissaro	sn7.14	sn7.14:9.3	unreviewed-verse
thanissaro	sn7.14	sn7.14:9.4	unreviewed-verse
thanissaro	sn7.14	sn7.14:10.1	unreviewed-verse
thanissaro	sn7.14	sn7.14:10.2	unreviewed-verse
thanissaro	sn7.14	sn7.14:10.3	unreviewed-verse
thanissaro	sn7.14	sn7.14:10.4	unreviewed-verse
thanissaro	sn7.14	sn7.14:11.1	unreviewed-verse
thanissaro	sn7.14	sn7.14:11.2	unreviewed-verse
thanissaro	sn7.14	sn7.14:11.3	unreviewed-verse
thanissaro	sn7.14	sn7.14:11.4	unreviewed-verse
thanissaro	sn7.14	sn7.14:12.1	unreviewed-verse
thanissaro	sn7.14	sn7.14:12.2	unreviewed-verse
thanissaro	sn7.14	sn7.14:12.3	unreviewed-verse
thanissaro	sn7.14	sn7.14:12.4	unreviewed-verse
thanissaro	sn7.16	sn7.16:2.1	unreviewed-verse
thanissaro	sn7.16	sn7.16:2.2	unreviewed-verse
thanissaro	sn7.16	sn7.16:2.3	unreviewed-verse
thanissaro	sn7.16	sn7.16:2.4	unreviewed-verse
thanissaro	sn7.16	sn7.16:3.1	unreviewed-verse
thanissaro	sn7.16	sn7.16:3.2	unreviewed-verse
thanissaro	sn7.16	sn7.16:3.3	unreviewed-verse
thanissaro	sn7.16	sn7.16:3.4	unreviewed-verse
thanissaro	sn7.17	sn7.17:2.1	unreviewed-verse
thanissaro	sn7.17	sn7.17:2.2	unreviewed-verse
thanissaro	sn7.17	sn7.17:2.3	unreviewed-verse
thanissaro	sn7.17	sn7.17:2.4	unreviewed-verse
thanissaro	sn7.17	sn7.17:3.1	unreviewed-verse
thanissaro	sn7.17	sn7.17:3.2	unreviewed-verse
thanissaro	sn7.17	sn7.17:3.3	unreviewed-verse
thanissaro	sn7.17	sn7.17:3.4	unreviewed-verse
thanissaro	sn7.18	sn7.18:2.1	unreviewed-verse
thanissaro	sn7.18	sn7.18:2.2	unreviewed-verse
thanissaro	sn7.18	sn7.18:2.3	unreviewed-verse
thanissaro	sn7.18	sn7.18:2.4	unreviewed-verse
thanissaro	sn7.18	sn7.18:3.1	unreviewed-verse
thanissaro	sn7.18	sn7.18:3.2	unreviewed-verse
thanissaro	sn7.18	sn7.18:3.3	unreviewed-verse
thanissaro	sn7.18	sn7.18:3.4	unreviewed-verse
thanissaro	sn7.18	sn7.18:4.1	unreviewed-verse
thanissaro	sn7.18	sn7.18:4.2	unreviewed-verse
thanissaro	sn7.18	sn7.18:4.3	unreviewed-verse
thanissaro	sn7.18	sn7.18:4.4	unreviewed-verse
thanissaro	sn7.18	sn7.18:5.1	unreviewed-verse
thanissaro	sn7.18	sn7.18:5.2	unreviewed-verse
thanissaro	sn7.18	sn7.18:5.3	unreviewed-verse
thanissaro	sn7.18	sn7.18:5.4	unreviewed-verse
thanissaro	sn7.18	sn7.18:6.1	unreviewed-verse
thanissaro	sn7.18	sn7.18:6.2	unreviewed-verse
thanissaro	sn7.18	sn7.18:6.3	unreviewed-verse
thanissaro	sn7.18	sn7.18:6.4	unreviewed-verse
thanissaro	sn7.2	sn7.2:4.1	unreviewed-verse
thanissaro	sn7.2	sn7.2:4.2	unreviewed-verse
thanissaro	sn7.2	sn7.2:4.3	unreviewed-verse
thanissaro	sn7.2	sn7.2:4.4	unreviewed-verse
thanissaro	sn7.2	sn7.2:5.1	unreviewed-verse
thanissaro	sn7.2	sn7.2:5.2	unreviewed-verse
thanissaro	sn7.2	sn7.2:5.3	unreviewed-verse
thanissaro	sn7.2	sn7.2:5.4	unreviewed-verse
thanissaro	sn7.2	sn7.2:6.1	unreviewed-verse
thanissaro	sn7.2	sn7.2:6.2	unreviewed-verse
thanissaro	sn7.2	sn7.2:6.3	unreviewed-verse
thanissaro	sn7.2	sn7.2:7.1	unreviewed-verse
thanissaro	sn7.6	sn7.6:2.1	unreviewed-verse
thanissaro	sn7.6	sn7.6:2.2	unreviewed-verse
thanissaro	sn7.6	sn7.6:2.3	unreviewed-verse
thanissaro	sn7.6	sn7.6:2.4	unreviewed-verse
thanissaro	sn7.6	sn7.6:3.1	unreviewed-verse
thanissaro	sn7.6	sn7.6:3.2	unreviewed-verse
thanissaro	sn7.6	sn7.6:3.3	unreviewed-verse
thanissaro	sn7.6	sn7.6:3.4	unreviewed-verse
thanissaro	sn7.6	sn7.6:4.1	unreviewed-verse
thanissaro	sn7.6	sn7.6:4.2	unreviewed-verse
thanissaro	sn7.6	sn7.6:4.3	unreviewed-verse
thanissaro	sn7.6	sn7.6:4.4	unreviewed-verse
thanissaro	sn7.6	sn7.6:5.1	unreviewed-verse
thanissaro	sn7.6	sn7.6:5.2	unreviewed-verse
thanissaro	sn7.6	sn7.6:5.3	unreviewed-verse
thanissaro	sn7.6	sn7.6:5.4	unreviewed-verse
thanissaro	sn8.4	sn8.4:2.1	unreviewed-verse
thanissaro	sn8.4	sn8.4:2.2	unreviewed-verse
thanissaro	sn8.4	sn8.4:2.3	unreviewed-verse
thanissaro	sn8.4	sn8.4:2.4	unreviewed-verse
thanissaro	sn8.4	sn8.4:3.1	unreviewed-verse
thanissaro	sn8.4	sn8.4:3.2	unreviewed-verse
thanissaro	sn8.4	sn8.4:3.3	unreviewed-verse
thanissaro	sn8.4	sn8.4:3.4	unreviewed-verse
thanissaro	sn8.4	sn8.4:4.1	unreviewed-verse
thanissaro	sn8.4	sn8.4:4.2	unreviewed-verse
thanissaro	sn8.4	sn8.4:4.3	unreviewed-verse
thanissaro	sn8.4	sn8.4:4.4	unreviewed-verse
thanissaro	sn8.4	sn8.4:5.1	unreviewed-verse
thanissaro	sn8.4	sn8.4:5.2	unreviewed-verse
thanissaro	sn8.4	sn8.4:5.3	unreviewed-verse
thanissaro	sn8.4	sn8.4:5.4	unreviewed-verse
thanissaro	sn8.4	sn8.4:6.1	unreviewed-verse
thanissaro	sn8.4	sn8.4:6.2	unreviewed-verse
thanissaro	sn8.4	sn8.4:6.3	unreviewed-verse
thanissaro	sn8.4	sn8.4:6.4	unreviewed-verse
thanissaro	sn9.11	sn9.11:2.1	unreviewed-verse
thanissaro	sn9.11	sn9.11:2.2	unreviewed-verse
thanissaro	sn9.11	sn9.11:2.3	unreviewed-verse
thanissaro	sn9.11	sn9.11:2.4	unreviewed-verse
thanissaro	sn9.11	sn9.11:3.1	unreviewed-verse
thanissaro	sn9.11	sn9.11:3.2	unreviewed-verse
thanissaro	sn9.11	sn9.11:3.3	unreviewed-verse
thanissaro	sn9.11	sn9.11:3.4	unreviewed-verse
thanissaro	sn9.11	sn9.11:3.5	unreviewed-verse
thanissaro	sn9.11	sn9.11:3.6	unreviewed-verse
thanissaro	sn9.14	sn9.14:2.1	unreviewed-verse
thanissaro	sn9.14	sn9.14:2.2	unreviewed-verse
thanissaro	sn9.14	sn9.14:2.3	unreviewed-verse
thanissaro	sn9.14	sn9.14:2.4	unreviewed-verse
thanissaro	sn9.14	sn9.14:3.1	unreviewed-verse
thanissaro	sn9.14	sn9.14:3.2	unreviewed-verse
thanissaro	sn9.14	sn9.14:3.3	unreviewed-verse
thanissaro	sn9.14	sn9.14:3.4	unreviewed-verse
thanissaro	sn9.14	sn9.14:4.1	unreviewed-verse
thanissaro	sn9.14	sn9.14:4.2	unreviewed-verse
thanissaro	sn9.14	sn9.14:4.3	unreviewed-verse
thanissaro	sn9.14	sn9.14:4.4	unreviewed-verse
thanissaro	sn9.14	sn9.14:5.1	unreviewed-verse
thanissaro	sn9.14	sn9.14:5.2	unreviewed-verse
thanissaro	sn9.14	sn9.14:5.3	unreviewed-verse
thanissaro	sn9.14	sn9.14:5.4	unreviewed-verse
thanissaro	sn9.14	sn9.14:6.1	unreviewed-verse
thanissaro	sn9.14	sn9.14:6.2	unreviewed-verse
thanissaro	sn9.14	sn9.14:6.3	unreviewed-verse
thanissaro	sn9.14	sn9.14:6.4	unreviewed-verse
thanissaro	sn9.14	sn9.14:7.1	unreviewed-verse
thanissaro	sn9.14	sn9.14:7.2	unreviewed-verse
thanissaro	sn9.14	sn9.14:7.3	unreviewed-verse
thanissaro	sn9.14	sn9.14:7.4	unreviewed-verse
thanissaro	sn9.14	sn9.14:8.1	unreviewed-verse
thanissaro	sn9.14	sn9.14:8.2	unreviewed-verse
thanissaro	sn9.14	sn9.14:8.3	unreviewed-verse
thanissaro	sn9.14	sn9.14:8.4	unreviewed-verse
thanissaro	sn9.1	sn9.1:2.1	unreviewed-verse
thanissaro	sn9.1	sn9.1:2.2	unreviewed-verse
thanissaro	sn9.1	sn9.1:2.3	unreviewed-verse
thanissaro	sn9.1	sn9.1:2.4	unreviewed-verse
thanissaro	sn9.1	sn9.1:3.1	unreviewed-verse
thanissaro	sn9.1	sn9.1:3.2	unreviewed-verse
thanissaro	sn9.1	sn9.1:3.3	unreviewed-verse
thanissaro	sn9.1	sn9.1:3.4	unreviewed-verse
thanissaro	sn9.1	sn9.1:4.1	unreviewed-verse
thanissaro	sn9.1	sn9.1:4.2	unreviewed-verse
thanissaro	sn9.1	sn9.1:4.3	unreviewed-verse
thanissaro	sn9.1	sn9.1:4.4	unreviewed-verse
thanissaro	sn9.3	sn9.3:2.1	unreviewed-verse
thanissaro	sn9.3	sn9.3:2.2	unreviewed-verse
thanissaro	sn9.3	sn9.3:2.3	unreviewed-verse
thanissaro	sn9.3	sn9.3:2.4	unreviewed-verse
thanissaro	sn9.3	sn9.3:3.1	unreviewed-verse
thanissaro	sn9.3	sn9.3:3.2	unreviewed-verse
thanissaro	sn9.3	sn9.3:3.3	unreviewed-verse
thanissaro	sn9.3	sn9.3:3.4	unreviewed-verse
thanissaro	sn9.3	sn9.3:4.1	unreviewed-verse
thanissaro	sn9.3	sn9.3:4.2	unreviewed-verse
thanissaro	sn9.3	sn9.3:4.3	unreviewed-verse
thanissaro	sn9.3	sn9.3:4.4	unreviewed-verse
thanissaro	sn9.4	sn9.4:2.1	unreviewed-verse
thanissaro	sn9.4	sn9.4:2.2	unreviewed-verse
thanissaro	sn9.4	sn9.4:2.3	unreviewed-verse
thanissaro	sn9.4	sn9.4:2.4	unreviewed-verse
thanissaro	sn9.4	sn9.4:4.1	unreviewed-verse
thanissaro	sn9.4	sn9.4:4.2	unreviewed-verse
thanissaro	sn9.4	sn9.4:4.3	unreviewed-verse
thanissaro	sn9.4	sn9.4:4.4	unreviewed-verse
thanissaro	sn9.5	sn9.5:2.1	unreviewed-verse
thanissaro	sn9.5	sn9.5:2.2	unreviewed-verse
thanissaro	sn9.5	sn9.5:2.3	unreviewed-verse
thanissaro	sn9.5	sn9.5:2.4	unreviewed-verse
thanissaro	sn9.6	sn9.6:2.1	unreviewed-verse
thanissaro	sn9.6	sn9.6:2.2	unreviewed-verse
thanissaro	sn9.6	sn9.6:2.3	unreviewed-verse
thanissaro	sn9.6	sn9.6:2.4	unreviewed-verse
thanissaro	sn9.6	sn9.6:2.5	unreviewed-verse
thanissaro	sn9.6	sn9.6:2.6	unreviewed-verse
thanissaro	sn9.6	sn9.6:3.1	unreviewed-verse
thanissaro	sn9.6	sn9.6:3.2	unreviewed-verse
thanissaro	sn9.6	sn9.6:3.3	unreviewed-verse
thanissaro	sn9.6	sn9.6:3.4	unreviewed-verse
thanissaro	sn9.6	sn9.6:4.1	unreviewed-verse
thanissaro	sn9.6	sn9.6:4.2	unreviewed-verse
thanissaro	sn9.6	sn9.6:4.3	unreviewed-verse
thanissaro	sn9.6	sn9.6:4.4	unreviewed-verse
thanissaro	sn9.6	sn9.6:5.1	unreviewed-verse
thanissaro	sn9.6	sn9.6:5.2	unreviewed-verse
thanissaro	sn9.6	sn9.6:5.3	unreviewed-verse
thanissaro	sn9.6	sn9.6:5.4	unreviewed-verse
thanissaro	sn9.6	sn9.6:5.5	unreviewed-verse
thanissaro	sn9.6	sn9.6:5.6	unreviewed-verse
thanissaro	sn9.6	sn9.6:6.1	unreviewed-verse
thanissaro	sn9.6	sn9.6:6.2	unreviewed-verse
thanissaro	sn9.6	sn9.6:6.3	unreviewed-verse
thanissaro	sn9.6	sn9.6:6.4	unreviewed-verse
thanissaro	sn9.9	sn9.9:2.1	unreviewed-verse
thanissaro	sn9.9	sn9.9:2.2	unreviewed-verse
thanissaro	sn9.9	sn9.9:2.3	unreviewed-verse
thanissaro	sn9.9	sn9.9:2.4	unreviewed-verse
thanissaro	sn9.9	sn9.9:4.1	unreviewed-verse
thanissaro	sn9.9	sn9.9:4.2	unreviewed-verse
thanissaro	sn9.9	sn9.9:4.3	unreviewed-verse
thanissaro	sn9.9	sn9.9:4.4	unreviewed-verse
